{
  "_id": "6424398d5cfe1e0960bf6ef2",
  "command": "",
  "template": "{% set interfaceName = getResponse.response.results[0].name %}\n{% set description = getResponse.response.results[0].description %}\n{% set deviceName = getResponse.response.results[0].device.name %}\n{% set mtu = orderModel.serviceOrder.serviceOrderItem[0].service.serviceCharacteristic[name==mtu].value %}\n{% set serviceSpecificationName = orderModel.serviceOrder.serviceOrderItem[0].service.serviceSpecification.name %}\n\n\n\n{%- set deviceId = getResponse.response.results[0].device.id %}\n{% set deviceName = getResponse.response.results[0].device.name %}\n{% set display = getResponse.response.results[0].display %}\n{% set id = getResponse.response.results[0].id %}\n{% set url = getResponse.response.results[0].url %}\n{% set vdcs = getResponse.response.results[0].vdcs %}\n\n\n{%- set customFields = [\n    {\n        \"custom_fields\": {\n            \"status\": \"reserved\",\n            \"service_name\": serviceSpecificationName,\n            \"service_type\": \"port-type-a\"\n        },\n        \"device\": {\n            \"id\": deviceId,\n            \"name\": deviceName\n        },\n        \"display\": display,\n        \"id\": id,\n        \"url\": url,\n        \"vdcs\": vdcs\n    }\n] %}\n\n\n{%- set inventory = {\n    \"autoNegotiate\": false,\n    \"interfaceDescription\": description,\n    \"interfaceName\": interfaceName,\n    \"mtu\": mtu|int,\n    \"deviceName\": deviceName,\n    \"custom_fields\": customFields\n} %}\n\n{%- set _ = orderModel.update({\"inventory\": inventory}) %}\n\n\n\n\n{%- set output = {} %}\n{% set _= output.update({\"orderModel\":orderModel})%}\n\n{{output|tojson(indent=2)}}\n",
  "type": "jinja2",
  "name": "netboxOrderModelInterfacePayload",
  "tags": [],
  "version": 1,
  "created": "2023-03-30T17:37:41.577Z",
  "lastUpdated": "2023-03-31T09:05:39.092Z",
  "data": "{\n    \"orderModel\": {\n    \"serviceOrder\": {\n        \"description\": \"Port order details\",\n        \"externalId\": \"00019577_FR0007145\",\n        \"category\": \"global.fabricport\",\n        \"notificationContact\": \"VlocityDigico\",\n        \"@type\": \"ServiceOrder\",\n        \"serviceOrderItem\": [\n            {\n                \"id\": \"a2A3H0000003na6UAA\",\n                \"action\": \"add\",\n                \"@type\": \"ServiceOrderItem\",\n                \"service\": {\n                    \"place\": [\n                        {\n                            \"id\": \"amh-eu\",\n                            \"name\": \"Amsterdam Hempoint\",\n                            \"role\": \"soe_site_id\",\n                            \"@type\": \"RelatedPlaceRefOrValue\"\n                        }\n                    ],\n                    \"category\": \"CFS\",\n                    \"name\": \"Network Port Connectivity\",\n                    \"description\": \"Network Port Connectivity Service\",\n                    \"serviceType\": \"network-port\",\n                    \"@type\": \"Service\",\n                    \"serviceCharacteristic\": [\n                        {\n                            \"name\": \"port-type\",\n                            \"valueType\": \"string\",\n                            \"value\": \"port-only\"\n                        },\n                        {\n                            \"name\": \"port-speed\",\n                            \"valueType\": \"string\",\n                            \"value\": \"25000\"\n                        },\n                        {\n                            \"name\": \"mtu\",\n                            \"valueType\": \"string\",\n                            \"value\": \"1500\"\n                        }\n                    ],\n                    \"serviceSpecification\": {\n                        \"id\": \"a2dd095e-d580-46ca-8645-1d08161d7caf\",\n                        \"name\": \"network-port\"\n                    }\n                }\n            }\n        ]\n    }\n},\n\"getResponse\":\n{\n      \"icode\": \"AD.200\",\n      \"response\": {\n        \"count\": 1,\n        \"next\": null,\n        \"previous\": null,\n        \"results\": [\n          {\n            \"id\": 15,\n            \"url\": \"http://172.20.102.120:8000/api/dcim/interfaces/15/\",\n            \"display\": \"FourHundredGigE0/0/0/4\",\n            \"device\": {\n              \"id\": 3,\n              \"url\": \"http://172.20.102.120:8000/api/dcim/devices/3/\",\n              \"display\": \"PE1\",\n              \"name\": \"PE1\"\n            },\n            \"vdcs\": [],\n            \"module\": null,\n            \"name\": \"FourHundredGigE0/0/0/4\",\n            \"label\": \"\",\n            \"type\": {\n              \"value\": \"100base-fx\",\n              \"label\": \"100BASE-FX (10/100ME FIBER)\"\n            },\n            \"enabled\": true,\n            \"parent\": null,\n            \"bridge\": null,\n            \"lag\": null,\n            \"mtu\": null,\n            \"mac_address\": null,\n            \"speed\": 25000,\n            \"duplex\": null,\n            \"wwn\": null,\n            \"mgmt_only\": false,\n            \"description\": \"\",\n            \"mode\": null,\n            \"rf_role\": null,\n            \"rf_channel\": null,\n            \"poe_mode\": null,\n            \"poe_type\": null,\n            \"rf_channel_frequency\": null,\n            \"rf_channel_width\": null,\n            \"tx_power\": null,\n            \"untagged_vlan\": null,\n            \"tagged_vlans\": [],\n            \"mark_connected\": false,\n            \"cable\": null,\n            \"cable_end\": \"\",\n            \"wireless_link\": null,\n            \"link_peers\": [],\n            \"link_peers_type\": null,\n            \"wireless_lans\": [],\n            \"vrf\": null,\n            \"l2vpn_termination\": null,\n            \"connected_endpoints\": null,\n            \"connected_endpoints_type\": null,\n            \"connected_endpoints_reachable\": null,\n            \"tags\": [],\n            \"custom_fields\": {\n              \"interface_type\": \"port-only\",\n              \"service\": null,\n              \"service_type\": null,\n              \"status\": \"available\"\n            },\n            \"created\": \"2023-03-24T12:32:14.673192Z\",\n            \"last_updated\": \"2023-03-28T14:02:09.702376Z\",\n            \"count_ipaddresses\": 0,\n            \"count_fhrp_groups\": 0,\n            \"_occupied\": false\n          }\n        ]\n      },\n      \"headers\": {\n        \"content-type\": \"application/json\",\n        \"vary\": \"Accept, Cookie, Origin\",\n        \"allow\": \"GET, POST, PUT, PATCH, DELETE, HEAD, OPTIONS, TRACE\",\n        \"api-version\": \"3.4\",\n        \"x-content-type-options\": \"nosniff\",\n        \"referrer-policy\": \"same-origin\",\n        \"cross-origin-opener-policy\": \"same-origin\",\n        \"x-frame-options\": \"SAMEORIGIN\",\n        \"content-length\": \"1256\",\n        \"server\": \"Unit/1.29.1\",\n        \"date\": \"Tue, 28 Mar 2023 14:02:19 GMT\",\n        \"connection\": \"close\"\n      },\n      \"metrics\": {\n        \"code\": 200,\n        \"timeouts\": 0,\n        \"redirects\": 0,\n        \"retries\": 0,\n        \"tripTime\": 160,\n        \"isThrottling\": false,\n        \"capabilityTime\": \"377ms\"\n      }\n    }\n}",
  "group": "netbox",
  "description": "",
  "createdBy": null,
  "lastUpdatedBy": null
}