{
  "_id": "64254b5955eaa95725b82e19",
  "command": "",
  "created": "2023-03-31T17:33:50.395Z",
  "lastUpdated": "2023-03-31T17:33:50.395Z",
  "name": "PTA_result_kafka_description",
  "tags": [],
  "template": "{% set myResult={ \"status\":status, \"reason\": reason, \"success\": success or \"\"} %}\n{% set description= \"this is test description\" %}\n{% set kmsg={} %}\n{% set kmsg=orderModel.serviceOrder.serviceOrderItem.0.service %}\n{% set _=kmsg.update( {\"summary\" : description }) %}\n{% set kafkaPayload=    [{ \"topic\": \"ServiceNotification\", \"messages\": [{ \"value\": kmsg }]}] %}\n\n\n{%- set myOutput={ \"description\": description, \"result\": myResult, \"kafkaPayload\": kafkaPayload } %}\n{{myOutput|tojson(indent=2)}}",
  "type": "jinja2",
  "version": 1,
  "data": "{\r\n  \"orderModel\": {\r\n    \"inventory\": {\r\n      \"autoNegotiate\": false,\r\n      \"custom_fields\": [\r\n        {\r\n          \"custom_fields\": {\r\n            \"service_name\": \"network-port\",\r\n            \"service_type\": \"port-type-a\",\r\n            \"status\": \"reserved\"\r\n          },\r\n          \"device\": {\r\n            \"id\": 1,\r\n            \"name\": \"edge1-mel4-au\"\r\n          },\r\n          \"display\": \"TenGigE0/0/0/10\",\r\n          \"id\": 6,\r\n          \"url\": \"http://10.2.80.132:31243/api/dcim/interfaces/6/\",\r\n          \"vdcs\": []\r\n        }\r\n      ],\r\n      \"deviceName\": \"edge1-mel4-au\",\r\n      \"interfaceDescription\": \"\",\r\n      \"interfaceName\": \"TenGigE0/0/0/10\",\r\n      \"mtu\": 1000,\r\n      \"newService\": {\r\n        \"id\": 7,\r\n        \"tags\": [],\r\n        \"custom_fields\": {\r\n          \"service_status\": null\r\n        },\r\n        \"display\": \"Network Port Connectivity\",\r\n        \"url\": \"http://10.2.80.132:31243/api/plugins/service-pools/custom-service/7/\",\r\n        \"created\": \"2023-03-31T17:28:50.791844Z\",\r\n        \"last_updated\": \"2023-03-31T17:28:50.791864Z\",\r\n        \"custom_field_data\": {\r\n          \"service_status\": null\r\n        },\r\n        \"uuid\": \"81b4970c-ce59-11ed-afa1-0242ac120006\",\r\n        \"name\": \"Network Port Connectivity\",\r\n        \"service_type\": \"PORT A\",\r\n        \"description\": null,\r\n        \"category\": null,\r\n        \"tmf638_payload\": {\r\n          \"category\": \"CFS\",\r\n          \"description\": \"Network Port Connectivity Service\",\r\n          \"id\": \"a2dd095e-d580-46ca-8645-1d08161d7cab\",\r\n          \"name\": \"network-port\",\r\n          \"relatedParty\": [\r\n            {\r\n              \"@referredType\": \"Order Manager\",\r\n              \"@type\": \"Order Manager\",\r\n              \"id\": \"rsandoval@00d3z000000fmpweam\",\r\n              \"name\": \"\",\r\n              \"role\": \"Order Manager\"\r\n            }\r\n          ],\r\n          \"serviceCharacteristic\": [\r\n            {\r\n              \"name\": \"port-type\",\r\n              \"value\": \"port-only\",\r\n              \"valueType\": \"string\"\r\n            },\r\n            {\r\n              \"name\": \"port-speed\",\r\n              \"value\": \"1000\",\r\n              \"valueType\": \"string\"\r\n            },\r\n            {\r\n              \"name\": \"mtu\",\r\n              \"value\": \"1500\",\r\n              \"valueType\": \"string\"\r\n            }\r\n          ],\r\n          \"serviceSpecification\": {\r\n            \"id\": \"81b4970c-ce59-11ed-afa1-0242ac120006\"\r\n          },\r\n          \"serviceType\": \"network-port\",\r\n          \"state\": \"Active\"\r\n        }\r\n      },\r\n      \"newServiceOrder\": {\r\n        \"id\": 7,\r\n        \"tags\": [],\r\n        \"custom_fields\": {},\r\n        \"display\": \"81b4970c-ce59-11ed-afa1-0242ac120006\",\r\n        \"url\": \"http://10.2.80.132:31243/api/plugins/service-pools/service-order/7/\",\r\n        \"created\": \"2023-03-31T17:28:51.014244Z\",\r\n        \"last_updated\": \"2023-03-31T17:28:51.014263Z\",\r\n        \"custom_field_data\": {},\r\n        \"uuid\": \"81b4970c-ce59-11ed-afa1-0242ac120006\",\r\n        \"name\": \"Network Port Connectivity\",\r\n        \"state\": \"open\",\r\n        \"description\": \"Port order details\",\r\n        \"category\": \"global.fabricport\",\r\n        \"external_id\": \"00019577_FR0007145\",\r\n        \"tmf641_payload\": {\r\n          \"@type\": \"ServiceOrder\",\r\n          \"category\": \"global.fabricport\",\r\n          \"description\": \"Port order details\",\r\n          \"externalId\": \"00019577_FR0007145\",\r\n          \"notificationContact\": \"VlocityDigico\",\r\n          \"serviceOrderItem\": [\r\n            {\r\n              \"@type\": \"ServiceOrderItem\",\r\n              \"action\": \"add\",\r\n              \"id\": \"81b4970c-ce59-11ed-afa1-0242ac120006\",\r\n              \"service\": {\r\n                \"@type\": \"Service\",\r\n                \"category\": \"CFS\",\r\n                \"description\": \"Network Port Connectivity Service\",\r\n                \"name\": \"Network Port Connectivity\",\r\n                \"place\": [\r\n                  {\r\n                    \"@type\": \"RelatedPlaceRefOrValue\",\r\n                    \"id\": \"amh-eu\",\r\n                    \"name\": \"Amsterdam Hempoint\",\r\n                    \"role\": \"soe_site_id\"\r\n                  }\r\n                ],\r\n                \"serviceCharacteristic\": [\r\n                  {\r\n                    \"name\": \"port-type\",\r\n                    \"value\": \"port-only\",\r\n                    \"valueType\": \"string\"\r\n                  },\r\n                  {\r\n                    \"name\": \"port-speed\",\r\n                    \"value\": \"1000\",\r\n                    \"valueType\": \"string\"\r\n                  },\r\n                  {\r\n                    \"name\": \"mtu\",\r\n                    \"value\": \"1500\",\r\n                    \"valueType\": \"string\"\r\n                  }\r\n                ],\r\n                \"serviceSpecification\": {\r\n                  \"id\": \"a2dd095e-d580-46ca-8645-1d08161d7cab\",\r\n                  \"name\": \"network-port\"\r\n                },\r\n                \"serviceType\": \"network-port\"\r\n              }\r\n            }\r\n          ]\r\n        },\r\n        \"service_name\": null\r\n      }\r\n    },\r\n    \"serviceOrder\": {\r\n      \"@type\": \"ServiceOrder\",\r\n      \"category\": \"global.fabricport\",\r\n      \"description\": \"Port order details\",\r\n      \"externalId\": \"00019577_FR0007145\",\r\n      \"notificationContact\": \"VlocityDigico\",\r\n      \"serviceOrderItem\": [\r\n        {\r\n          \"@type\": \"ServiceOrderItem\",\r\n          \"action\": \"add\",\r\n          \"id\": \"81b4970c-ce59-11ed-afa1-0242ac120006\",\r\n          \"service\": {\r\n            \"@type\": \"Service\",\r\n            \"category\": \"CFS\",\r\n            \"description\": \"Network Port Connectivity Service\",\r\n            \"name\": \"Network Port Connectivity\",\r\n            \"place\": [\r\n              {\r\n                \"@type\": \"RelatedPlaceRefOrValue\",\r\n                \"id\": \"amh-eu\",\r\n                \"name\": \"Amsterdam Hempoint\",\r\n                \"role\": \"soe_site_id\"\r\n              }\r\n            ],\r\n            \"serviceCharacteristic\": [\r\n              {\r\n                \"name\": \"port-type\",\r\n                \"value\": \"port-only\",\r\n                \"valueType\": \"string\"\r\n              },\r\n              {\r\n                \"name\": \"port-speed\",\r\n                \"value\": \"1000\",\r\n                \"valueType\": \"string\"\r\n              },\r\n              {\r\n                \"name\": \"mtu\",\r\n                \"value\": \"1500\",\r\n                \"valueType\": \"string\"\r\n              }\r\n            ],\r\n            \"serviceSpecification\": {\r\n              \"id\": \"a2dd095e-d580-46ca-8645-1d08161d7cab\",\r\n              \"name\": \"network-port\"\r\n            },\r\n            \"serviceType\": \"network-port\"\r\n          }\r\n        }\r\n      ]\r\n    }\r\n  },\r\n  \"status\": \"failed\",\r\n  \"reason\": {\r\n    \"icode\": \"AD.500\",\r\n    \"IAPerror\": {\r\n      \"origin\": \"AGtGNMI-connectorRest-handleEndResponse\",\r\n      \"displayString\": \"Error 503 received on request\",\r\n      \"recommendation\": \"Verify the request is accurate via debug logs and postman\",\r\n      \"code\": 503,\r\n      \"raw_response\": {\r\n        \"status\": \"success\",\r\n        \"code\": 503,\r\n        \"headers\": {\r\n          \"server\": \"gunicorn\",\r\n          \"date\": \"Fri, 31 Mar 2023 17:28:54 GMT\",\r\n          \"connection\": \"close\",\r\n          \"content-type\": \"application/problem+json\",\r\n          \"content-length\": \"145\",\r\n          \"last-modified\": \"2023-03-31 17:28:54.412339\",\r\n          \"cache-control\": \"no-store, no-cache, must-revalidate, post-check=0, pre-check=0, max-age=0\",\r\n          \"pragma\": \"no-cache\",\r\n          \"expires\": \"-1\",\r\n          \"x-frame-options\": \"DENY\",\r\n          \"x-xss-protection\": \"1\",\r\n          \"x-content-type-options\": \"nosniff\"\r\n        },\r\n        \"response\": \"{\\n  \\\"detail\\\": \\\"gRPC client raised a connection or timeout error. \\\",\\n  \\\"status\\\": 503,\\n  \\\"title\\\": \\\"Service Unavailable\\\",\\n  \\\"type\\\": \\\"about:blank\\\"\\n}\\n\",\r\n        \"redirects\": 0,\r\n        \"tripTime\": \"10029ms\",\r\n        \"reqHdr\": {\r\n          \"Content-Type\": \"application/json\",\r\n          \"Accept\": \"application/json\",\r\n          \"Content-length\": 104,\r\n          \"Authorization\": \"OTk3NS42OTg4MTI2ODkwMzc=\"\r\n        }\r\n      }\r\n    },\r\n    \"metrics\": {\r\n      \"code\": 503,\r\n      \"timeouts\": 0,\r\n      \"redirects\": 0,\r\n      \"retries\": 0,\r\n      \"tripTime\": 10029,\r\n      \"isThrottling\": false,\r\n      \"capabilityTime\": \"10133ms\"\r\n    },\r\n    \"response\": {\r\n      \"detail\": \"gRPC client raised a connection or timeout error. \",\r\n      \"status\": 503,\r\n      \"title\": \"Service Unavailable\",\r\n      \"type\": \"about:blank\"\r\n    }\r\n  },\r\n  \"success\": false\r\n}",
  "group": "UseCase2_DeviceOnboarding",
  "description": "",
  "createdBy": {
    "_id": "641899a31fb91e152a2fbe16",
    "provenance": "local_aaa",
    "username": "admin@pronghorn",
    "firstname": "admin",
    "inactive": false
  },
  "lastUpdatedBy": {
    "_id": "641899a31fb91e152a2fbe16",
    "provenance": "local_aaa",
    "username": "admin@pronghorn",
    "firstname": "admin",
    "inactive": false
  }
}