{
  "_id": "6425e428131b4477aa63bc25",
  "command": "",
  "created": "2023-03-30T19:51:10.386Z",
  "lastUpdated": "2023-03-31T09:05:39.095Z",
  "name": "PTA_tmfPayload",
  "tags": [],
  "template": "{% set output = {} %}\n\n{% set tmf638 = {\n  \"id\": serviceOrder.serviceOrderItem[0].service.serviceSpecification.id,\n  \"serviceType\": serviceOrder.serviceOrderItem[0].service.serviceType,\n  \"name\": serviceOrder.serviceOrderItem[0].service.serviceSpecification.name,\n  \"description\": serviceOrder.serviceOrderItem[0].service.description,\n  \"state\": \"Active\",\n  \"category\": serviceOrder.serviceOrderItem[0].service.category,\n  \"serviceSpecification\": {\n      \"id\": serviceOrder.serviceOrderItem[0].id\n  },\n  \"serviceCharacteristic\": serviceOrder.serviceOrderItem[0].service.serviceCharacteristic,\n  \"relatedParty\": [\n      {\n          \"role\": \"Order Manager\",\n          \"name\": \"\",\n          \"id\": \"rsandoval@00d3z000000fmpweam\",\n          \"@type\": \"Order Manager\",\n          \"@referredType\": \"Order Manager\"\n      }\n  ]\n} %}\n{% set serviceOder = serviceOrder %}\n{% set tmf641 = serviceOrder %}\n{% set _= output.update({\"tmf641\":tmf641}) %}\n{% set _= output.update({\"tmf638\":tmf638}) %}\n\n\n{{output|tojson(indent=2)}}",
  "type": "jinja2",
  "version": 1,
  "data": "{\n  \"inventory\": {\n    \"autoNegotiate\": false,\n    \"custom_fields\": [\n      {\n        \"custom_fields\": {\n          \"status\": \"reserved\"\n        },\n        \"device\": {\n          \"id\": 3,\n          \"name\": \"PE1\"\n        },\n        \"display\": \"FourHundredGigE0/0/0/4\",\n        \"id\": 15,\n        \"url\": \"http://172.20.102.120:8000/api/dcim/interfaces/15/\",\n        \"vdcs\": []\n      }\n    ],\n    \"deviceName\": \"PE1\",\n    \"interfaceDescription\": \"\",\n    \"interfaceName\": \"FourHundredGigE0/0/0/4\",\n    \"mtu\": 25000\n  },\n  \"serviceOrder\": {\n    \"@type\": \"ServiceOrder\",\n    \"category\": \"global.fabricport\",\n    \"description\": \"Port order details\",\n    \"externalId\": \"00019577_FR0007145\",\n    \"notificationContact\": \"VlocityDigico\",\n    \"serviceOrderItem\": [\n      {\n        \"@type\": \"ServiceOrderItem\",\n        \"action\": \"add\",\n        \"id\": \"a2dd095e-d580-46ca-8645-1108161d7caf\",\n        \"service\": {\n          \"@type\": \"Service\",\n          \"category\": \"CFS\",\n          \"description\": \"Network Port Connectivity Service\",\n          \"name\": \"Network Port Connectivity11\",\n          \"place\": {\n            \"@type\": \"RelatedPlaceRefOrValue\",\n            \"id\": \"43\",\n            \"name\": \"london\",\n            \"role\": \"soe-site-id\"\n          },\n          \"serviceCharacteristic\": [\n            {\n              \"name\": \"port-type\",\n              \"value\": \"port-only\",\n              \"valueType\": \"string\"\n            },\n            {\n              \"name\": \"port-speed\",\n              \"value\": \"25000\",\n              \"valueType\": \"string\"\n            },\n            {\n              \"name\": \"mtu\",\n              \"value\": \"1500\",\n              \"valueType\": \"string\"\n            }\n          ],\n          \"serviceSpecification\": {\n            \"id\": \"a2dd095e-d580-46ca-8645-1d08161d7caf\",\n            \"name\": \"network-port\"\n          },\n          \"serviceType\": \"network-port\"\n        }\n      }\n    ]\n  }\n}",
  "group": "netbox",
  "description": "",
  "createdBy": {
    "_id": "641899a31fb91e152a2fbe16",
    "provenance": "local_aaa",
    "username": "admin@pronghorn",
    "firstname": "admin",
    "inactive": false
  },
  "lastUpdatedBy": {
    "_id": "641899a31fb91e152a2fbe16",
    "provenance": "local_aaa",
    "username": "admin@pronghorn",
    "firstname": "admin",
    "inactive": false
  }
}