{
  "name": "postTMF641ServiceOrderCreate",
  "type": "automation",
  "tasks": {
    "workflow_start": {
      "name": "workflow_start",
      "groups": [],
      "x": 0,
      "y": 0.5
    },
    "workflow_end": {
      "name": "workflow_end",
      "groups": [],
      "x": 1,
      "y": 0.5
    },
    "68bb": {
      "name": "serviceOrderCreate",
      "canvasName": "serviceOrderCreate",
      "summary": "This operation creates a service order entity.",
      "description": "Separate component data into existing from new for diffing purposes",
      "location": "Application",
      "locationType": null,
      "app": "tmf-api",
      "type": "automatic",
      "displayName": "tmf-api",
      "variables": {
        "incoming": {
          "serviceOrder": "$var.job.serviceOrder"
        },
        "outgoing": {
          "Response": null
        },
        "error": "",
        "decorators": []
      },
      "deprecated": false,
      "groups": [],
      "actor": "Pronghorn",
      "x": 0.49686689367554066,
      "y": 0.5,
      "scheduled": false
    }
  },
  "transitions": {
    "workflow_start": {
      "68bb": {
        "type": "standard",
        "state": "success"
      }
    },
    "workflow_end": {},
    "68bb": {
      "workflow_end": {
        "type": "standard",
        "state": "success"
      }
    }
  },
  "font_size": 12,
  "last_updated": "2023-03-31T14:36:46.024Z",
  "last_updated_by": {
    "provenance": "local_aaa",
    "username": "admin@pronghorn",
    "firstname": "admin",
    "inactive": false
  },
  "lastUpdatedVersion": "5.44.64-2022.1.27.0",
  "inputSchema": {
    "type": "object",
    "properties": {
      "serviceOrder": {
        "type": "object"
      }
    },
    "required": [
      "serviceOrder"
    ]
  },
  "outputSchema": {
    "type": "object",
    "properties": {
      "serviceOrder": {
        "type": "object"
      },
      "_id": {
        "type": "string",
        "pattern": "^[0-9a-f]{24}$"
      },
      "initiator": {
        "type": "string"
      }
    }
  },
  "created": "2023-03-31T14:35:44.804Z",
  "created_by": {
    "provenance": "local_aaa",
    "username": "admin@pronghorn",
    "firstname": "admin",
    "inactive": false
  },
  "createdVersion": "5.44.64-2022.1.27.0",
  "tags": [],
  "groups": [],
  "migrationVersion": 1
}