{
  "name": "PTA_InterfaceInventoryAllocation_netbox",
  "type": "automation",
  "tasks": {
    "119": {
      "name": "newVariable",
      "canvasName": "newVariable",
      "summary": "Create a Job Variable",
      "description": "Create a new Job variable by Job ID and assign it a value.",
      "location": "Application",
      "locationType": null,
      "app": "WorkFlowEngine",
      "type": "operation",
      "displayName": "WorkFlowEngine",
      "variables": {
        "incoming": {
          "name": "success",
          "value": true
        },
        "outgoing": {
          "value": null
        }
      },
      "deprecated": false,
      "groups": [],
      "x": -1.186335403726708,
      "y": 0.37320574162679426
    },
    "9644": {
      "name": "newVariable",
      "canvasName": "newVariable",
      "summary": "Create a Job Variable",
      "description": "Create a new Job variable by Job ID and assign it a value.",
      "location": "Application",
      "locationType": null,
      "app": "WorkFlowEngine",
      "type": "operation",
      "displayName": "WorkFlowEngine",
      "variables": {
        "incoming": {
          "name": "result",
          "value": "$var.b329.result"
        },
        "outgoing": {
          "value": null
        }
      },
      "deprecated": false,
      "groups": [],
      "x": 1.0082815734989647,
      "y": 0.37559808612440193
    },
    "workflow_start": {
      "name": "workflow_start",
      "groups": [],
      "x": -1.2972749793559042,
      "y": 0.375
    },
    "workflow_end": {
      "name": "workflow_end",
      "groups": [],
      "x": 1.1152518978605934,
      "y": 0.37559808612440193
    },
    "853b": {
      "name": "stub",
      "canvasName": "stub",
      "summary": "orderModel_Readme",
      "description": "Sample payload:\n{\n  \"orderModel\": {\n    \"inventory\": {\n      \"autoNegotiate\": false,\n      \"custom_fields\": [\n        {\n          \"custom_fields\": {\n            \"status\": \"reserved\"\n          },\n          \"device\": {\n            \"id\": 3,\n            \"name\": \"PE1\"\n          },\n          \"display\": \"FourHundredGigE0/0/0/4\",\n          \"id\": 15,\n          \"url\": \"http://172.20.102.120:8000/api/dcim/interfaces/15/\",\n          \"vdcs\": []\n        }\n      ],\n      \"deviceName\": \"PE1\",\n      \"interfaceDescription\": \"\",\n      \"interfaceName\": \"FourHundredGigE0/0/0/4\",\n      \"mtu\": 25000\n    },\n    \"serviceOrder\": {\n      \"@type\": \"ServiceOrder\",\n      \"category\": \"global.fabricport\",\n      \"description\": \"Port order details\",\n      \"externalId\": \"00019577_FR0007145\",\n      \"notificationContact\": \"VlocityDigico\",\n      \"serviceOrderItem\": [\n        {\n          \"@type\": \"ServiceOrderItem\",\n          \"action\": \"add\",\n          \"id\": \"a2A3H0000003na6UAA\",\n          \"service\": {\n            \"@type\": \"Service\",\n            \"category\": \"CFS\",\n            \"description\": \"Network Port Connectivity Service\",\n            \"name\": \"Network Port Connectivity\",\n            \"place\": [\n              {\n                \"@type\": \"RelatedPlaceRefOrValue\",\n                \"id\": \"amh-eu\",\n                \"name\": \"Amsterdam Hempoint\",\n                \"role\": \"soe_site_id\"\n              }\n            ],\n            \"serviceCharacteristic\": [\n              {\n                \"name\": \"port-type\",\n                \"value\": \"port-only\",\n                \"valueType\": \"string\"\n              },\n              {\n                \"name\": \"port-speed\",\n                \"value\": \"25000\",\n                \"valueType\": \"string\"\n              },\n              {\n                \"name\": \"mtu\",\n                \"value\": \"1500\",\n                \"valueType\": \"string\"\n              }\n            ],\n            \"serviceSpecification\": {\n              \"id\": \"a2dd095e-d580-46ca-8645-1d08161d7caf\",\n              \"name\": \"network-port\"\n            },\n            \"serviceType\": \"network-port\"\n          }\n        }\n      ]\n    }\n  }\n}",
      "location": "Application",
      "locationType": null,
      "app": "WorkFlowEngine",
      "type": "automatic",
      "displayName": "Tools",
      "variables": {
        "incoming": {
          "type": "success",
          "delay": "",
          "response": ""
        },
        "outgoing": {
          "response": null
        },
        "error": "",
        "decorators": []
      },
      "deprecated": false,
      "groups": [],
      "actor": "Pronghorn",
      "x": -1.1808333333333334,
      "y": 0.08038585209003216,
      "scheduled": false
    },
    "94c2": {
      "name": "newVariable",
      "canvasName": "newVariable",
      "summary": "Create a Job Variable",
      "description": "Create a new Job variable by Job ID and assign it a value.",
      "location": "Application",
      "locationType": null,
      "app": "WorkFlowEngine",
      "type": "operation",
      "displayName": "WorkFlowEngine",
      "variables": {
        "incoming": {
          "name": "reason",
          "value": "default"
        },
        "outgoing": {
          "value": null
        }
      },
      "deprecated": false,
      "groups": [],
      "x": -1.0793650793650793,
      "y": 0.37320574162679426
    },
    "aa4e": {
      "name": "newVariable",
      "canvasName": "newVariable",
      "summary": "Create a Job Variable",
      "description": "Create a new Job variable by Job ID and assign it a value.",
      "location": "Application",
      "locationType": null,
      "app": "WorkFlowEngine",
      "type": "operation",
      "displayName": "WorkFlowEngine",
      "variables": {
        "incoming": {
          "name": "status",
          "value": "success"
        },
        "outgoing": {
          "value": null
        }
      },
      "deprecated": false,
      "groups": [],
      "x": 0.5293146160198183,
      "y": 0.3754740834386852
    },
    "b329": {
      "name": "transformation",
      "canvasName": "transformation",
      "summary": "PTA_resultProcessing",
      "description": "Perform a JSON Transformation using the JST library.",
      "location": "Application",
      "locationType": null,
      "app": "WorkFlowEngine",
      "type": "operation",
      "displayName": "WorkFlowEngine",
      "variables": {
        "incoming": {
          "tr_id": "641dfb7e3eab3f7b6d78124d",
          "variableMap": {
            "success": "$var.job.success",
            "status": "$var.job.status",
            "reason": "$var.job.reason"
          },
          "options": {
            "extractOutput": false,
            "validateIncoming": true,
            "revertToDefaultValue": true
          }
        },
        "outgoing": {
          "success": null,
          "status": null,
          "reason": null,
          "result": null
        },
        "decorators": []
      },
      "deprecated": false,
      "groups": [],
      "x": 0.8661145617667356,
      "y": 0.37440191387559807,
      "task_name": "PTA_resultProcessing",
      "retrySettings": null
    },
    "40ff": {
      "name": "evaluation",
      "canvasName": "evaluation",
      "summary": "demo?",
      "description": "demo?",
      "location": "Application",
      "locationType": null,
      "app": "WorkFlowEngine",
      "type": "operation",
      "displayName": "WorkFlowEngine",
      "variables": {
        "incoming": {
          "all_true_flag": false,
          "evaluation_groups": [
            {
              "all_true_flag": false,
              "evaluations": [
                {
                  "query": "",
                  "operand_1": {
                    "variable": "demo",
                    "task": "job",
                    "editable": true
                  },
                  "operator": "contains",
                  "operand_2": {
                    "variable": "^switch1\\d\\d",
                    "task": "static"
                  },
                  "rightQuery": ""
                }
              ]
            }
          ]
        },
        "outgoing": {
          "return_value": null
        }
      },
      "deprecated": false,
      "groups": [],
      "x": -0.831608005521049,
      "y": 0.37679425837320574
    },
    "8af7": {
      "name": "evaluation",
      "canvasName": "evaluation",
      "summary": "verbose?",
      "description": "verbose?",
      "location": "Application",
      "locationType": null,
      "app": "WorkFlowEngine",
      "type": "operation",
      "displayName": "WorkFlowEngine",
      "variables": {
        "incoming": {
          "all_true_flag": false,
          "evaluation_groups": [
            {
              "all_true_flag": false,
              "evaluations": [
                {
                  "query": "",
                  "operand_1": {
                    "variable": "demo",
                    "task": "job",
                    "editable": true
                  },
                  "operator": "contains",
                  "operand_2": {
                    "variable": "^switch\\d\\d1",
                    "task": "static"
                  },
                  "rightQuery": ""
                }
              ]
            }
          ]
        },
        "outgoing": {
          "return_value": null
        }
      },
      "deprecated": false,
      "groups": [],
      "x": 0.2708505367464905,
      "y": 0.3584905660377358
    },
    "a6e8": {
      "name": "newVariable",
      "canvasName": "newVariable",
      "summary": "Create a Job Variable",
      "description": "Create a new Job variable by Job ID and assign it a value.",
      "location": "Application",
      "locationType": null,
      "app": "WorkFlowEngine",
      "type": "operation",
      "displayName": "WorkFlowEngine",
      "variables": {
        "incoming": {
          "name": "decimInterfaceResponse",
          "value": {
            "icode": "AD.200",
            "response": "success",
            "headers": {
              "content-type": "application/json",
              "vary": "Accept, Cookie, Origin",
              "allow": "GET, PUT, PATCH, DELETE, HEAD, OPTIONS, TRACE",
              "api-version": "3.4",
              "x-content-type-options": "nosniff",
              "referrer-policy": "same-origin",
              "cross-origin-opener-policy": "same-origin",
              "x-frame-options": "SAMEORIGIN",
              "content-length": "1204",
              "server": "Unit/1.29.1",
              "date": "Tue, 28 Mar 2023 14:02:09 GMT",
              "connection": "close"
            },
            "metrics": {
              "code": 200,
              "timeouts": 0,
              "redirects": 0,
              "retries": 0,
              "tripTime": 133,
              "isThrottling": false,
              "capabilityTime": "273ms"
            }
          }
        },
        "outgoing": {
          "value": null
        }
      },
      "deprecated": false,
      "groups": [],
      "x": -0.15606936416184972,
      "y": 0.18278301886792453
    },
    "88cd": {
      "name": "stub",
      "canvasName": "stub",
      "summary": "Demo_Readme",
      "description": "{\n        \"demo\": \"switch001\",\n\t\"uuid\": \"19e67f34-b2c3-4c6d-9fad-ecca3ce63308\",\n\t\"name\": \"demoTestService\",\n\t\"state\": \"open\",\n\t\"description\": \"testDescription\",\n\t\"category\": \"testCategory\",\n\t\"external_id\": \"\",\n\t\"tmf641_payload\": {}\n}",
      "location": "Application",
      "locationType": null,
      "app": "WorkFlowEngine",
      "type": "automatic",
      "displayName": "Tools",
      "variables": {
        "incoming": {
          "type": "success",
          "delay": "",
          "response": ""
        },
        "outgoing": {
          "response": null
        },
        "error": "",
        "decorators": []
      },
      "deprecated": false,
      "groups": [],
      "actor": "Pronghorn",
      "x": -1.2891666666666666,
      "y": 0.07877813504823152,
      "scheduled": false
    },
    "e3eb": {
      "name": "ViewData",
      "canvasName": "ViewData",
      "summary": "View Data",
      "description": "Displays a message and runtime data to an operator. This can be used to request a decision, or used for acknowledgement only.",
      "location": "Application",
      "app": "WorkFlowEngine",
      "displayName": "WorkFlowEngine",
      "type": "manual",
      "variables": {
        "incoming": {
          "header": "Demo",
          "message": "Update interface response",
          "body": "$var.job.decimInterfaceResponse",
          "variables": "",
          "btn_success": "done",
          "btn_failure": ""
        },
        "outgoing": {},
        "error": "",
        "decorators": []
      },
      "view": "/workflow_engine/task/ViewData",
      "deprecated": false,
      "groups": [],
      "x": 0.27663088356729976,
      "y": 0.18514150943396226,
      "scheduled": false
    },
    "ae0b": {
      "name": "stub",
      "canvasName": "stub",
      "summary": "Stub",
      "description": "Create a stub for an automated task",
      "location": "Application",
      "locationType": null,
      "app": "WorkFlowEngine",
      "type": "automatic",
      "displayName": "Tools",
      "variables": {
        "incoming": {
          "type": "success",
          "delay": "",
          "response": "$var.job.reason"
        },
        "outgoing": {
          "response": "$var.job.reason"
        },
        "error": "",
        "decorators": []
      },
      "deprecated": false,
      "groups": [],
      "actor": "Pronghorn",
      "x": -0.3609385783298827,
      "y": 0.7105263157894737,
      "scheduled": false
    },
    "81ca": {
      "name": "newVariable",
      "canvasName": "newVariable",
      "summary": "Create a Job Variable",
      "description": "Create a new Job variable by Job ID and assign it a value.",
      "location": "Application",
      "locationType": null,
      "app": "WorkFlowEngine",
      "type": "operation",
      "displayName": "WorkFlowEngine",
      "variables": {
        "incoming": {
          "name": "success",
          "value": false
        },
        "outgoing": {
          "value": null
        }
      },
      "deprecated": false,
      "groups": [],
      "x": 0.34599504541701076,
      "y": 0.7275943396226415
    },
    "c9a6": {
      "name": "newVariable",
      "canvasName": "newVariable",
      "summary": "Create a Job Variable",
      "description": "Create a new Job variable by Job ID and assign it a value.",
      "location": "Application",
      "locationType": null,
      "app": "WorkFlowEngine",
      "type": "operation",
      "displayName": "WorkFlowEngine",
      "variables": {
        "incoming": {
          "name": "status",
          "value": "failure"
        },
        "outgoing": {
          "value": null
        }
      },
      "deprecated": false,
      "groups": [],
      "x": 0.5383980181668043,
      "y": 0.7051886792452831
    },
    "c3a0": {
      "name": "patchDcimInterfaces",
      "canvasName": "patchDcimInterfaces",
      "summary": "Update interface",
      "description": "Update interface",
      "location": "Adapter",
      "locationType": "NetboxV33",
      "app": "NetboxV33",
      "type": "automatic",
      "displayName": "NetboxV33",
      "variables": {
        "incoming": {
          "data": "$var.job.customFields",
          "adapter_id": "netbox"
        },
        "outgoing": {
          "result": "$var.job.decimInterfaceResponse"
        },
        "error": "$var.job.reason",
        "decorators": []
      },
      "deprecated": false,
      "groups": [],
      "actor": "Pronghorn",
      "x": -0.3547273982056591,
      "y": 0.3827751196172249,
      "scheduled": false
    },
    "11ef": {
      "name": "query",
      "canvasName": "query",
      "summary": "Query custom fields",
      "description": "Query custom fields",
      "location": "Application",
      "locationType": null,
      "app": "WorkFlowEngine",
      "type": "operation",
      "displayName": "WorkFlowEngine",
      "variables": {
        "incoming": {
          "pass_on_null": false,
          "query": "inventory.custom_fields",
          "obj": "$var.job.orderModel"
        },
        "outgoing": {
          "return_data": "$var.job.customFields"
        },
        "error": "",
        "decorators": []
      },
      "deprecated": false,
      "groups": [],
      "x": -0.6259489302967564,
      "y": 0.39712918660287083,
      "scheduled": false
    },
    "da9c": {
      "name": "getDcimInterfaces",
      "canvasName": "getDcimInterfaces",
      "summary": "GET interface",
      "description": "GET interface",
      "location": "Adapter",
      "locationType": "NetboxV33",
      "app": "NetboxV33",
      "type": "automatic",
      "displayName": "NetboxV33",
      "variables": {
        "incoming": {
          "id": "$var.6b78.return_data",
          "name": "",
          "label": "",
          "type": "",
          "enabled": "",
          "mtu": "",
          "mgmtOnly": "",
          "poeMode": "",
          "poeType": "",
          "mode": "",
          "rfRole": "",
          "rfChannel": "",
          "rfChannelFrequency": "",
          "rfChannelWidth": "",
          "txPower": "",
          "description": "",
          "cableEnd": "",
          "q": "",
          "regionId": "",
          "region": "",
          "siteGroupId": "",
          "siteGroup": "",
          "siteId": "",
          "site": "",
          "locationId": "",
          "location": "",
          "rackId": "",
          "rack": "",
          "deviceId": "",
          "device": "",
          "virtualChassisId": "",
          "virtualChassis": "",
          "moduleId": "",
          "created": "",
          "lastUpdated": "",
          "tag": "",
          "cabled": "",
          "occupied": "",
          "connected": "",
          "kind": "",
          "parentId": "",
          "bridgeId": "",
          "lagId": "",
          "speed": "",
          "duplex": "",
          "macAddress": "",
          "wwn": "",
          "vlanId": "",
          "vlan": "",
          "vrfId": "",
          "vrf": "",
          "idN": "",
          "idLte": "",
          "idLt": "",
          "idGte": "",
          "idGt": "",
          "nameN": "",
          "nameIc": "",
          "nameNic": "",
          "nameIew": "",
          "nameNiew": "",
          "nameIsw": "",
          "nameNisw": "",
          "nameIe": "",
          "nameNie": "",
          "labelN": "",
          "labelIc": "",
          "labelNic": "",
          "labelIew": "",
          "labelNiew": "",
          "labelIsw": "",
          "labelNisw": "",
          "labelIe": "",
          "labelNie": "",
          "typeN": "",
          "mtuN": "",
          "mtuLte": "",
          "mtuLt": "",
          "mtuGte": "",
          "mtuGt": "",
          "poeModeN": "",
          "poeTypeN": "",
          "modeN": "",
          "rfRoleN": "",
          "rfChannelN": "",
          "rfChannelFrequencyN": "",
          "rfChannelFrequencyLte": "",
          "rfChannelFrequencyLt": "",
          "rfChannelFrequencyGte": "",
          "rfChannelFrequencyGt": "",
          "rfChannelWidthN": "",
          "rfChannelWidthLte": "",
          "rfChannelWidthLt": "",
          "rfChannelWidthGte": "",
          "rfChannelWidthGt": "",
          "txPowerN": "",
          "txPowerLte": "",
          "txPowerLt": "",
          "txPowerGte": "",
          "txPowerGt": "",
          "descriptionN": "",
          "descriptionIc": "",
          "descriptionNic": "",
          "descriptionIew": "",
          "descriptionNiew": "",
          "descriptionIsw": "",
          "descriptionNisw": "",
          "descriptionIe": "",
          "descriptionNie": "",
          "cableEndN": "",
          "regionIdN": "",
          "regionN": "",
          "siteGroupIdN": "",
          "siteGroupN": "",
          "siteIdN": "",
          "siteN": "",
          "locationIdN": "",
          "locationN": "",
          "rackIdN": "",
          "rackN": "",
          "virtualChassisIdN": "",
          "virtualChassisN": "",
          "moduleIdN": "",
          "createdN": "",
          "createdLte": "",
          "createdLt": "",
          "createdGte": "",
          "createdGt": "",
          "lastUpdatedN": "",
          "lastUpdatedLte": "",
          "lastUpdatedLt": "",
          "lastUpdatedGte": "",
          "lastUpdatedGt": "",
          "tagN": "",
          "parentIdN": "",
          "bridgeIdN": "",
          "lagIdN": "",
          "speedN": "",
          "speedLte": "",
          "speedLt": "",
          "speedGte": "",
          "speedGt": "",
          "duplexN": "",
          "macAddressN": "",
          "macAddressIc": "",
          "macAddressNic": "",
          "macAddressIew": "",
          "macAddressNiew": "",
          "macAddressIsw": "",
          "macAddressNisw": "",
          "macAddressIe": "",
          "macAddressNie": "",
          "wwnN": "",
          "wwnIc": "",
          "wwnNic": "",
          "wwnIew": "",
          "wwnNiew": "",
          "wwnIsw": "",
          "wwnNisw": "",
          "wwnIe": "",
          "wwnNie": "",
          "vrfIdN": "",
          "vrfN": "",
          "ordering": "",
          "limit": "",
          "offset": "",
          "adapter_id": "netbox"
        },
        "outgoing": {
          "result": null
        },
        "error": "$var.job.reason",
        "decorators": []
      },
      "deprecated": false,
      "groups": [],
      "actor": "Pronghorn",
      "x": -0.08143547273982056,
      "y": 0.3803827751196172,
      "scheduled": false
    },
    "6b78": {
      "name": "query",
      "canvasName": "query",
      "summary": "Query interface id",
      "description": "Query interface id",
      "location": "Application",
      "locationType": null,
      "app": "WorkFlowEngine",
      "type": "operation",
      "displayName": "WorkFlowEngine",
      "variables": {
        "incoming": {
          "pass_on_null": false,
          "query": "[0].id",
          "obj": "$var.job.customFields"
        },
        "outgoing": {
          "return_data": null
        },
        "error": "",
        "decorators": []
      },
      "deprecated": false,
      "groups": [],
      "x": -0.21877156659765357,
      "y": 0.3827751196172249,
      "scheduled": false
    },
    "f3ef": {
      "name": "evaluation",
      "canvasName": "evaluation",
      "summary": "Run Evaluation Task",
      "description": "Run an evaluation",
      "location": "Application",
      "locationType": null,
      "app": "WorkFlowEngine",
      "type": "operation",
      "displayName": "WorkFlowEngine",
      "variables": {
        "incoming": {
          "all_true_flag": false,
          "evaluation_groups": [
            {
              "all_true_flag": false,
              "evaluations": [
                {
                  "query": "response.results[0].custom_fields.status",
                  "operand_1": {
                    "variable": "result",
                    "task": "da9c"
                  },
                  "operator": "==",
                  "operand_2": {
                    "variable": "reserved",
                    "task": "static"
                  },
                  "rightQuery": ""
                }
              ]
            }
          ]
        },
        "outgoing": {
          "return_value": null
        }
      },
      "deprecated": false,
      "groups": [],
      "x": 0.07108350586611456,
      "y": 0.3660287081339713
    },
    "951b": {
      "name": "newVariable",
      "canvasName": "newVariable",
      "summary": "Create a Job Variable",
      "description": "Create a new Job variable by Job ID and assign it a value.",
      "location": "Application",
      "locationType": null,
      "app": "WorkFlowEngine",
      "type": "operation",
      "displayName": "WorkFlowEngine",
      "variables": {
        "incoming": {
          "name": "demo",
          "value": "switch000"
        },
        "outgoing": {
          "value": null
        }
      },
      "deprecated": false,
      "groups": [],
      "x": -0.9510006901311249,
      "y": 0.37320574162679426
    },
    "f1a9": {
      "name": "stub",
      "canvasName": "stub",
      "summary": "Stub",
      "description": "Create a stub for an automated task",
      "location": "Application",
      "locationType": null,
      "app": "WorkFlowEngine",
      "type": "automatic",
      "displayName": "Tools",
      "variables": {
        "incoming": {
          "type": "success",
          "delay": "",
          "response": "interface reservation failed"
        },
        "outgoing": {
          "response": "$var.job.reason"
        },
        "error": "",
        "decorators": []
      },
      "deprecated": false,
      "groups": [],
      "actor": "Pronghorn",
      "x": 0.0738440303657695,
      "y": 0.6160287081339713,
      "scheduled": false
    },
    "d989": {
      "name": "stub",
      "canvasName": "stub",
      "summary": "Stub",
      "description": "Create a stub for an automated task",
      "location": "Application",
      "locationType": null,
      "app": "WorkFlowEngine",
      "type": "automatic",
      "displayName": "Tools",
      "variables": {
        "incoming": {
          "type": "success",
          "delay": "",
          "response": "$var.job.reason"
        },
        "outgoing": {
          "response": "$var.job.reason"
        },
        "error": "",
        "decorators": []
      },
      "deprecated": false,
      "groups": [],
      "actor": "Pronghorn",
      "x": -0.09083402146985962,
      "y": 0.7205188679245284,
      "scheduled": false
    }
  },
  "transitions": {
    "119": {
      "94c2": {
        "type": "standard",
        "state": "success"
      }
    },
    "4184": {},
    "7651": {},
    "9644": {
      "workflow_end": {
        "type": "standard",
        "state": "success"
      }
    },
    "workflow_start": {
      "119": {
        "type": "standard",
        "state": "success"
      },
      "853b": {
        "type": "standard",
        "state": "success"
      },
      "88cd": {
        "type": "standard",
        "state": "success"
      }
    },
    "workflow_end": {},
    "dac7": {},
    "49a": {},
    "5adf": {},
    "48b8": {},
    "90f1": {},
    "3d2b": {},
    "4ac1": {},
    "2c28": {},
    "853b": {},
    "94c2": {
      "951b": {
        "type": "standard",
        "state": "success"
      }
    },
    "aa4e": {
      "b329": {
        "type": "standard",
        "state": "success"
      }
    },
    "b329": {
      "9644": {
        "type": "standard",
        "state": "success"
      }
    },
    "40ff": {
      "a6e8": {
        "type": "standard",
        "state": "success"
      },
      "11ef": {
        "type": "standard",
        "state": "failure"
      }
    },
    "8af7": {
      "e3eb": {
        "type": "standard",
        "state": "success"
      },
      "aa4e": {
        "type": "standard",
        "state": "failure"
      }
    },
    "a6e8": {
      "8af7": {
        "type": "standard",
        "state": "success"
      }
    },
    "6c9c": {},
    "88cd": {},
    "e3eb": {
      "aa4e": {
        "type": "standard",
        "state": "success"
      }
    },
    "ae0b": {
      "81ca": {
        "type": "standard",
        "state": "success"
      }
    },
    "81ca": {
      "c9a6": {
        "type": "standard",
        "state": "success"
      }
    },
    "c9a6": {
      "b329": {
        "type": "standard",
        "state": "success"
      }
    },
    "c3a0": {
      "ae0b": {
        "type": "standard",
        "state": "error"
      },
      "6b78": {
        "type": "standard",
        "state": "success"
      }
    },
    "da62": {},
    "11ef": {
      "c3a0": {
        "type": "standard",
        "state": "success"
      }
    },
    "d9f3": {},
    "da9c": {
      "f3ef": {
        "type": "standard",
        "state": "success"
      },
      "d989": {
        "type": "standard",
        "state": "error"
      }
    },
    "6b78": {
      "da9c": {
        "type": "standard",
        "state": "success"
      }
    },
    "f3ef": {
      "8af7": {
        "type": "standard",
        "state": "success"
      },
      "f1a9": {
        "type": "standard",
        "state": "failure"
      }
    },
    "951b": {
      "40ff": {
        "type": "standard",
        "state": "success"
      }
    },
    "f1a9": {
      "81ca": {
        "type": "standard",
        "state": "success"
      }
    },
    "d989": {
      "81ca": {
        "type": "standard",
        "state": "success"
      }
    }
  },
  "font_size": 12,
  "last_updated": "2023-03-31T09:05:38.721Z",
  "last_updated_by": {
    "provenance": "local_aaa",
    "username": "admin@pronghorn",
    "firstname": "admin",
    "inactive": false
  },
  "lastUpdatedVersion": "4.1.2-2022.1.53.0",
  "inputSchema": {
    "type": "object",
    "properties": {
      "orderModel": {
        "title": "obj",
        "type": "object",
        "properties": {},
        "examples": [
          {
            "name": "value"
          }
        ]
      }
    },
    "required": [
      "orderModel"
    ]
  },
  "outputSchema": {
    "type": "object",
    "properties": {
      "orderModel": {
        "title": "obj",
        "type": "object",
        "properties": {},
        "examples": [
          {
            "name": "value"
          }
        ]
      },
      "_id": {
        "type": "string",
        "pattern": "^[0-9a-f]{24}$"
      },
      "initiator": {
        "type": "string"
      },
      "success": {
        "type": "boolean"
      },
      "result": {
        "type": [
          "array",
          "boolean",
          "null",
          "number",
          "object",
          "string"
        ]
      },
      "reason": {
        "title": "response",
        "type": "string",
        "examples": [
          "awesome"
        ]
      },
      "status": {
        "type": "string"
      },
      "demo": {
        "type": "string"
      },
      "decimInterfaceResponse": {
        "type": "object",
        "properties": {
          "icode": {
            "type": "string"
          },
          "response": {
            "type": "string"
          },
          "headers": {
            "type": "object",
            "properties": {
              "content-type": {
                "type": "string"
              },
              "vary": {
                "type": "string"
              },
              "allow": {
                "type": "string"
              },
              "api-version": {
                "type": "string"
              },
              "x-content-type-options": {
                "type": "string"
              },
              "referrer-policy": {
                "type": "string"
              },
              "cross-origin-opener-policy": {
                "type": "string"
              },
              "x-frame-options": {
                "type": "string"
              },
              "content-length": {
                "type": "string"
              },
              "server": {
                "type": "string"
              },
              "date": {
                "type": "string"
              },
              "connection": {
                "type": "string"
              }
            }
          },
          "metrics": {
            "type": "object",
            "properties": {
              "code": {
                "type": "number"
              },
              "timeouts": {
                "type": "number"
              },
              "redirects": {
                "type": "number"
              },
              "retries": {
                "type": "number"
              },
              "tripTime": {
                "type": "number"
              },
              "isThrottling": {
                "type": "boolean"
              },
              "capabilityTime": {
                "type": "string"
              }
            }
          }
        }
      },
      "customFields": {
        "title": "return_data",
        "type": [
          "string",
          "number",
          "object",
          "integer",
          "array",
          "boolean",
          "null"
        ],
        "examples": [
          "value"
        ]
      }
    }
  },
  "created": "2023-03-29T17:50:02.357Z",
  "created_by": {
    "provenance": "local_aaa",
    "username": "admin@pronghorn",
    "firstname": "admin",
    "inactive": false
  },
  "createdVersion": "5.44.64-2022.1.29.0",
  "preAutomationTime": 0,
  "sla": 0,
  "canvasVersion": 1,
  "tags": [],
  "groups": [],
  "migrationVersion": 1
}