{
  "canvasVersion": 1,
  "created": "2023-03-24T17:58:34.180Z",
  "createdVersion": "5.44.64-2022.1.29.0",
  "created_by": {
    "provenance": "local_aaa",
    "username": "admin@pronghorn",
    "firstname": "admin",
    "inactive": false
  },
  "font_size": 12,
  "inputSchema": {
    "type": "object",
    "properties": {
      "orderId": {
        "$id": "jobId",
        "type": "string",
        "examples": [
          "6f352bca-6d1a-452b-b25a-915026b67a18"
        ]
      },
      "state": {
        "$id": "state",
        "type": "string",
        "examples": [
          "inProgress"
        ]
      },
      "sendNotification": {
        "type": [
          "array",
          "boolean",
          "null",
          "number",
          "object",
          "string"
        ]
      },
      "code": {
        "$id": "code",
        "type": [
          "string",
          "number"
        ],
        "examples": [
          "500"
        ]
      },
      "message": {
        "$id": "message",
        "type": "string",
        "examples": [
          "Resource Failed"
        ]
      },
      "errorReason": {
        "$id": "errorReason",
        "type": "string",
        "examples": [
          "Port not available"
        ]
      },
      "rejectOrder": {
        "type": [
          "array",
          "boolean",
          "null",
          "number",
          "object",
          "string"
        ]
      }
    },
    "required": [
      "orderId",
      "state",
      "sendNotification",
      "code",
      "message",
      "errorReason",
      "rejectOrder"
    ]
  },
  "lastUpdatedVersion": "4.1.2-2022.1.53.0",
  "last_updated": "2023-03-31T09:05:38.712Z",
  "last_updated_by": {
    "provenance": "local_aaa",
    "username": "admin@pronghorn",
    "firstname": "admin",
    "inactive": false
  },
  "name": "PTA_TMF_setServiceOrderErrorMessage",
  "outputSchema": {
    "type": "object",
    "properties": {
      "orderId": {
        "$id": "jobId",
        "type": "string",
        "examples": [
          "6f352bca-6d1a-452b-b25a-915026b67a18"
        ]
      },
      "state": {
        "$id": "state",
        "type": "string",
        "examples": [
          "inProgress"
        ]
      },
      "sendNotification": {
        "type": [
          "array",
          "boolean",
          "null",
          "number",
          "object",
          "string"
        ]
      },
      "code": {
        "$id": "code",
        "type": [
          "string",
          "number"
        ],
        "examples": [
          "500"
        ]
      },
      "message": {
        "$id": "message",
        "type": "string",
        "examples": [
          "Resource Failed"
        ]
      },
      "errorReason": {
        "$id": "errorReason",
        "type": "string",
        "examples": [
          "Port not available"
        ]
      },
      "rejectOrder": {
        "type": [
          "array",
          "boolean",
          "null",
          "number",
          "object",
          "string"
        ]
      },
      "_id": {
        "type": "string",
        "pattern": "^[0-9a-f]{24}$"
      },
      "initiator": {
        "type": "string"
      },
      "status": {
        "type": "string"
      },
      "reason": {
        "title": "response",
        "type": "string",
        "examples": [
          "awesome"
        ]
      },
      "success": {
        "type": "boolean"
      },
      "result": {
        "type": [
          "array",
          "boolean",
          "null",
          "number",
          "object",
          "string"
        ]
      }
    }
  },
  "preAutomationTime": 0,
  "sla": 0,
  "tasks": {
    "5352": {
      "name": "newVariable",
      "canvasName": "newVariable",
      "summary": "Create a Job Variable",
      "description": "Create a new Job variable by Job ID and assign it a value.",
      "location": "Application",
      "locationType": null,
      "app": "WorkFlowEngine",
      "type": "operation",
      "displayName": "WorkFlowEngine",
      "variables": {
        "incoming": {
          "name": "status",
          "value": "success"
        },
        "outgoing": {
          "value": null
        }
      },
      "deprecated": false,
      "groups": [],
      "x": -0.00495458298926507,
      "y": 0.4988095238095238
    },
    "9050": {
      "name": "childJob",
      "canvasName": "childJob",
      "summary": "Run Child Job",
      "description": "Runs a child job inside a workflow.",
      "location": "Application",
      "locationType": null,
      "app": "WorkFlowEngine",
      "type": "operation",
      "displayName": "WorkFlowEngine",
      "variables": {
        "incoming": {
          "task": "",
          "workflow": "TMF Set Service State",
          "variables": {
            "jobId": {
              "editable": true,
              "task": "job",
              "value": "orderId"
            },
            "state": {
              "editable": true,
              "task": "job",
              "value": "state"
            },
            "key": {
              "editable": true,
              "task": "static",
              "value": "serviceOrderItem.0.state"
            },
            "sendNotification": {
              "editable": true,
              "task": "job",
              "value": "sendNotification"
            },
            "tmfType": {
              "editable": true,
              "task": "static",
              "value": "ServiceOrder"
            }
          },
          "data_array": "",
          "transformation": "",
          "loopType": ""
        },
        "outgoing": {
          "job_details": null
        }
      },
      "deprecated": false,
      "groups": [],
      "actor": "job",
      "x": 1.151940545004129,
      "y": 0.7424749163879598
    },
    "workflow_start": {
      "name": "workflow_start",
      "groups": [],
      "x": -0.3385631709331131,
      "y": 0.5011904761904762
    },
    "workflow_end": {
      "name": "workflow_end",
      "groups": [],
      "x": 1.4459124690338563,
      "y": 0.4983277591973244
    },
    "d895": {
      "name": "setObjectKey",
      "canvasName": "setObjectKey",
      "summary": "Set id Key Job Id",
      "description": "Set id Key Job Id",
      "location": "Application",
      "locationType": null,
      "app": "WorkFlowEngine",
      "type": "automatic",
      "displayName": "Object",
      "variables": {
        "incoming": {
          "obj": {
            "entity": "tmfOrder",
            "filter": {
              "id": "6f352bca-6d1a-452b-b25a-915026b67a18"
            }
          },
          "path": [
            "filter",
            "id"
          ],
          "value": "$var.job.orderId"
        },
        "outgoing": {
          "object": null
        },
        "error": "",
        "decorators": []
      },
      "deprecated": false,
      "groups": [],
      "actor": "Pronghorn",
      "x": 0.11230388109000826,
      "y": 0.49642857142857144,
      "scheduled": false
    },
    "8e19": {
      "name": "find",
      "canvasName": "find",
      "summary": "Find tmfOrder record in DB",
      "description": "Find tmfOrder record in DB",
      "location": "Adapter",
      "locationType": "DBMongo",
      "app": "DBMongo",
      "type": "automatic",
      "displayName": "DBMongo",
      "variables": {
        "incoming": {
          "options": "$var.d895.object",
          "adapter_id": "tmfApiMongodb"
        },
        "outgoing": {
          "result": null
        },
        "error": "$var.job.reason",
        "decorators": []
      },
      "deprecated": false,
      "groups": [],
      "actor": "Pronghorn",
      "x": 0.24277456647398843,
      "y": 0.5005574136008919,
      "scheduled": false
    },
    "4a42": {
      "name": "transformation",
      "canvasName": "transformation",
      "summary": "PTA_TMF_setServiceOrderErrorMessage",
      "description": "Perform a JSON Transformation using the JST library.",
      "location": "Application",
      "locationType": null,
      "app": "WorkFlowEngine",
      "type": "operation",
      "displayName": "WorkFlowEngine",
      "variables": {
        "incoming": {
          "tr_id": "642199fd3eab3f7b6d78124e",
          "variableMap": {
            "serviceOrder": "$var.749d.return_data",
            "code": "$var.job.code",
            "message": "$var.job.message",
            "errorReason": "$var.job.errorReason",
            "status": "$var.job.status"
          },
          "options": {
            "extractOutput": false,
            "validateIncoming": true,
            "revertToDefaultValue": true
          }
        },
        "outgoing": {
          "output": null,
          "errorMessageObject": null,
          "filterObj": null
        },
        "decorators": []
      },
      "deprecated": false,
      "groups": [],
      "x": 0.557911268158618,
      "y": 0.49872557349192864,
      "task_name": "PTA_TMF_setServiceOrderErrorMessage",
      "retrySettings": null
    },
    "c8c8": {
      "name": "evaluation",
      "canvasName": "evaluation",
      "summary": "Eval total == 1",
      "description": "Eval total == 1.",
      "location": "Application",
      "locationType": null,
      "app": "WorkFlowEngine",
      "type": "operation",
      "displayName": "WorkFlowEngine",
      "variables": {
        "incoming": {
          "all_true_flag": false,
          "evaluation_groups": [
            {
              "all_true_flag": false,
              "evaluations": [
                {
                  "query": "total",
                  "operand_1": {
                    "variable": "result",
                    "task": "8e19"
                  },
                  "operator": "==",
                  "operand_2": {
                    "variable": 1,
                    "task": "static"
                  },
                  "rightQuery": ""
                }
              ]
            }
          ]
        },
        "outgoing": {
          "return_value": null
        }
      },
      "deprecated": false,
      "groups": [],
      "x": 0.3699421965317919,
      "y": 0.4983277591973244
    },
    "749d": {
      "name": "query",
      "canvasName": "query",
      "summary": "Query DB Order Response",
      "description": "Query DB Order Response",
      "location": "Application",
      "locationType": null,
      "app": "WorkFlowEngine",
      "type": "operation",
      "displayName": "WorkFlowEngine",
      "variables": {
        "incoming": {
          "pass_on_null": false,
          "query": "response[0]",
          "obj": "$var.8e19.result"
        },
        "outgoing": {
          "return_data": null
        },
        "error": "$var.job.reason",
        "decorators": []
      },
      "deprecated": false,
      "groups": [],
      "x": 0.44424620874219445,
      "y": 0.5055225148683092,
      "scheduled": false
    },
    "349d": {
      "name": "findAndModify",
      "canvasName": "findAndModify",
      "summary": "Update Service Order with the Error Message",
      "description": "Update Service Order with the Error Message",
      "location": "Adapter",
      "locationType": "DBMongo",
      "app": "DBMongo",
      "type": "automatic",
      "displayName": "DBMongo",
      "variables": {
        "incoming": {
          "collectionName": "tmfOrder",
          "filter": "$var.4a42.filterObj",
          "sort": {},
          "data": "$var.4a42.output",
          "multi": false,
          "upsert": true,
          "adapter_id": "tmfApiMongodb"
        },
        "outgoing": {
          "result": null
        },
        "error": "$var.job.reason",
        "decorators": []
      },
      "deprecated": false,
      "groups": [],
      "actor": "Pronghorn",
      "x": 0.7415359207266722,
      "y": 0.49944258639910816,
      "scheduled": false
    },
    "eaa7": {
      "name": "evaluation",
      "canvasName": "evaluation",
      "summary": "Eval rejectOrder == true",
      "description": "Eval rejectOrder == true",
      "location": "Application",
      "locationType": null,
      "app": "WorkFlowEngine",
      "type": "operation",
      "displayName": "WorkFlowEngine",
      "variables": {
        "incoming": {
          "all_true_flag": false,
          "evaluation_groups": [
            {
              "all_true_flag": false,
              "evaluations": [
                {
                  "query": "",
                  "operand_1": {
                    "variable": "rejectOrder",
                    "task": "job",
                    "editable": true
                  },
                  "operator": "==",
                  "operand_2": {
                    "variable": true,
                    "task": "static"
                  },
                  "rightQuery": ""
                }
              ]
            }
          ]
        },
        "outgoing": {
          "return_value": null
        }
      },
      "deprecated": false,
      "groups": [],
      "x": 0.9281585466556564,
      "y": 0.5016722408026756
    },
    "a0dc": {
      "name": "stub",
      "canvasName": "stub",
      "summary": "Error Handling",
      "description": "Error Handling",
      "location": "Application",
      "locationType": null,
      "app": "WorkFlowEngine",
      "type": "automatic",
      "displayName": "Tools",
      "variables": {
        "incoming": {
          "type": "error",
          "delay": "",
          "response": "$var.job.reason"
        },
        "outgoing": {
          "response": "$var.job.reason"
        },
        "error": "",
        "decorators": []
      },
      "deprecated": false,
      "groups": [],
      "actor": "Pronghorn",
      "x": 0.2444260941370768,
      "y": 0.7034559643255296,
      "scheduled": false
    },
    "ac33": {
      "name": "stub",
      "canvasName": "stub",
      "summary": "Error Handling",
      "description": "Error Handling",
      "location": "Application",
      "locationType": null,
      "app": "WorkFlowEngine",
      "type": "automatic",
      "displayName": "Tools",
      "variables": {
        "incoming": {
          "type": "error",
          "delay": "",
          "response": "$var.job.reason"
        },
        "outgoing": {
          "response": "$var.job.reason"
        },
        "error": "",
        "decorators": []
      },
      "deprecated": false,
      "groups": [],
      "actor": "Pronghorn",
      "x": 0.7192402972749794,
      "y": 0.7369007803790413,
      "scheduled": false
    },
    "e5e8": {
      "name": "stub",
      "canvasName": "stub",
      "summary": "Error Handling",
      "description": "Error Handling",
      "location": "Application",
      "locationType": null,
      "app": "WorkFlowEngine",
      "type": "automatic",
      "displayName": "Tools",
      "variables": {
        "incoming": {
          "type": "error",
          "delay": "",
          "response": "Automation error_JST"
        },
        "outgoing": {
          "response": "$var.job.reason"
        },
        "error": "",
        "decorators": []
      },
      "deprecated": false,
      "groups": [],
      "actor": "Pronghorn",
      "x": 0.5334434351775392,
      "y": 0.7279821627647715,
      "scheduled": false
    },
    "15c2": {
      "name": "newVariable",
      "canvasName": "newVariable",
      "summary": "Create a Job Variable",
      "description": "Create a new Job variable by Job ID and assign it a value.",
      "location": "Application",
      "locationType": null,
      "app": "WorkFlowEngine",
      "type": "operation",
      "displayName": "WorkFlowEngine",
      "variables": {
        "incoming": {
          "name": "success",
          "value": true
        },
        "outgoing": {
          "value": null
        }
      },
      "deprecated": false,
      "groups": [],
      "x": -0.2402972749793559,
      "y": 0.4988095238095238
    },
    "bae3": {
      "name": "newVariable",
      "canvasName": "newVariable",
      "summary": "Create a Job Variable",
      "description": "Create a new Job variable by Job ID and assign it a value.",
      "location": "Application",
      "locationType": null,
      "app": "WorkFlowEngine",
      "type": "operation",
      "displayName": "WorkFlowEngine",
      "variables": {
        "incoming": {
          "name": "result",
          "value": "$var.b642.result"
        },
        "outgoing": {
          "value": null
        }
      },
      "deprecated": false,
      "groups": [],
      "x": 1.3410404624277457,
      "y": 0.4972129319955407
    },
    "625c": {
      "name": "merge",
      "canvasName": "merge",
      "summary": "Merge result",
      "description": "Merge result object",
      "location": "Application",
      "locationType": null,
      "app": "WorkFlowEngine",
      "type": "operation",
      "displayName": "WorkFlowEngine",
      "variables": {
        "incoming": {
          "data_to_merge": [
            {
              "key": "success",
              "value": {
                "task": "b642",
                "variable": "success"
              }
            },
            {
              "key": "state",
              "value": {
                "task": "b642",
                "variable": "status",
                "editable": true
              }
            },
            {
              "key": "reason",
              "value": {
                "task": "b642",
                "variable": "reason",
                "editable": false
              }
            }
          ]
        },
        "outgoing": {
          "merged_object": null
        }
      },
      "deprecated": false,
      "groups": [],
      "x": 1.2427745664739884,
      "y": 0.483835005574136
    },
    "45b8": {
      "name": "newVariable",
      "canvasName": "newVariable",
      "summary": "Create a Job Variable",
      "description": "Create a new Job variable by Job ID and assign it a value.",
      "location": "Application",
      "locationType": null,
      "app": "WorkFlowEngine",
      "type": "operation",
      "displayName": "WorkFlowEngine",
      "variables": {
        "incoming": {
          "name": "status",
          "value": "failure"
        },
        "outgoing": {
          "value": null
        }
      },
      "deprecated": false,
      "groups": [],
      "x": 0.8604459124690339,
      "y": 0.7424749163879598
    },
    "239b": {
      "name": "newVariable",
      "canvasName": "newVariable",
      "summary": "Create a Job Variable",
      "description": "Create a new Job variable by Job ID and assign it a value.",
      "location": "Application",
      "locationType": null,
      "app": "WorkFlowEngine",
      "type": "operation",
      "displayName": "WorkFlowEngine",
      "variables": {
        "incoming": {
          "name": "success",
          "value": false
        },
        "outgoing": {
          "value": null
        }
      },
      "deprecated": false,
      "groups": [],
      "x": 0.9925681255161024,
      "y": 0.7513935340022296
    },
    "b642": {
      "name": "transformation",
      "canvasName": "transformation",
      "summary": "PTA_resultProcessing",
      "description": "Perform a JSON Transformation using the JST library.",
      "location": "Application",
      "locationType": null,
      "app": "WorkFlowEngine",
      "type": "operation",
      "displayName": "WorkFlowEngine",
      "variables": {
        "incoming": {
          "tr_id": "641dfb7e3eab3f7b6d78124d",
          "variableMap": {
            "success": "$var.job.success",
            "status": "$var.job.status",
            "reason": "$var.job.reason"
          },
          "options": {
            "extractOutput": false,
            "validateIncoming": true,
            "revertToDefaultValue": true
          }
        },
        "outgoing": {
          "success": null,
          "status": null,
          "reason": null,
          "result": null
        },
        "decorators": []
      },
      "deprecated": false,
      "groups": [],
      "x": 1.1123038810900083,
      "y": 0.4927536231884058,
      "task_name": "PTA_resultProcessing",
      "retrySettings": null
    },
    "44f": {
      "name": "stub",
      "canvasName": "stub",
      "summary": "Error Handling",
      "description": "Error Handling",
      "location": "Application",
      "locationType": null,
      "app": "WorkFlowEngine",
      "type": "automatic",
      "displayName": "Tools",
      "variables": {
        "incoming": {
          "type": "error",
          "delay": "",
          "response": "$var.job.reason"
        },
        "outgoing": {
          "response": "$var.job.reason"
        },
        "error": "",
        "decorators": []
      },
      "deprecated": false,
      "groups": [],
      "actor": "Pronghorn",
      "x": 0.4244426094137077,
      "y": 0.7369007803790413,
      "scheduled": false
    },
    "5a33": {
      "name": "newVariable",
      "canvasName": "newVariable",
      "summary": "Create a Job Variable",
      "description": "Create a new Job variable by Job ID and assign it a value.",
      "location": "Application",
      "locationType": null,
      "app": "WorkFlowEngine",
      "type": "operation",
      "displayName": "WorkFlowEngine",
      "variables": {
        "incoming": {
          "name": "reason",
          "value": "default"
        },
        "outgoing": {
          "value": null
        }
      },
      "deprecated": false,
      "groups": [],
      "x": -0.1255161023947151,
      "y": 0.49944258639910816
    }
  },
  "transitions": {
    "5352": {
      "d895": {
        "type": "standard",
        "state": "success"
      }
    },
    "9050": {
      "b642": {
        "type": "standard",
        "state": "success"
      }
    },
    "workflow_start": {
      "15c2": {
        "type": "standard",
        "state": "success"
      }
    },
    "workflow_end": {},
    "d895": {
      "8e19": {
        "type": "standard",
        "state": "success"
      }
    },
    "8e19": {
      "c8c8": {
        "type": "standard",
        "state": "success"
      },
      "a0dc": {
        "type": "standard",
        "state": "error"
      }
    },
    "4a42": {
      "349d": {
        "type": "standard",
        "state": "success"
      },
      "e5e8": {
        "type": "standard",
        "state": "error"
      }
    },
    "c8c8": {
      "749d": {
        "type": "standard",
        "state": "success"
      }
    },
    "749d": {
      "4a42": {
        "type": "standard",
        "state": "success"
      },
      "44f": {
        "type": "standard",
        "state": "error"
      }
    },
    "349d": {
      "eaa7": {
        "type": "standard",
        "state": "success"
      },
      "ac33": {
        "type": "standard",
        "state": "error"
      }
    },
    "eaa7": {
      "9050": {
        "type": "standard",
        "state": "success"
      },
      "b642": {
        "type": "standard",
        "state": "failure"
      }
    },
    "f18d": {},
    "74c8": {},
    "a0dc": {
      "45b8": {
        "type": "standard",
        "state": "success"
      }
    },
    "ac33": {
      "45b8": {
        "type": "standard",
        "state": "success"
      }
    },
    "e5e8": {
      "45b8": {
        "type": "standard",
        "state": "success"
      }
    },
    "15c2": {
      "5a33": {
        "type": "standard",
        "state": "success"
      }
    },
    "bae3": {
      "workflow_end": {
        "type": "standard",
        "state": "success"
      }
    },
    "625c": {
      "bae3": {
        "type": "standard",
        "state": "success"
      }
    },
    "45b8": {
      "239b": {
        "type": "standard",
        "state": "success"
      }
    },
    "239b": {
      "b642": {
        "type": "standard",
        "state": "success"
      }
    },
    "b642": {
      "625c": {
        "type": "standard",
        "state": "success"
      }
    },
    "44f": {
      "45b8": {
        "type": "standard",
        "state": "success"
      }
    },
    "5a33": {
      "5352": {
        "type": "standard",
        "state": "success"
      }
    }
  },
  "type": "automation",
  "tags": [],
  "groups": [],
  "migrationVersion": 1
}