{
  "canvasVersion": 1,
  "created": "2023-03-27T12:36:07.622Z",
  "createdVersion": "5.44.64-2022.1.29.0",
  "created_by": {
    "provenance": "local_aaa",
    "username": "admin@pronghorn",
    "firstname": "admin",
    "inactive": false
  },
  "font_size": 12,
  "inputSchema": {
    "type": "object",
    "properties": {
      "tmfType": {
        "$id": "tmfType",
        "type": "string",
        "examples": [
          "serviceOrder",
          "alarm"
        ]
      },
      "eventType": {
        "$id": "eventType",
        "type": "string",
        "examples": [
          "ServiceOrderCreateEvent"
        ]
      },
      "jobId": {
        "$id": "jobId",
        "type": "string",
        "examples": [
          "6f352bca-6d1a-452b-b25a-915026b67a18"
        ]
      }
    },
    "required": [
      "tmfType",
      "eventType",
      "jobId"
    ]
  },
  "lastUpdatedVersion": "5.44.64-2022.1.27.0",
  "last_updated": "2023-03-31T17:27:47.286Z",
  "last_updated_by": {
    "provenance": "local_aaa",
    "username": "admin@pronghorn",
    "firstname": "admin",
    "inactive": false
  },
  "name": "PTA_TMF_sendEventNotification",
  "outputSchema": {
    "type": "object",
    "properties": {
      "tmfType": {
        "$id": "tmfType",
        "type": "string",
        "examples": [
          "serviceOrder",
          "alarm"
        ]
      },
      "eventType": {
        "$id": "eventType",
        "type": "string",
        "examples": [
          "ServiceOrderCreateEvent"
        ]
      },
      "jobId": {
        "$id": "jobId",
        "type": "string",
        "examples": [
          "6f352bca-6d1a-452b-b25a-915026b67a18"
        ]
      },
      "_id": {
        "type": "string",
        "pattern": "^[0-9a-f]{24}$"
      },
      "initiator": {
        "type": "string"
      },
      "reason": {
        "title": "response",
        "type": "string",
        "examples": [
          "awesome"
        ]
      },
      "status": {
        "type": "string"
      },
      "tmfTypeModelMap": {
        "type": "array",
        "items": {
          "type": "object",
          "properties": {
            "tmfType": {
              "type": "string"
            },
            "adapterModel": {
              "type": "string"
            }
          }
        }
      },
      "eventRecord": {
        "title": "return_data",
        "type": [
          "string",
          "number",
          "object",
          "integer",
          "array",
          "boolean",
          "null"
        ],
        "examples": [
          "value"
        ]
      },
      "eventResultArray": {
        "title": "pushedArray",
        "type": "array",
        "items": [
          {
            "type": [
              "string",
              "number",
              "integer",
              "object",
              "array",
              "boolean",
              "null"
            ]
          }
        ],
        "examples": [
          [
            "Device1",
            "Device2",
            "Device3"
          ]
        ]
      },
      "eventResponse": {
        "title": "result",
        "type": "object"
      },
      "result": {
        "type": [
          "array",
          "boolean",
          "null",
          "number",
          "object",
          "string"
        ]
      },
      "success": {
        "type": "boolean"
      }
    }
  },
  "preAutomationTime": 0,
  "sla": 0,
  "tasks": {
    "2309": {
      "name": "forEach",
      "canvasName": "forEach",
      "summary": "For Each Loop",
      "description": "Iterate over each item in an array",
      "location": "Application",
      "locationType": null,
      "app": "WorkFlowEngine",
      "type": "operation",
      "displayName": "WorkFlowEngine",
      "variables": {
        "incoming": {
          "data_array": "$var.77b6.matchedAdapters"
        },
        "outgoing": {
          "current_item": null
        },
        "error": "",
        "decorators": []
      },
      "deprecated": false,
      "groups": [],
      "x": 0.9379900213827512,
      "y": 0.4669926650366748,
      "scheduled": false
    },
    "2637": {
      "name": "stub",
      "canvasName": "stub",
      "summary": "Error Handling",
      "description": "Error Handling",
      "location": "Application",
      "locationType": null,
      "app": "WorkFlowEngine",
      "type": "automatic",
      "displayName": "Tools",
      "variables": {
        "incoming": {
          "type": "success",
          "delay": "",
          "response": "Automation Error/JST"
        },
        "outgoing": {
          "response": "$var.job.reason"
        },
        "error": "",
        "decorators": []
      },
      "deprecated": false,
      "groups": [],
      "actor": "Pronghorn",
      "x": -0.7910817506193228,
      "y": 0.9364548494983278,
      "scheduled": false
    },
    "3682": {
      "name": "stub",
      "canvasName": "stub",
      "summary": "Error Handling",
      "description": "Error Handling",
      "location": "Application",
      "locationType": null,
      "app": "WorkFlowEngine",
      "type": "automatic",
      "displayName": "Tools",
      "variables": {
        "incoming": {
          "type": "success",
          "delay": "",
          "response": "$var.job.reason"
        },
        "outgoing": {
          "response": "$var.job.reason"
        },
        "error": "",
        "decorators": []
      },
      "deprecated": false,
      "groups": [],
      "actor": "Pronghorn",
      "x": -0.6399669694467383,
      "y": 0.9442586399108138,
      "scheduled": false
    },
    "4658": {
      "name": "newVariable",
      "canvasName": "newVariable",
      "summary": "Create a Job Variable",
      "description": "Create a new Job variable by Job ID and assign it a value.",
      "location": "Application",
      "locationType": null,
      "app": "WorkFlowEngine",
      "type": "operation",
      "displayName": "WorkFlowEngine",
      "variables": {
        "incoming": {
          "name": "status",
          "value": "failure "
        },
        "outgoing": {
          "value": null
        }
      },
      "deprecated": false,
      "groups": [],
      "x": 1.5350949628406276,
      "y": 1.2073578595317727
    },
    "5700": {
      "name": "evaluation",
      "canvasName": "evaluation",
      "summary": "Eval total == 1",
      "description": "Eval total == 1 - DB Order record found",
      "location": "Application",
      "locationType": null,
      "app": "WorkFlowEngine",
      "type": "operation",
      "displayName": "WorkFlowEngine",
      "variables": {
        "incoming": {
          "all_true_flag": false,
          "evaluation_groups": [
            {
              "all_true_flag": false,
              "evaluations": [
                {
                  "query": "total",
                  "operand_1": {
                    "variable": "result",
                    "task": "8b8b"
                  },
                  "operator": "==",
                  "operand_2": {
                    "variable": 1,
                    "task": "static"
                  },
                  "rightQuery": ""
                }
              ]
            }
          ]
        },
        "outgoing": {
          "return_value": null
        }
      },
      "deprecated": false,
      "groups": [],
      "x": -0.5359942979330007,
      "y": 0.46943765281173594
    },
    "6610": {
      "name": "evaluation",
      "canvasName": "evaluation",
      "summary": "Eval tmfType == ServiceOrder",
      "description": "Eval tmfType == ServiceOrder",
      "location": "Application",
      "locationType": null,
      "app": "WorkFlowEngine",
      "type": "operation",
      "displayName": "WorkFlowEngine",
      "variables": {
        "incoming": {
          "all_true_flag": false,
          "evaluation_groups": [
            {
              "all_true_flag": false,
              "evaluations": [
                {
                  "query": "",
                  "operand_1": {
                    "variable": "tmfType",
                    "task": "job",
                    "editable": true
                  },
                  "operator": "==",
                  "operand_2": {
                    "variable": "ServiceOrder",
                    "task": "static"
                  },
                  "rightQuery": ""
                }
              ]
            }
          ]
        },
        "outgoing": {
          "return_value": null
        }
      },
      "deprecated": false,
      "groups": [],
      "x": 1.1354252683732453,
      "y": -0.4682274247491639
    },
    "9172": {
      "name": "stub",
      "canvasName": "stub",
      "summary": "Error Handling",
      "description": "Error Handling",
      "location": "Application",
      "locationType": null,
      "app": "WorkFlowEngine",
      "type": "automatic",
      "displayName": "Tools",
      "variables": {
        "incoming": {
          "type": "success",
          "delay": "",
          "response": "Automation Error/JST"
        },
        "outgoing": {
          "response": "$var.job.reason"
        },
        "error": "",
        "decorators": []
      },
      "deprecated": false,
      "groups": [],
      "actor": "Pronghorn",
      "x": -0.47894302229562347,
      "y": 0.9509476031215162,
      "scheduled": false
    },
    "workflow_start": {
      "name": "workflow_start",
      "groups": [],
      "x": -1.5028901734104045,
      "y": 0.4760312151616499
    },
    "workflow_end": {
      "name": "workflow_end",
      "groups": [],
      "x": 2.1511147811725846,
      "y": 0.48049052396878483
    },
    "a01f": {
      "name": "search",
      "canvasName": "search",
      "summary": "Search DB for Event Listeners",
      "description": "Search DB for Event Listeners",
      "location": "Adapter",
      "locationType": "DBMongo",
      "app": "DBMongo",
      "type": "automatic",
      "displayName": "DBMongo",
      "variables": {
        "incoming": {
          "collectionName": "eventListeners",
          "filter": "$var.62fd.searchListeners",
          "adapter_id": "tmfApiMongodb"
        },
        "outgoing": {
          "result": null
        },
        "error": "$var.job.reason",
        "decorators": []
      },
      "deprecated": false,
      "groups": [],
      "actor": "Pronghorn",
      "x": 0.27699784017278617,
      "y": 0.47323704333050126,
      "scheduled": false
    },
    "4aa2": {
      "name": "genericAdapterRequest",
      "canvasName": "genericAdapterRequest",
      "summary": "Get Adapters",
      "description": "Get Adapters",
      "location": "Adapter",
      "locationType": "Iap",
      "app": "Iap",
      "type": "automatic",
      "displayName": "Iap",
      "variables": {
        "incoming": {
          "uriPath": "adapters",
          "restMethod": "GET",
          "queryData": {},
          "requestBody": {
            "queryOptions": {
              "equals": "@itentialopensource/adapter-apiServiceordering",
              "equalsField": "model",
              "limit": 5
            }
          },
          "addlHeaders": {},
          "adapter_id": "localIap"
        },
        "outgoing": {
          "result": null
        },
        "error": "$var.job.reason",
        "decorators": []
      },
      "deprecated": false,
      "groups": [],
      "actor": "Pronghorn",
      "x": 0.4298056155507559,
      "y": 0.47323704333050126,
      "scheduled": false
    },
    "77b6": {
      "name": "transformation",
      "canvasName": "transformation",
      "summary": "TMF Match Listener to Adapter",
      "description": "TMF Match Listener to Adapter",
      "location": "Application",
      "locationType": null,
      "app": "WorkFlowEngine",
      "type": "operation",
      "displayName": "WorkFlowEngine",
      "variables": {
        "incoming": {
          "tr_id": "63d02c0fd341d802366b7c78",
          "variableMap": {
            "eventListeners": "$var.a01f.result",
            "adapters": "$var.f7a5.filteredAdapters"
          },
          "options": {
            "extractOutput": false,
            "validateIncoming": false,
            "revertToDefaultValue": true
          }
        },
        "outgoing": {
          "matchedAdapters": null,
          "matchedAdapterCount": null
        },
        "decorators": []
      },
      "deprecated": false,
      "groups": [],
      "x": 0.7710583153347732,
      "y": 0.45964316057774,
      "task_name": "TMF Match Listener to Adapter",
      "retrySettings": null
    },
    "fa2f": {
      "name": "newVariable",
      "canvasName": "newVariable",
      "summary": "Create a Job Variable",
      "description": "Create a new Job variable by Job ID and assign it a value.",
      "location": "Application",
      "locationType": null,
      "app": "WorkFlowEngine",
      "type": "operation",
      "displayName": "WorkFlowEngine",
      "variables": {
        "incoming": {
          "name": "tmfTypeModelMap",
          "value": [
            {
              "tmfType": "ServiceOrder",
              "adapterModel": "@itentialopensource/adapter-tmf641_serviceOrderingManagement"
            },
            {
              "tmfType": "Alarm",
              "adapterModel": "@itentialopensource/adapter-tmf642_alarmManagement"
            },
            {
              "tmfType": "Service",
              "adapterModel": "@itentialopensource/adapter-tmf638_serviceInventoryManagement"
            },
            {
              "tmfType": "Resource",
              "adapterModel": "@itentialopensource/adapter-tmf639_resourceInventoryManagement"
            }
          ]
        },
        "outgoing": {
          "value": null
        }
      },
      "deprecated": false,
      "groups": [],
      "x": -1.393063583815029,
      "y": 0.5384615384615384
    },
    "d8a3": {
      "name": "query",
      "canvasName": "query",
      "summary": "Get Adapter Name",
      "description": "Get Adapter Name",
      "location": "Application",
      "locationType": null,
      "app": "WorkFlowEngine",
      "type": "operation",
      "displayName": "WorkFlowEngine",
      "variables": {
        "incoming": {
          "pass_on_null": false,
          "query": "matchedAdapter[0]data.name",
          "obj": "$var.2309.current_item"
        },
        "outgoing": {
          "return_data": null
        },
        "error": "",
        "decorators": []
      },
      "deprecated": false,
      "groups": [],
      "x": 1.0388109000825765,
      "y": 0.11371237458193979,
      "scheduled": false
    },
    "f7a5": {
      "name": "transformation",
      "canvasName": "transformation",
      "summary": "TMF Filter Adapter by Model",
      "description": "TMF Filter Adapter by Model",
      "location": "Application",
      "locationType": null,
      "app": "WorkFlowEngine",
      "type": "operation",
      "displayName": "WorkFlowEngine",
      "variables": {
        "incoming": {
          "tr_id": "63d0456dd341d802366b7c79",
          "variableMap": {
            "adapters": "$var.4aa2.result",
            "adapterModel": "$var.62fd.adapterModel"
          },
          "options": {
            "extractOutput": true,
            "validateIncoming": false,
            "revertToDefaultValue": true
          }
        },
        "outgoing": {
          "filteredAdapters": null
        },
        "decorators": []
      },
      "deprecated": false,
      "groups": [],
      "x": 0.5836933045356372,
      "y": 0.4715378079864061,
      "task_name": "TMF Filter Adapter by Model",
      "retrySettings": null
    },
    "6fbd": {
      "name": "evaluation",
      "canvasName": "evaluation",
      "summary": "Eval AdapterCount == 1",
      "description": "Eval AdapterCount == 1",
      "location": "Application",
      "locationType": null,
      "app": "WorkFlowEngine",
      "type": "operation",
      "displayName": "WorkFlowEngine",
      "variables": {
        "incoming": {
          "all_true_flag": false,
          "evaluation_groups": [
            {
              "all_true_flag": false,
              "evaluations": [
                {
                  "query": "adapterCount",
                  "operand_1": {
                    "variable": "current_item",
                    "task": "2309"
                  },
                  "operator": "==",
                  "operand_2": {
                    "variable": 1,
                    "task": "static"
                  },
                  "rightQuery": ""
                }
              ]
            }
          ]
        },
        "outgoing": {
          "return_value": null
        }
      },
      "deprecated": false,
      "groups": [],
      "x": 0.9331131296449215,
      "y": 0.11817168338907469
    },
    "8b8b": {
      "name": "find",
      "canvasName": "find",
      "summary": "Find DB TMF Record",
      "description": "Find DB TMF Record",
      "location": "Adapter",
      "locationType": "DBMongo",
      "app": "DBMongo",
      "type": "automatic",
      "displayName": "DBMongo",
      "variables": {
        "incoming": {
          "options": "$var.62fd.dbFindOrderQuery",
          "adapter_id": "tmfApiMongodb"
        },
        "outgoing": {
          "result": null
        },
        "error": "$var.job.reason",
        "decorators": []
      },
      "deprecated": false,
      "groups": [],
      "actor": "Pronghorn",
      "x": -0.6797566371681416,
      "y": 0.47323704333050126,
      "scheduled": false
    },
    "7f": {
      "name": "transformation",
      "canvasName": "transformation",
      "summary": "TMF Set Event Data",
      "description": "TMF Set Event Data",
      "location": "Application",
      "locationType": null,
      "app": "WorkFlowEngine",
      "type": "operation",
      "displayName": "WorkFlowEngine",
      "variables": {
        "incoming": {
          "tr_id": "63d1042dd341d802366b7c7a",
          "variableMap": {
            "eventType": "$var.job.eventType",
            "orderDetails": "$var.cb0a.return_data",
            "tmfType": "$var.job.tmfType"
          },
          "options": {
            "extractOutput": false,
            "validateIncoming": false,
            "revertToDefaultValue": true
          }
        },
        "outgoing": {
          "eventBody": null,
          "notificationURL": null
        },
        "decorators": []
      },
      "deprecated": false,
      "groups": [],
      "x": -0.35424091233071986,
      "y": 0.4682151589242054,
      "task_name": "TMF Set Event Data",
      "retrySettings": null
    },
    "cb0a": {
      "name": "query",
      "canvasName": "query",
      "summary": "Query Order Record",
      "description": "Query Order Record",
      "location": "Application",
      "locationType": null,
      "app": "WorkFlowEngine",
      "type": "operation",
      "displayName": "WorkFlowEngine",
      "variables": {
        "incoming": {
          "pass_on_null": false,
          "query": "response[0]",
          "obj": "$var.8b8b.result"
        },
        "outgoing": {
          "return_data": null
        },
        "error": "",
        "decorators": []
      },
      "deprecated": false,
      "groups": [],
      "x": -0.46044191019244474,
      "y": 0.4718826405867971,
      "scheduled": false
    },
    "9e96": {
      "name": "create",
      "canvasName": "create",
      "summary": "Log Event in DB",
      "description": "Log Event in DB",
      "location": "Adapter",
      "locationType": "DBMongo",
      "app": "DBMongo",
      "type": "automatic",
      "displayName": "DBMongo",
      "variables": {
        "incoming": {
          "collectionName": "eventNotifications",
          "data": "$var.7f.eventBody",
          "adapter_id": "tmfApiMongodb"
        },
        "outgoing": {
          "result": null
        },
        "error": "$var.job.reason",
        "decorators": []
      },
      "deprecated": false,
      "groups": [],
      "actor": "Pronghorn",
      "x": -0.21311475409836064,
      "y": 0.47555012224938875,
      "scheduled": false
    },
    "948e": {
      "name": "query",
      "canvasName": "query",
      "summary": "Query Event DB Record",
      "description": "Query Event DB Record",
      "location": "Application",
      "locationType": null,
      "app": "WorkFlowEngine",
      "type": "operation",
      "displayName": "WorkFlowEngine",
      "variables": {
        "incoming": {
          "pass_on_null": false,
          "query": "response",
          "obj": "$var.9e96.result"
        },
        "outgoing": {
          "return_data": "$var.job.eventRecord"
        },
        "error": "",
        "decorators": []
      },
      "deprecated": false,
      "groups": [],
      "x": -0.11119030648610122,
      "y": 0.4731051344743276,
      "scheduled": false
    },
    "d46f": {
      "name": "setObjectKey",
      "canvasName": "setObjectKey",
      "summary": "Set eventId to Event Object",
      "description": "Set eventId to Event Object",
      "location": "Application",
      "locationType": null,
      "app": "WorkFlowEngine",
      "type": "automatic",
      "displayName": "Object",
      "variables": {
        "incoming": {
          "obj": "$var.948e.return_data",
          "path": [
            "eventId"
          ],
          "value": "$var.fdba.return_data"
        },
        "outgoing": {
          "object": null
        },
        "error": "",
        "decorators": []
      },
      "deprecated": false,
      "groups": [],
      "actor": "Pronghorn",
      "x": 0.11009667024704618,
      "y": 0.47323704333050126,
      "scheduled": false
    },
    "a16d": {
      "name": "stub",
      "canvasName": "stub",
      "summary": "No Matching Adapter Found",
      "description": "No Matching Adapter Found",
      "location": "Application",
      "locationType": null,
      "app": "WorkFlowEngine",
      "type": "automatic",
      "displayName": "Tools",
      "variables": {
        "incoming": {
          "type": "success",
          "delay": "",
          "response": "No Matching Adapter Found"
        },
        "outgoing": {
          "response": null
        },
        "error": "",
        "decorators": []
      },
      "deprecated": false,
      "groups": [],
      "actor": "Pronghorn",
      "x": 0.9322873658133773,
      "y": -0.04124860646599777,
      "scheduled": false
    },
    "62fd": {
      "name": "transformation",
      "canvasName": "transformation",
      "summary": "JST TMF Send Notification Vars",
      "description": "Takes the job input parameters and constructs the various objects for DB queries and adapter execution.",
      "location": "Application",
      "locationType": null,
      "app": "WorkFlowEngine",
      "type": "operation",
      "displayName": "WorkFlowEngine",
      "variables": {
        "incoming": {
          "tr_id": "63d13c5ad341d802366b7c7c",
          "variableMap": {
            "tmfType": "$var.job.tmfType",
            "jobId": "$var.job.jobId",
            "tmfTypeModelMap": "$var.job.tmfTypeModelMap"
          },
          "options": {
            "extractOutput": false,
            "validateIncoming": true,
            "revertToDefaultValue": true
          }
        },
        "outgoing": {
          "dbFindOrderQuery": null,
          "searchListeners": null,
          "adapterModel": null
        },
        "decorators": []
      },
      "deprecated": false,
      "groups": [],
      "x": -0.8503207412687099,
      "y": 0.4779951100244499,
      "task_name": "TMF Send Notification Vars",
      "retrySettings": null
    },
    "bfa2": {
      "name": "query",
      "canvasName": "query",
      "summary": "Query listener Name",
      "description": "Query listener Name",
      "location": "Application",
      "locationType": null,
      "app": "WorkFlowEngine",
      "type": "operation",
      "displayName": "WorkFlowEngine",
      "variables": {
        "incoming": {
          "pass_on_null": false,
          "query": "listener",
          "obj": "$var.2309.current_item"
        },
        "outgoing": {
          "return_data": null
        },
        "error": "",
        "decorators": []
      },
      "deprecated": false,
      "groups": [],
      "x": 0.9364161849710982,
      "y": 0.27647714604236345,
      "scheduled": false
    },
    "73b0": {
      "name": "newVariable",
      "canvasName": "newVariable",
      "summary": "Create a Job Variable",
      "description": "Create a new Job variable by Job ID and assign it a value.",
      "location": "Application",
      "locationType": null,
      "app": "WorkFlowEngine",
      "type": "operation",
      "displayName": "WorkFlowEngine",
      "variables": {
        "incoming": {
          "name": "eventResultArray",
          "value": []
        },
        "outgoing": {
          "value": null
        }
      },
      "deprecated": false,
      "groups": [],
      "x": -1.398018166804294,
      "y": 0.32998885172798215
    },
    "ae2a": {
      "name": "merge",
      "canvasName": "merge",
      "summary": "Merge Data",
      "description": "Merge data into a single object",
      "location": "Application",
      "locationType": null,
      "app": "WorkFlowEngine",
      "type": "operation",
      "displayName": "WorkFlowEngine",
      "variables": {
        "incoming": {
          "data_to_merge": [
            {
              "key": "listener",
              "value": {
                "task": "bfa2",
                "variable": "return_data"
              }
            },
            {
              "key": "adapter",
              "value": {
                "task": "d8a3",
                "variable": "return_data"
              }
            },
            {
              "key": "postResponse",
              "value": {
                "task": "721c",
                "variable": "return_data"
              }
            }
          ]
        },
        "outgoing": {
          "merged_object": null
        }
      },
      "deprecated": false,
      "groups": [],
      "x": 1.7539223781998348,
      "y": -0.39018952062430323
    },
    "721c": {
      "name": "query",
      "canvasName": "query",
      "summary": "Query post Event Response",
      "description": "Query post Event Response",
      "location": "Application",
      "locationType": null,
      "app": "WorkFlowEngine",
      "type": "operation",
      "displayName": "WorkFlowEngine",
      "variables": {
        "incoming": {
          "pass_on_null": false,
          "query": "response",
          "obj": "$var.job.eventResponse"
        },
        "outgoing": {
          "return_data": null
        },
        "error": "",
        "decorators": []
      },
      "deprecated": false,
      "groups": [],
      "x": 1.6424442609413707,
      "y": -0.4013377926421405,
      "scheduled": false
    },
    "1d8e": {
      "name": "arrayPush",
      "canvasName": "push",
      "summary": "Adds an element to the end of the array.",
      "description": "Adds one element to the end of an array and returns the (newly modified) array.",
      "location": "Application",
      "locationType": null,
      "app": "WorkFlowEngine",
      "type": "automatic",
      "displayName": "Array",
      "variables": {
        "incoming": {
          "arr": "$var.job.eventResultArray",
          "elementN": "$var.ae2a.merged_object"
        },
        "outgoing": {
          "pushedArray": "$var.job.eventResultArray"
        },
        "error": "",
        "decorators": []
      },
      "deprecated": false,
      "groups": [],
      "actor": "Pronghorn",
      "x": 1.9182493806771264,
      "y": -0.3935340022296544,
      "scheduled": false
    },
    "ec89": {
      "name": "merge",
      "canvasName": "merge",
      "summary": "Merge Data",
      "description": "Merge data into a single object",
      "location": "Application",
      "locationType": null,
      "app": "WorkFlowEngine",
      "type": "operation",
      "displayName": "WorkFlowEngine",
      "variables": {
        "incoming": {
          "data_to_merge": [
            {
              "key": "listener",
              "value": {
                "task": "bfa2",
                "variable": "return_data"
              }
            },
            {
              "key": "adapter",
              "value": {
                "task": "static",
                "variable": "No Linked Adapter"
              }
            },
            {
              "key": "postResponse",
              "value": {
                "task": "static",
                "variable": "Not Sent"
              }
            }
          ]
        },
        "outgoing": {
          "merged_object": null
        }
      },
      "deprecated": false,
      "groups": [],
      "x": 0.9265070189925682,
      "y": -0.1939799331103679
    },
    "f4a2": {
      "name": "arrayPush",
      "canvasName": "push",
      "summary": "Adds an element to the end of the array.",
      "description": "Adds one element to the end of an array and returns the (newly modified) array.",
      "location": "Application",
      "locationType": null,
      "app": "WorkFlowEngine",
      "type": "automatic",
      "displayName": "Array",
      "variables": {
        "incoming": {
          "arr": "$var.job.eventResultArray",
          "elementN": "$var.ec89.merged_object"
        },
        "outgoing": {
          "pushedArray": "$var.job.eventResultArray"
        },
        "error": "",
        "decorators": []
      },
      "deprecated": false,
      "groups": [],
      "actor": "Pronghorn",
      "x": 0.93476465730801,
      "y": -0.3612040133779264,
      "scheduled": false
    },
    "d9ff": {
      "name": "findAndModify",
      "canvasName": "findAndModify",
      "summary": "Update an item in the collection in the database",
      "description": "Update an item item by id in the collection in the database",
      "location": "Adapter",
      "locationType": "DBMongo",
      "app": "DBMongo",
      "type": "automatic",
      "displayName": "DBMongo",
      "variables": {
        "incoming": {
          "collectionName": "eventNotifications",
          "filter": "$var.800b.filter",
          "sort": {},
          "data": "$var.800b.data",
          "multi": false,
          "upsert": true,
          "adapter_id": "tmfApiMongodb"
        },
        "outgoing": {
          "result": null
        },
        "error": "$var.job.reason",
        "decorators": []
      },
      "deprecated": false,
      "groups": [],
      "actor": "Pronghorn",
      "x": 1.3895486935866983,
      "y": 0.47833474936278675,
      "scheduled": false
    },
    "800b": {
      "name": "transformation",
      "canvasName": "transformation",
      "summary": "TMF Event Notification - DB Find and Update",
      "description": "Creates the request body required to find and update the MongoDB document.",
      "location": "Application",
      "locationType": null,
      "app": "WorkFlowEngine",
      "type": "operation",
      "displayName": "WorkFlowEngine",
      "variables": {
        "incoming": {
          "tr_id": "63d3c93414410e0246e4a3d5",
          "variableMap": {
            "eventId": "$var.fdba.return_data",
            "result": "$var.job.eventResultArray"
          },
          "options": {
            "extractOutput": false,
            "validateIncoming": true,
            "revertToDefaultValue": true
          }
        },
        "outgoing": {
          "filter": null,
          "data": null
        },
        "decorators": []
      },
      "deprecated": false,
      "groups": [],
      "x": 1.1493018259935552,
      "y": 0.47068819031435855,
      "task_name": "TMF Event Notification - DB Find and Update",
      "retrySettings": null
    },
    "fdba": {
      "name": "query",
      "canvasName": "query",
      "summary": "Query Event _id",
      "description": "Query Event _id",
      "location": "Application",
      "locationType": null,
      "app": "WorkFlowEngine",
      "type": "operation",
      "displayName": "WorkFlowEngine",
      "variables": {
        "incoming": {
          "pass_on_null": false,
          "query": "response._id",
          "obj": "$var.9e96.result"
        },
        "outgoing": {
          "return_data": "$var.job.eventRecord"
        },
        "error": "",
        "decorators": []
      },
      "deprecated": false,
      "groups": [],
      "x": -0.02309344790547798,
      "y": 0.4766355140186916,
      "scheduled": false
    },
    "7ab3": {
      "name": "evaluation",
      "canvasName": "evaluation",
      "summary": "Eval tmfType == Service",
      "description": "Eval tmfType == Service",
      "location": "Application",
      "locationType": null,
      "app": "WorkFlowEngine",
      "type": "operation",
      "displayName": "WorkFlowEngine",
      "variables": {
        "incoming": {
          "all_true_flag": false,
          "evaluation_groups": [
            {
              "all_true_flag": false,
              "evaluations": [
                {
                  "query": "",
                  "operand_1": {
                    "variable": "tmfType",
                    "task": "job",
                    "editable": true
                  },
                  "operator": "==",
                  "operand_2": {
                    "variable": "Service",
                    "task": "static"
                  },
                  "rightQuery": ""
                }
              ]
            }
          ]
        },
        "outgoing": {
          "return_value": null
        }
      },
      "deprecated": false,
      "groups": [],
      "x": 1.1469859620148637,
      "y": -0.3054626532887402
    },
    "8ad0": {
      "name": "evaluation",
      "canvasName": "evaluation",
      "summary": "Eval tmfType == Resource",
      "description": "Eval tmfType == Resource",
      "location": "Application",
      "locationType": null,
      "app": "WorkFlowEngine",
      "type": "operation",
      "displayName": "WorkFlowEngine",
      "variables": {
        "incoming": {
          "all_true_flag": false,
          "evaluation_groups": [
            {
              "all_true_flag": false,
              "evaluations": [
                {
                  "query": "",
                  "operand_1": {
                    "variable": "tmfType",
                    "task": "job",
                    "editable": true
                  },
                  "operator": "==",
                  "operand_2": {
                    "variable": "Resource",
                    "task": "static"
                  },
                  "rightQuery": ""
                }
              ]
            }
          ]
        },
        "outgoing": {
          "return_value": null
        }
      },
      "deprecated": false,
      "groups": [],
      "x": 1.1428571428571428,
      "y": -0.1505016722408027
    },
    "b42": {
      "name": "genericAdapterRequest",
      "canvasName": "genericAdapterRequest",
      "summary": "POST Event Notification Service Order",
      "description": "POST Event Notification TMF641 Service Order",
      "location": "Adapter",
      "locationType": "Tmf641ServiceOrderingManagement",
      "app": "Tmf641ServiceOrderingManagement",
      "type": "automatic",
      "displayName": "Tmf641ServiceOrderingManagement",
      "variables": {
        "incoming": {
          "uriPath": "$var.7f.notificationURL",
          "restMethod": "POST",
          "queryData": {},
          "requestBody": "$var.d46f.object",
          "addlHeaders": {},
          "adapter_id": "$var.d8a3.return_data"
        },
        "outgoing": {
          "result": "$var.job.eventResponse"
        },
        "error": "$var.job.reason",
        "decorators": []
      },
      "deprecated": false,
      "groups": [],
      "actor": "Pronghorn",
      "x": 1.105217391304348,
      "y": -1.3384813384813385,
      "scheduled": false
    },
    "ec83": {
      "name": "genericAdapterRequest",
      "canvasName": "genericAdapterRequest",
      "summary": "POST Event Notification Resource",
      "description": "Event Notification Resource TMF639",
      "location": "Adapter",
      "locationType": "Tmf639ResourceInventoryManagement",
      "app": "Tmf639ResourceInventoryManagement",
      "type": "automatic",
      "displayName": "Tmf639ResourceInventoryManagement",
      "variables": {
        "incoming": {
          "uriPath": "$var.7f.notificationURL",
          "restMethod": "POST",
          "queryData": {},
          "requestBody": "$var.d46f.object",
          "addlHeaders": {},
          "adapter_id": "$var.d8a3.return_data"
        },
        "outgoing": {
          "result": "$var.job.eventResponse"
        },
        "error": "$var.job.reason",
        "decorators": []
      },
      "deprecated": false,
      "groups": [],
      "actor": "Pronghorn",
      "x": 1.911304347826087,
      "y": -0.9884169884169884,
      "scheduled": false
    },
    "b538": {
      "name": "genericAdapterRequest",
      "canvasName": "genericAdapterRequest",
      "summary": "POST Event Notification Service",
      "description": "POST Event Notification Service TMF638",
      "location": "Adapter",
      "locationType": "Tmf638ServiceInventoryManagement",
      "app": "Tmf638ServiceInventoryManagement",
      "type": "automatic",
      "displayName": "Tmf638ServiceInventoryManagement",
      "variables": {
        "incoming": {
          "uriPath": "$var.7f.notificationURL",
          "restMethod": "POST",
          "queryData": {},
          "requestBody": "$var.d46f.object",
          "addlHeaders": {},
          "adapter_id": "$var.d8a3.return_data"
        },
        "outgoing": {
          "result": "$var.job.eventResponse"
        },
        "error": "$var.job.reason",
        "decorators": []
      },
      "deprecated": false,
      "groups": [],
      "actor": "Pronghorn",
      "x": 1.5078260869565216,
      "y": -1.1801801801801801,
      "scheduled": false
    },
    "a65e": {
      "name": "newVariable",
      "canvasName": "newVariable",
      "summary": "Create a Job Variable",
      "description": "Create a new Job variable by Job ID and assign it a value.",
      "location": "Application",
      "locationType": null,
      "app": "WorkFlowEngine",
      "type": "operation",
      "displayName": "WorkFlowEngine",
      "variables": {
        "incoming": {
          "name": "result",
          "value": "$var.caa3.merged_object"
        },
        "outgoing": {
          "value": null
        }
      },
      "deprecated": false,
      "groups": [],
      "x": 2.0066061106523536,
      "y": 0.48049052396878483
    },
    "caa3": {
      "name": "merge",
      "canvasName": "merge",
      "summary": "Merge result",
      "description": "Merge result object",
      "location": "Application",
      "locationType": null,
      "app": "WorkFlowEngine",
      "type": "operation",
      "displayName": "WorkFlowEngine",
      "variables": {
        "incoming": {
          "data_to_merge": [
            {
              "key": "success",
              "value": {
                "task": "f31b",
                "variable": "success"
              }
            },
            {
              "key": "status",
              "value": {
                "task": "f31b",
                "variable": "status"
              }
            },
            {
              "key": "reason",
              "value": {
                "task": "f31b",
                "variable": "reason"
              }
            }
          ]
        },
        "outgoing": {
          "merged_object": null
        }
      },
      "deprecated": false,
      "groups": [],
      "x": 1.8620974401321222,
      "y": 0.483835005574136
    },
    "f31b": {
      "name": "transformation",
      "canvasName": "transformation",
      "summary": "PTA_resultProcessing",
      "description": "Perform a JSON Transformation using the JST library.",
      "location": "Application",
      "locationType": null,
      "app": "WorkFlowEngine",
      "type": "operation",
      "displayName": "WorkFlowEngine",
      "variables": {
        "incoming": {
          "tr_id": "641dfb7e3eab3f7b6d78124d",
          "variableMap": {
            "success": "$var.job.success",
            "status": "$var.job.status",
            "reason": "$var.job.reason"
          },
          "options": {
            "extractOutput": false,
            "validateIncoming": true,
            "revertToDefaultValue": true
          }
        },
        "outgoing": {
          "success": null,
          "status": null,
          "reason": null
        },
        "decorators": []
      },
      "deprecated": false,
      "groups": [],
      "x": 1.7200660611065235,
      "y": 0.4816053511705686,
      "task_name": "PTA_resultProcessing",
      "retrySettings": null
    },
    "ab71": {
      "name": "newVariable",
      "canvasName": "newVariable",
      "summary": "Create a Job Variable",
      "description": "Create a new Job variable by Job ID and assign it a value.",
      "location": "Application",
      "locationType": null,
      "app": "WorkFlowEngine",
      "type": "operation",
      "displayName": "WorkFlowEngine",
      "variables": {
        "incoming": {
          "name": "reason",
          "value": "default"
        },
        "outgoing": {
          "value": null
        }
      },
      "deprecated": false,
      "groups": [],
      "x": -1.2394715111478116,
      "y": 0.3311036789297659
    },
    "25c5": {
      "name": "newVariable",
      "canvasName": "newVariable",
      "summary": "Create a Job Variable",
      "description": "Create a new Job variable by Job ID and assign it a value.",
      "location": "Application",
      "locationType": null,
      "app": "WorkFlowEngine",
      "type": "operation",
      "displayName": "WorkFlowEngine",
      "variables": {
        "incoming": {
          "name": "success",
          "value": true
        },
        "outgoing": {
          "value": null
        }
      },
      "deprecated": false,
      "groups": [],
      "x": -1.2386457473162675,
      "y": 0.5351170568561873
    },
    "4a2a": {
      "name": "newVariable",
      "canvasName": "newVariable",
      "summary": "Create a Job Variable",
      "description": "Create a new Job variable by Job ID and assign it a value.",
      "location": "Application",
      "locationType": null,
      "app": "WorkFlowEngine",
      "type": "operation",
      "displayName": "WorkFlowEngine",
      "variables": {
        "incoming": {
          "name": "status",
          "value": "success "
        },
        "outgoing": {
          "value": null
        }
      },
      "deprecated": false,
      "groups": [],
      "x": -1.106523534269199,
      "y": 0.47268673355629875
    },
    "97ee": {
      "name": "stub",
      "canvasName": "stub",
      "summary": "Error Handling",
      "description": "Error Handling",
      "location": "Application",
      "locationType": null,
      "app": "WorkFlowEngine",
      "type": "automatic",
      "displayName": "Tools",
      "variables": {
        "incoming": {
          "type": "success",
          "delay": "",
          "response": "$var.job.reason"
        },
        "outgoing": {
          "response": "$var.job.reason"
        },
        "error": "",
        "decorators": []
      },
      "deprecated": false,
      "groups": [],
      "actor": "Pronghorn",
      "x": -0.21882741535920727,
      "y": 0.9498327759197325,
      "scheduled": false
    },
    "c3df": {
      "name": "stub",
      "canvasName": "stub",
      "summary": "Error Handling",
      "description": "Error Handling",
      "location": "Application",
      "locationType": null,
      "app": "WorkFlowEngine",
      "type": "automatic",
      "displayName": "Tools",
      "variables": {
        "incoming": {
          "type": "success",
          "delay": "",
          "response": "$var.job.reason"
        },
        "outgoing": {
          "response": "$var.job.reason"
        },
        "error": "",
        "decorators": []
      },
      "deprecated": false,
      "groups": [],
      "actor": "Pronghorn",
      "x": 0.2749793559042114,
      "y": 1,
      "scheduled": false
    },
    "ca62": {
      "name": "stub",
      "canvasName": "stub",
      "summary": "Error Handling",
      "description": "Error Handling",
      "location": "Application",
      "locationType": null,
      "app": "WorkFlowEngine",
      "type": "automatic",
      "displayName": "Tools",
      "variables": {
        "incoming": {
          "type": "success",
          "delay": "",
          "response": "Automation Error/JST"
        },
        "outgoing": {
          "response": "$var.job.reason"
        },
        "error": "",
        "decorators": []
      },
      "deprecated": false,
      "groups": [],
      "actor": "Pronghorn",
      "x": 0.7795210569777044,
      "y": 1.0100334448160535,
      "scheduled": false
    },
    "f0a4": {
      "name": "newVariable",
      "canvasName": "newVariable",
      "summary": "Create a Job Variable",
      "description": "Create a new Job variable by Job ID and assign it a value.",
      "location": "Application",
      "locationType": null,
      "app": "WorkFlowEngine",
      "type": "operation",
      "displayName": "WorkFlowEngine",
      "variables": {
        "incoming": {
          "name": "success",
          "value": false
        },
        "outgoing": {
          "value": null
        }
      },
      "deprecated": false,
      "groups": [],
      "x": 1.6919900908340215,
      "y": 1.2040133779264215
    },
    "bb9c": {
      "name": "stub",
      "canvasName": "stub",
      "summary": "Error Handling",
      "description": "Error Handling",
      "location": "Application",
      "locationType": null,
      "app": "WorkFlowEngine",
      "type": "automatic",
      "displayName": "Tools",
      "variables": {
        "incoming": {
          "type": "success",
          "delay": "",
          "response": "$var.job.reason"
        },
        "outgoing": {
          "response": "$var.job.reason"
        },
        "error": "",
        "decorators": []
      },
      "deprecated": false,
      "groups": [],
      "actor": "Pronghorn",
      "x": 1.5208695652173914,
      "y": 0.11454311454311454,
      "scheduled": false
    }
  },
  "transitions": {
    "2309": {
      "bfa2": {
        "type": "standard",
        "state": "loop"
      },
      "800b": {
        "type": "standard",
        "state": "success"
      }
    },
    "2637": {
      "4658": {
        "type": "standard",
        "state": "success"
      }
    },
    "3682": {
      "4658": {
        "type": "standard",
        "state": "success"
      }
    },
    "4658": {
      "f0a4": {
        "type": "standard",
        "state": "success"
      }
    },
    "5671": {},
    "5700": {
      "cb0a": {
        "type": "standard",
        "state": "success"
      }
    },
    "6610": {
      "7ab3": {
        "type": "standard",
        "state": "failure"
      },
      "b42": {
        "type": "standard",
        "state": "success"
      }
    },
    "6879": {},
    "9172": {
      "4658": {
        "type": "standard",
        "state": "success"
      }
    },
    "workflow_start": {
      "73b0": {
        "type": "standard",
        "state": "success"
      }
    },
    "workflow_end": {},
    "a01f": {
      "4aa2": {
        "type": "standard",
        "state": "success"
      },
      "c3df": {
        "type": "standard",
        "state": "error"
      }
    },
    "4aa2": {
      "f7a5": {
        "type": "standard",
        "state": "success"
      },
      "c3df": {
        "type": "standard",
        "state": "error"
      }
    },
    "77b6": {
      "2309": {
        "type": "standard",
        "state": "success"
      },
      "ca62": {
        "type": "standard",
        "state": "error"
      }
    },
    "fa2f": {
      "25c5": {
        "type": "standard",
        "state": "success"
      }
    },
    "d8a3": {
      "6610": {
        "type": "standard",
        "state": "success"
      }
    },
    "f7a5": {
      "77b6": {
        "type": "standard",
        "state": "success"
      },
      "ca62": {
        "type": "standard",
        "state": "error"
      }
    },
    "6fbd": {
      "d8a3": {
        "type": "standard",
        "state": "success"
      },
      "a16d": {
        "type": "standard",
        "state": "failure"
      }
    },
    "1ee8": {},
    "8b8b": {
      "3682": {
        "type": "standard",
        "state": "error"
      },
      "5700": {
        "type": "standard",
        "state": "success"
      }
    },
    "7f": {
      "9172": {
        "type": "standard",
        "state": "error"
      },
      "9e96": {
        "type": "standard",
        "state": "success"
      }
    },
    "cb0a": {
      "7f": {
        "type": "standard",
        "state": "success"
      }
    },
    "9e96": {
      "948e": {
        "type": "standard",
        "state": "success"
      },
      "97ee": {
        "type": "standard",
        "state": "error"
      }
    },
    "948e": {
      "fdba": {
        "type": "standard",
        "state": "success"
      }
    },
    "d46f": {
      "a01f": {
        "type": "standard",
        "state": "success"
      }
    },
    "a16d": {
      "ec89": {
        "type": "standard",
        "state": "success"
      }
    },
    "62fd": {
      "2637": {
        "type": "standard",
        "state": "error"
      },
      "8b8b": {
        "type": "standard",
        "state": "success"
      }
    },
    "bfa2": {
      "6fbd": {
        "type": "standard",
        "state": "success"
      }
    },
    "73b0": {
      "fa2f": {
        "type": "standard",
        "state": "success"
      }
    },
    "ae2a": {
      "1d8e": {
        "type": "standard",
        "state": "success"
      }
    },
    "721c": {
      "ae2a": {
        "type": "standard",
        "state": "success"
      }
    },
    "1d8e": {},
    "ec89": {
      "f4a2": {
        "type": "standard",
        "state": "success"
      }
    },
    "f4a2": {},
    "d9ff": {
      "f31b": {
        "type": "standard",
        "state": "success"
      },
      "bb9c": {
        "type": "standard",
        "state": "error"
      }
    },
    "800b": {
      "d9ff": {
        "type": "standard",
        "state": "success"
      },
      "ca62": {
        "type": "standard",
        "state": "error"
      }
    },
    "fdba": {
      "d46f": {
        "type": "standard",
        "state": "success"
      }
    },
    "7ab3": {
      "8ad0": {
        "type": "standard",
        "state": "failure"
      },
      "b538": {
        "type": "standard",
        "state": "success"
      }
    },
    "8ad0": {
      "ec83": {
        "type": "standard",
        "state": "success"
      }
    },
    "b42": {
      "721c": {
        "type": "standard",
        "state": "success"
      }
    },
    "ec83": {
      "721c": {
        "type": "standard",
        "state": "success"
      }
    },
    "b538": {
      "721c": {
        "type": "standard",
        "state": "success"
      }
    },
    "a65e": {
      "workflow_end": {
        "type": "standard",
        "state": "success"
      }
    },
    "caa3": {
      "a65e": {
        "type": "standard",
        "state": "success"
      }
    },
    "f31b": {
      "caa3": {
        "type": "standard",
        "state": "success"
      }
    },
    "ab71": {
      "4a2a": {
        "type": "standard",
        "state": "success"
      }
    },
    "25c5": {
      "ab71": {
        "type": "standard",
        "state": "success"
      }
    },
    "4a2a": {
      "62fd": {
        "type": "standard",
        "state": "success"
      }
    },
    "97ee": {
      "4658": {
        "type": "standard",
        "state": "success"
      }
    },
    "c3df": {
      "4658": {
        "type": "standard",
        "state": "success"
      }
    },
    "ca62": {
      "4658": {
        "type": "standard",
        "state": "success"
      }
    },
    "f0a4": {
      "f31b": {
        "type": "standard",
        "state": "success"
      }
    },
    "bb9c": {
      "4658": {
        "type": "standard",
        "state": "success"
      }
    }
  },
  "type": "automation",
  "tags": [],
  "groups": [],
  "migrationVersion": 1
}