{
  "name": "PTA_startServiceInventoryAllocation_netbox",
  "type": "automation",
  "tasks": {
    "119": {
      "name": "newVariable",
      "canvasName": "newVariable",
      "summary": "Create a Job Variable",
      "description": "Create a new Job variable by Job ID and assign it a value.",
      "location": "Application",
      "locationType": null,
      "app": "WorkFlowEngine",
      "type": "operation",
      "displayName": "WorkFlowEngine",
      "variables": {
        "incoming": {
          "name": "success",
          "value": true
        },
        "outgoing": {
          "value": null
        }
      },
      "deprecated": false,
      "groups": [],
      "x": -1.1213759213759213,
      "y": 0.3770491803278688
    },
    "1803": {
      "name": "query",
      "canvasName": "query",
      "summary": "Query Error Response",
      "description": "Query Error Response",
      "location": "Application",
      "locationType": null,
      "app": "WorkFlowEngine",
      "type": "operation",
      "displayName": "WorkFlowEngine",
      "variables": {
        "incoming": {
          "pass_on_null": false,
          "query": "IAPerror.raw_response.response",
          "obj": "$var.4090.error"
        },
        "outgoing": {
          "return_data": "$var.job.reason"
        },
        "error": "",
        "decorators": []
      },
      "deprecated": false,
      "groups": [],
      "x": -0.3831544178364988,
      "y": 0.6061320754716981,
      "scheduled": false
    },
    "2398": {
      "name": "newVariable",
      "canvasName": "newVariable",
      "summary": "Create a Job Variable",
      "description": "Create a new Job variable by Job ID and assign it a value.",
      "location": "Application",
      "locationType": null,
      "app": "WorkFlowEngine",
      "type": "operation",
      "displayName": "WorkFlowEngine",
      "variables": {
        "incoming": {
          "name": "postPluginsServiceOrderResponse",
          "value": {
            "icode": "AD.201",
            "response": {
              "id": 5,
              "tags": [],
              "custom_fields": {},
              "display": "19e67f34-b2c3-4c6d-9fad-ecca3ce63308",
              "url": "http://172.20.102.120:8000/api/plugins/service-pools/service-order/5/",
              "created": "2023-03-28T14:02:09.806427Z",
              "last_updated": "2023-03-28T14:02:09.806449Z",
              "custom_field_data": {},
              "uuid": "19e67f34-b2c3-4c6d-9fad-ecca3ce63308",
              "name": "Saleh",
              "state": "open",
              "description": "testDescription",
              "category": "testCategory",
              "external_id": "",
              "tmf641_payload": {},
              "service_name": null
            },
            "headers": {
              "content-type": "application/json",
              "location": "http://172.20.102.120:8000/api/plugins/service-pools/service-order/5/",
              "vary": "Accept, Cookie, Origin",
              "allow": "GET, POST, PUT, PATCH, DELETE, HEAD, OPTIONS",
              "api-version": "3.4",
              "x-content-type-options": "nosniff",
              "referrer-policy": "same-origin",
              "cross-origin-opener-policy": "same-origin",
              "x-frame-options": "SAMEORIGIN",
              "content-length": "463",
              "server": "Unit/1.29.1",
              "date": "Tue, 28 Mar 2023 14:02:09 GMT",
              "connection": "close"
            },
            "metrics": {
              "code": 201,
              "timeouts": 0,
              "redirects": 0,
              "retries": 0,
              "tripTime": 32,
              "isThrottling": false,
              "capabilityTime": "36ms"
            }
          }
        },
        "outgoing": {
          "value": null
        }
      },
      "deprecated": false,
      "groups": [],
      "x": 0.09991742361684558,
      "y": 0.17806603773584906
    },
    "3981": {
      "name": "stub",
      "canvasName": "stub",
      "summary": "Stub",
      "description": "Create a stub for an automated task",
      "location": "Application",
      "locationType": null,
      "app": "WorkFlowEngine",
      "type": "automatic",
      "displayName": "Tools",
      "variables": {
        "incoming": {
          "type": "success",
          "delay": "",
          "response": "Automation error"
        },
        "outgoing": {
          "response": "$var.job.reason"
        },
        "error": "",
        "decorators": []
      },
      "deprecated": false,
      "groups": [],
      "actor": "Pronghorn",
      "x": 0.02559867877786953,
      "y": 0.8136792452830188,
      "scheduled": false
    },
    "4090": {
      "name": "postPluginsServicePoolsCustomService",
      "canvasName": "postPluginsServicePoolsCustomService",
      "summary": "POST service",
      "description": "POST service",
      "location": "Adapter",
      "locationType": "NetboxV33",
      "app": "NetboxV33",
      "type": "automatic",
      "displayName": "NetboxV33",
      "variables": {
        "incoming": {
          "data": "$var.54f6.createServicePayload",
          "adapter_id": "netbox"
        },
        "outgoing": {
          "result": "$var.job.customServiceResponse"
        },
        "error": "$var.job.reason",
        "decorators": []
      },
      "deprecated": false,
      "groups": [],
      "actor": "Pronghorn",
      "x": -0.4051069703243616,
      "y": 0.3594936708860759,
      "scheduled": false
    },
    "9644": {
      "name": "newVariable",
      "canvasName": "newVariable",
      "summary": "Create a Job Variable",
      "description": "Create a new Job variable by Job ID and assign it a value.",
      "location": "Application",
      "locationType": null,
      "app": "WorkFlowEngine",
      "type": "operation",
      "displayName": "WorkFlowEngine",
      "variables": {
        "incoming": {
          "name": "result",
          "value": "$var.b329.result"
        },
        "outgoing": {
          "value": null
        }
      },
      "deprecated": false,
      "groups": [],
      "x": 0.9730848861283644,
      "y": 0.37721518987341773
    },
    "workflow_start": {
      "name": "workflow_start",
      "groups": [],
      "x": -1.2972749793559042,
      "y": 0.375
    },
    "workflow_end": {
      "name": "workflow_end",
      "groups": [],
      "x": 1.0538302277432712,
      "y": 0.3810126582278481
    },
    "853b": {
      "name": "stub",
      "canvasName": "stub",
      "summary": "orderModel_Readme",
      "description": "Sample payload:\n{\n\t\t\"orderModel\": {\n\t\t  \"inventory\": {\n\t\t\t\"autoNegotiate\": false,\n\t\t\t\"custom_fields\": [\n\t\t\t  {\n\t\t\t\t\"custom_fields\": {\n\t\t\t\t  \"status\": \"reserved\"\n\t\t\t\t},\n\t\t\t\t\"device\": {\n\t\t\t\t  \"id\": 3,\n\t\t\t\t  \"name\": \"PE1\"\n\t\t\t\t},\n\t\t\t\t\"display\": \"FourHundredGigE0/0/0/4\",\n\t\t\t\t\"id\": 15,\n\t\t\t\t\"url\": \"http://172.20.102.120:8000/api/dcim/interfaces/15/\",\n\t\t\t\t\"vdcs\": []\n\t\t\t  }\n\t\t\t],\n\t\t\t\"deviceName\": \"PE1\",\n\t\t\t\"interfaceDescription\": \"\",\n\t\t\t\"interfaceName\": \"FourHundredGigE0/0/0/4\",\n\t\t\t\"mtu\": 25000\n\t\t  },\n\t\t  \"serviceOrder\": {\n\t\t\t\"@type\": \"ServiceOrder\",\n\t\t\t\"category\": \"global.fabricport\",\n\t\t\t\"description\": \"Port order details\",\n\t\t\t\"externalId\": \"00019577_FR0007145\",\n\t\t\t\"notificationContact\": \"VlocityDigico\",\n\t\t\t\"serviceOrderItem\": [\n\t\t\t  {\n\t\t\t\t\"@type\": \"ServiceOrderItem\",\n\t\t\t\t\"action\": \"add\",\n\t\t\t\t\"id\": \"81b4970c-ce59-11ed-afa1-0242ac120002\",\n\t\t\t\t\"service\": {\n\t\t\t\t  \"@type\": \"Service\",\n\t\t\t\t  \"category\": \"CFS\",\n\t\t\t\t  \"description\": \"Network Port Connectivity Service\",\n\t\t\t\t  \"name\": \"Network Port Connectivity\",\n\t\t\t\t  \"place\": [\n\t\t\t\t\t{\n\t\t\t\t\t  \"@type\": \"RelatedPlaceRefOrValue\",\n\t\t\t\t\t  \"id\": \"amh-eu\",\n\t\t\t\t\t  \"name\": \"Amsterdam Hempoint\",\n\t\t\t\t\t  \"role\": \"soe_site_id\"\n\t\t\t\t\t}\n\t\t\t\t  ],\n\t\t\t\t  \"serviceCharacteristic\": [\n\t\t\t\t\t{\n\t\t\t\t\t  \"name\": \"port-type\",\n\t\t\t\t\t  \"value\": \"port-only\",\n\t\t\t\t\t  \"valueType\": \"string\"\n\t\t\t\t\t},\n\t\t\t\t\t{\n\t\t\t\t\t  \"name\": \"port-speed\",\n\t\t\t\t\t  \"value\": \"25000\",\n\t\t\t\t\t  \"valueType\": \"string\"\n\t\t\t\t\t},\n\t\t\t\t\t{\n\t\t\t\t\t  \"name\": \"mtu\",\n\t\t\t\t\t  \"value\": \"1500\",\n\t\t\t\t\t  \"valueType\": \"string\"\n\t\t\t\t\t}\n\t\t\t\t  ],\n\t\t\t\t  \"serviceSpecification\": {\n\t\t\t\t\t\"id\": \"a2dd095e-d580-46ca-8645-1d08161d7caf\",\n\t\t\t\t\t\"name\": \"network-port\"\n\t\t\t\t  },\n\t\t\t\t  \"serviceType\": \"network-port\"\n\t\t\t\t}\n\t\t\t  }\n\t\t\t]\n\t\t  }\n\t\t}\n\t  }",
      "location": "Application",
      "locationType": null,
      "app": "WorkFlowEngine",
      "type": "automatic",
      "displayName": "Tools",
      "variables": {
        "incoming": {
          "type": "success",
          "delay": "",
          "response": ""
        },
        "outgoing": {
          "response": null
        },
        "error": "",
        "decorators": []
      },
      "deprecated": false,
      "groups": [],
      "actor": "Pronghorn",
      "x": -1.1808333333333334,
      "y": 0.08038585209003216,
      "scheduled": false
    },
    "79b0": {
      "name": "postPluginsServicePoolsServiceOrder",
      "canvasName": "postPluginsServicePoolsServiceOrder",
      "summary": "create service order",
      "description": "create service order",
      "location": "Adapter",
      "locationType": "NetboxV33",
      "app": "NetboxV33",
      "type": "automatic",
      "displayName": "NetboxV33",
      "variables": {
        "incoming": {
          "data": "$var.5db8.merged_object",
          "adapter_id": "netbox"
        },
        "outgoing": {
          "result": "$var.job.postPluginsServiceOrderResponse"
        },
        "error": "$var.job.reason",
        "decorators": []
      },
      "deprecated": false,
      "groups": [],
      "actor": "Pronghorn",
      "x": 0.13625103220478943,
      "y": 0.3608490566037736,
      "scheduled": false
    },
    "94c2": {
      "name": "newVariable",
      "canvasName": "newVariable",
      "summary": "Create a Job Variable",
      "description": "Create a new Job variable by Job ID and assign it a value.",
      "location": "Application",
      "locationType": null,
      "app": "WorkFlowEngine",
      "type": "operation",
      "displayName": "WorkFlowEngine",
      "variables": {
        "incoming": {
          "name": "reason",
          "value": "default"
        },
        "outgoing": {
          "value": null
        }
      },
      "deprecated": false,
      "groups": [],
      "x": -1.019164619164619,
      "y": 0.38160291438979965
    },
    "aa4e": {
      "name": "newVariable",
      "canvasName": "newVariable",
      "summary": "Create a Job Variable",
      "description": "Create a new Job variable by Job ID and assign it a value.",
      "location": "Application",
      "locationType": null,
      "app": "WorkFlowEngine",
      "type": "operation",
      "displayName": "WorkFlowEngine",
      "variables": {
        "incoming": {
          "name": "status",
          "value": "success"
        },
        "outgoing": {
          "value": null
        }
      },
      "deprecated": false,
      "groups": [],
      "x": 0.7515527950310559,
      "y": 0.3670886075949367
    },
    "b329": {
      "name": "transformation",
      "canvasName": "transformation",
      "summary": "PTA_resultProcessing",
      "description": "Perform a JSON Transformation using the JST library.",
      "location": "Application",
      "locationType": null,
      "app": "WorkFlowEngine",
      "type": "operation",
      "displayName": "WorkFlowEngine",
      "variables": {
        "incoming": {
          "tr_id": "641dfb7e3eab3f7b6d78124d",
          "variableMap": {
            "success": "$var.job.success",
            "status": "$var.job.status",
            "reason": "$var.job.reason"
          },
          "options": {
            "extractOutput": false,
            "validateIncoming": true,
            "revertToDefaultValue": true
          }
        },
        "outgoing": {
          "success": null,
          "status": null,
          "reason": null,
          "result": null
        },
        "decorators": []
      },
      "deprecated": false,
      "groups": [],
      "x": 0.8640441683919945,
      "y": 0.379746835443038,
      "task_name": "PTA_resultProcessing",
      "retrySettings": null
    },
    "40ff": {
      "name": "evaluation",
      "canvasName": "evaluation",
      "summary": "demo?",
      "description": "demo?",
      "location": "Application",
      "locationType": null,
      "app": "WorkFlowEngine",
      "type": "operation",
      "displayName": "WorkFlowEngine",
      "variables": {
        "incoming": {
          "all_true_flag": false,
          "evaluation_groups": [
            {
              "all_true_flag": false,
              "evaluations": [
                {
                  "query": "",
                  "operand_1": {
                    "variable": "demo",
                    "task": "job",
                    "editable": true
                  },
                  "operator": "contains",
                  "operand_2": {
                    "variable": "^switch1\\d\\d",
                    "task": "static"
                  },
                  "rightQuery": ""
                }
              ]
            }
          ]
        },
        "outgoing": {
          "return_value": null
        }
      },
      "deprecated": false,
      "groups": [],
      "x": -0.9405405405405406,
      "y": 0.3670309653916211
    },
    "6f87": {
      "name": "evaluation",
      "canvasName": "evaluation",
      "summary": "demo?",
      "description": "demo?",
      "location": "Application",
      "locationType": null,
      "app": "WorkFlowEngine",
      "type": "operation",
      "displayName": "WorkFlowEngine",
      "variables": {
        "incoming": {
          "all_true_flag": false,
          "evaluation_groups": [
            {
              "all_true_flag": false,
              "evaluations": [
                {
                  "query": "",
                  "operand_1": {
                    "variable": "demo",
                    "task": "job",
                    "editable": true
                  },
                  "operator": "contains",
                  "operand_2": {
                    "variable": "^switch\\d1\\d",
                    "task": "static"
                  },
                  "rightQuery": ""
                }
              ]
            }
          ]
        },
        "outgoing": {
          "return_value": null
        }
      },
      "deprecated": false,
      "groups": [],
      "x": -0.04990870359099209,
      "y": 0.35311871227364183
    },
    "8af7": {
      "name": "evaluation",
      "canvasName": "evaluation",
      "summary": "verbose?",
      "description": "verbose?",
      "location": "Application",
      "locationType": null,
      "app": "WorkFlowEngine",
      "type": "operation",
      "displayName": "WorkFlowEngine",
      "variables": {
        "incoming": {
          "all_true_flag": false,
          "evaluation_groups": [
            {
              "all_true_flag": false,
              "evaluations": [
                {
                  "query": "",
                  "operand_1": {
                    "variable": "demo",
                    "task": "job",
                    "editable": true
                  },
                  "operator": "contains",
                  "operand_2": {
                    "variable": "^switch\\d\\d1",
                    "task": "static"
                  },
                  "rightQuery": ""
                }
              ]
            }
          ]
        },
        "outgoing": {
          "return_value": null
        }
      },
      "deprecated": false,
      "groups": [],
      "x": 0.6528640441683919,
      "y": 0.37721518987341773
    },
    "54f6": {
      "name": "transformation",
      "canvasName": "transformation",
      "summary": "PTA_InventoryAllocationPayloads",
      "description": "Perform a JSON Transformation using the JST library.",
      "location": "Application",
      "locationType": null,
      "app": "WorkFlowEngine",
      "type": "operation",
      "displayName": "WorkFlowEngine",
      "variables": {
        "incoming": {
          "tr_id": "642496f7a62a5209a65866db",
          "variableMap": {
            "orderModel": "$var.job.orderModel",
            "TMF641": "$var.job.tmf641",
            "service_type": "PORT A",
            "TMF638": "$var.job.tmf638",
            "state": "open"
          },
          "options": {
            "extractOutput": false,
            "validateIncoming": true,
            "revertToDefaultValue": true
          }
        },
        "outgoing": {
          "createServicePayload": null,
          "serviceOrderPayload": null
        },
        "decorators": []
      },
      "deprecated": false,
      "groups": [],
      "x": -0.5302211302211303,
      "y": 0.3542805100182149,
      "task_name": "PTA_InventoryAllocationPayloads",
      "retrySettings": null
    },
    "88cd": {
      "name": "stub",
      "canvasName": "stub",
      "summary": "Demo_Readme",
      "description": "{\n        \"demo\": \"switch001\",\n\t\"uuid\": \"19e67f34-b2c3-4c6d-9fad-ecca3ce63308\",\n\t\"name\": \"demoTestService\",\n\t\"state\": \"open\",\n\t\"description\": \"testDescription\",\n\t\"category\": \"testCategory\",\n\t\"external_id\": \"\",\n\t\"tmf641_payload\": {}\n}",
      "location": "Application",
      "locationType": null,
      "app": "WorkFlowEngine",
      "type": "automatic",
      "displayName": "Tools",
      "variables": {
        "incoming": {
          "type": "success",
          "delay": "",
          "response": ""
        },
        "outgoing": {
          "response": null
        },
        "error": "",
        "decorators": []
      },
      "deprecated": false,
      "groups": [],
      "actor": "Pronghorn",
      "x": -1.2891666666666666,
      "y": 0.07877813504823152,
      "scheduled": false
    },
    "e3eb": {
      "name": "ViewData",
      "canvasName": "ViewData",
      "summary": "View Data",
      "description": "Displays a message and runtime data to an operator. This can be used to request a decision, or used for acknowledgement only.",
      "location": "Application",
      "app": "WorkFlowEngine",
      "displayName": "WorkFlowEngine",
      "type": "manual",
      "variables": {
        "incoming": {
          "header": "Demo",
          "message": "Update interface response",
          "body": "$var.job.postPluginsServiceOrderResponse",
          "variables": "",
          "btn_success": "done",
          "btn_failure": ""
        },
        "outgoing": {},
        "error": "",
        "decorators": []
      },
      "view": "/workflow_engine/task/ViewData",
      "deprecated": false,
      "groups": [],
      "x": 0.639751552795031,
      "y": 0.1620253164556962,
      "scheduled": false
    },
    "2ddf": {
      "name": "stub",
      "canvasName": "stub",
      "summary": "Stub",
      "description": "Create a stub for an automated task",
      "location": "Application",
      "locationType": null,
      "app": "WorkFlowEngine",
      "type": "automatic",
      "displayName": "Tools",
      "variables": {
        "incoming": {
          "type": "success",
          "delay": "",
          "response": "$var.job.reason"
        },
        "outgoing": {
          "response": "$var.job.reason"
        },
        "error": "",
        "decorators": []
      },
      "deprecated": false,
      "groups": [],
      "actor": "Pronghorn",
      "x": 0.1337737407101569,
      "y": 0.8101415094339622,
      "scheduled": false
    },
    "81ca": {
      "name": "newVariable",
      "canvasName": "newVariable",
      "summary": "Create a Job Variable",
      "description": "Create a new Job variable by Job ID and assign it a value.",
      "location": "Application",
      "locationType": null,
      "app": "WorkFlowEngine",
      "type": "operation",
      "displayName": "WorkFlowEngine",
      "variables": {
        "incoming": {
          "name": "success",
          "value": false
        },
        "outgoing": {
          "value": null
        }
      },
      "deprecated": false,
      "groups": [],
      "x": 0.5144508670520231,
      "y": 0.7417452830188679
    },
    "c9a6": {
      "name": "newVariable",
      "canvasName": "newVariable",
      "summary": "Create a Job Variable",
      "description": "Create a new Job variable by Job ID and assign it a value.",
      "location": "Application",
      "locationType": null,
      "app": "WorkFlowEngine",
      "type": "operation",
      "displayName": "WorkFlowEngine",
      "variables": {
        "incoming": {
          "name": "status",
          "value": "failure"
        },
        "outgoing": {
          "value": null
        }
      },
      "deprecated": false,
      "groups": [],
      "x": 0.6383154417836499,
      "y": 0.7169811320754716
    },
    "866b": {
      "name": "stub",
      "canvasName": "stub",
      "summary": "Stub",
      "description": "Create a stub for an automated task",
      "location": "Application",
      "locationType": null,
      "app": "WorkFlowEngine",
      "type": "automatic",
      "displayName": "Tools",
      "variables": {
        "incoming": {
          "type": "success",
          "delay": "",
          "response": "Automation error_JST"
        },
        "outgoing": {
          "response": "$var.job.reason"
        },
        "error": "",
        "decorators": []
      },
      "deprecated": false,
      "groups": [],
      "actor": "Pronghorn",
      "x": -0.5755573905862923,
      "y": 0.7665094339622641,
      "scheduled": false
    },
    "99bb": {
      "name": "query",
      "canvasName": "query",
      "summary": "Query Error Response",
      "description": "Query Error Response",
      "location": "Application",
      "locationType": null,
      "app": "WorkFlowEngine",
      "type": "operation",
      "displayName": "WorkFlowEngine",
      "variables": {
        "incoming": {
          "pass_on_null": false,
          "query": "IAPerror.raw_response.response",
          "obj": "$var.79b0.error"
        },
        "outgoing": {
          "return_data": "$var.job.reason"
        },
        "error": "",
        "decorators": []
      },
      "deprecated": false,
      "groups": [],
      "x": 0.12303881090008258,
      "y": 0.6132075471698113,
      "scheduled": false
    },
    "acd9": {
      "name": "query",
      "canvasName": "query",
      "summary": "Query response id",
      "description": "Query response id",
      "location": "Application",
      "locationType": null,
      "app": "WorkFlowEngine",
      "type": "operation",
      "displayName": "WorkFlowEngine",
      "variables": {
        "incoming": {
          "pass_on_null": false,
          "query": "response.id",
          "obj": "$var.4090.result"
        },
        "outgoing": {
          "return_data": "$var.job.service_name"
        },
        "error": "",
        "decorators": []
      },
      "deprecated": false,
      "groups": [],
      "x": -0.18357487922705315,
      "y": 0.3569620253164557,
      "scheduled": false
    },
    "5db8": {
      "name": "deepmerge",
      "canvasName": "deepmerge",
      "summary": "Deep Merge Data",
      "description": "Merge data using extend",
      "location": "Application",
      "locationType": null,
      "app": "WorkFlowEngine",
      "type": "operation",
      "displayName": "WorkFlowEngine",
      "variables": {
        "incoming": {
          "data_to_merge": [
            {
              "key": "service_name",
              "value": {
                "task": "job",
                "variable": "service_name"
              }
            },
            {
              "key": "",
              "value": {
                "task": "54f6",
                "variable": "serviceOrderPayload"
              }
            }
          ]
        },
        "outgoing": {
          "merged_object": null
        }
      },
      "deprecated": false,
      "groups": [],
      "x": -0.11870255348516218,
      "y": 0.36075949367088606
    },
    "11a7": {
      "name": "query",
      "canvasName": "query",
      "summary": "Query newly created service",
      "description": "Query newly created service",
      "location": "Application",
      "locationType": null,
      "app": "WorkFlowEngine",
      "type": "operation",
      "displayName": "WorkFlowEngine",
      "variables": {
        "incoming": {
          "pass_on_null": false,
          "query": "response",
          "obj": "$var.job.customServiceResponse"
        },
        "outgoing": {
          "return_data": "$var.job.newService"
        },
        "error": "",
        "decorators": []
      },
      "deprecated": false,
      "groups": [],
      "x": -0.2587991718426501,
      "y": 0.36075949367088606,
      "scheduled": false,
      "retrySettings": null
    },
    "b149": {
      "name": "query",
      "canvasName": "query",
      "summary": "Query new service order",
      "description": "Query new service order",
      "location": "Application",
      "locationType": null,
      "app": "WorkFlowEngine",
      "type": "operation",
      "displayName": "WorkFlowEngine",
      "variables": {
        "incoming": {
          "pass_on_null": false,
          "query": "response",
          "obj": "$var.job.postPluginsServiceOrderResponse"
        },
        "outgoing": {
          "return_data": "$var.job.newServiceOrder"
        },
        "error": "",
        "decorators": []
      },
      "deprecated": false,
      "groups": [],
      "x": 0.2629399585921325,
      "y": 0.3556962025316456,
      "scheduled": false
    },
    "ecc": {
      "name": "transformation",
      "canvasName": "transformation",
      "summary": "PTA_addServiceToOrderModel",
      "description": "Perform a JSON Transformation using the JST library.",
      "location": "Application",
      "locationType": null,
      "app": "WorkFlowEngine",
      "type": "operation",
      "displayName": "WorkFlowEngine",
      "variables": {
        "incoming": {
          "tr_id": "6424a60ba62a5209a65866dc",
          "variableMap": {
            "newService": "$var.job.newService",
            "newServiceOrder": "$var.job.newServiceOrder",
            "orderModel": "$var.job.orderModel"
          },
          "options": {
            "extractOutput": true,
            "validateIncoming": true,
            "revertToDefaultValue": true
          }
        },
        "outgoing": {
          "orderModel": null
        },
        "decorators": []
      },
      "deprecated": false,
      "groups": [],
      "x": 0.3878536922015183,
      "y": 0.3632911392405063,
      "task_name": "PTA_addServiceToOrderModel",
      "retrySettings": null
    },
    "9cba": {
      "name": "newVariable",
      "canvasName": "newVariable",
      "summary": "Create a Job Variable",
      "description": "Create a new Job variable by Job ID and assign it a value.",
      "location": "Application",
      "locationType": null,
      "app": "WorkFlowEngine",
      "type": "operation",
      "displayName": "WorkFlowEngine",
      "variables": {
        "incoming": {
          "name": "orderModel",
          "value": "$var.ecc.orderModel"
        },
        "outgoing": {
          "value": null
        }
      },
      "deprecated": false,
      "groups": [],
      "x": 0.5410544511668107,
      "y": 0.36229749631811486
    },
    "e1be": {
      "name": "newVariable",
      "canvasName": "newVariable",
      "summary": "Create a Job Variable",
      "description": "Create a new Job variable by Job ID and assign it a value.",
      "location": "Application",
      "locationType": null,
      "app": "WorkFlowEngine",
      "type": "operation",
      "displayName": "WorkFlowEngine",
      "variables": {
        "incoming": {
          "name": "demo",
          "value": "switch000"
        },
        "outgoing": {
          "value": null
        }
      },
      "deprecated": false,
      "groups": [],
      "x": -1.2004914004914005,
      "y": 0.37522768670309653
    },
    "7ea9": {
      "name": "stub",
      "canvasName": "stub",
      "summary": "Stub",
      "description": "Create a stub for an automated task",
      "location": "Application",
      "locationType": null,
      "app": "WorkFlowEngine",
      "type": "automatic",
      "displayName": "Tools",
      "variables": {
        "incoming": {
          "type": "success",
          "delay": "",
          "response": "Automation error_JST"
        },
        "outgoing": {
          "response": "$var.job.reason"
        },
        "error": "",
        "decorators": []
      },
      "deprecated": false,
      "groups": [],
      "actor": "Pronghorn",
      "x": 0.3228736581337737,
      "y": 0.8089622641509434,
      "scheduled": false
    },
    "690d": {
      "name": "stub",
      "canvasName": "stub",
      "summary": "Stub",
      "description": "Create a stub for an automated task",
      "location": "Application",
      "locationType": null,
      "app": "WorkFlowEngine",
      "type": "automatic",
      "displayName": "Tools",
      "variables": {
        "incoming": {
          "type": "success",
          "delay": "",
          "response": "Automation error"
        },
        "outgoing": {
          "response": "$var.job.reason"
        },
        "error": "",
        "decorators": []
      },
      "deprecated": false,
      "groups": [],
      "actor": "Pronghorn",
      "x": -0.43682906688687034,
      "y": 0.7995283018867925,
      "scheduled": false
    },
    "3b7c": {
      "name": "stub",
      "canvasName": "stub",
      "summary": "Stub",
      "description": "Create a stub for an automated task",
      "location": "Application",
      "locationType": null,
      "app": "WorkFlowEngine",
      "type": "automatic",
      "displayName": "Tools",
      "variables": {
        "incoming": {
          "type": "success",
          "delay": "",
          "response": "$var.job.reason"
        },
        "outgoing": {
          "response": "$var.job.reason"
        },
        "error": "",
        "decorators": []
      },
      "deprecated": false,
      "groups": [],
      "actor": "Pronghorn",
      "x": -0.33278282411230387,
      "y": 0.8007075471698113,
      "scheduled": false
    },
    "940d": {
      "name": "renderJinjaTemplate",
      "canvasName": "renderJinjaTemplate",
      "summary": "Render Jinja Template",
      "description": "Renders jinja template output.",
      "location": "Application",
      "locationType": null,
      "app": "TemplateBuilder",
      "type": "automatic",
      "displayName": "TemplateBuilder",
      "variables": {
        "incoming": {
          "name": "PTA_tmfPayload",
          "context": "$var.job.orderModel"
        },
        "outgoing": {
          "renderedTemplate": null
        },
        "error": "",
        "decorators": []
      },
      "deprecated": false,
      "groups": [],
      "actor": "Pronghorn",
      "x": -0.8614250614250615,
      "y": 0.37249544626593806,
      "scheduled": false
    },
    "e6f4": {
      "name": "makeData",
      "canvasName": "makeData",
      "summary": "Convert input into a different data type",
      "description": "This task takes an input and converts it to a different data type. For example, converting a number into a string.",
      "location": "Application",
      "locationType": null,
      "app": "WorkFlowEngine",
      "type": "automatic",
      "displayName": "Tools",
      "variables": {
        "incoming": {
          "input": "<!renderedTemplate!>",
          "outputType": "json",
          "variables": "$var.940d.renderedTemplate"
        },
        "outgoing": {
          "output": null
        },
        "error": "",
        "decorators": []
      },
      "deprecated": false,
      "groups": [],
      "actor": "Pronghorn",
      "x": -0.7592137592137592,
      "y": 0.3542805100182149,
      "scheduled": false
    },
    "48f2": {
      "name": "query",
      "canvasName": "query",
      "summary": "Query tmf638",
      "description": "Query tmf638",
      "location": "Application",
      "locationType": null,
      "app": "WorkFlowEngine",
      "type": "operation",
      "displayName": "WorkFlowEngine",
      "variables": {
        "incoming": {
          "pass_on_null": false,
          "query": "tmf638",
          "obj": "$var.e6f4.output"
        },
        "outgoing": {
          "return_data": "$var.job.tmf638"
        },
        "error": "",
        "decorators": []
      },
      "deprecated": false,
      "groups": [],
      "x": -0.6742014742014742,
      "y": 0.3551912568306011,
      "scheduled": false
    },
    "1c48": {
      "name": "query",
      "canvasName": "query",
      "summary": "Query tmf641",
      "description": "Query tmf641",
      "location": "Application",
      "locationType": null,
      "app": "WorkFlowEngine",
      "type": "operation",
      "displayName": "WorkFlowEngine",
      "variables": {
        "incoming": {
          "pass_on_null": false,
          "query": "tmf641",
          "obj": "$var.e6f4.output"
        },
        "outgoing": {
          "return_data": "$var.job.tmf641"
        },
        "error": "",
        "decorators": []
      },
      "deprecated": false,
      "groups": [],
      "x": -0.6103194103194103,
      "y": 0.3533697632058288,
      "scheduled": false
    }
  },
  "transitions": {
    "119": {
      "94c2": {
        "type": "standard",
        "state": "success"
      }
    },
    "1803": {
      "3b7c": {
        "type": "standard",
        "state": "success"
      },
      "690d": {
        "type": "standard",
        "state": "failure"
      }
    },
    "2398": {
      "ecc": {
        "type": "standard",
        "state": "success"
      }
    },
    "3981": {
      "81ca": {
        "type": "standard",
        "state": "success"
      }
    },
    "4090": {
      "1803": {
        "type": "standard",
        "state": "error"
      },
      "11a7": {
        "type": "standard",
        "state": "success"
      }
    },
    "4184": {},
    "7651": {},
    "9644": {
      "workflow_end": {
        "type": "standard",
        "state": "success"
      }
    },
    "workflow_start": {
      "853b": {
        "type": "standard",
        "state": "success"
      },
      "88cd": {
        "type": "standard",
        "state": "success"
      },
      "e1be": {
        "type": "standard",
        "state": "success"
      }
    },
    "workflow_end": {},
    "dac7": {},
    "49a": {},
    "5adf": {},
    "48b8": {},
    "90f1": {},
    "3d2b": {},
    "4ac1": {},
    "2c28": {},
    "853b": {},
    "79b0": {
      "99bb": {
        "type": "standard",
        "state": "error"
      },
      "b149": {
        "type": "standard",
        "state": "success"
      }
    },
    "94c2": {
      "40ff": {
        "type": "standard",
        "state": "success"
      }
    },
    "aa4e": {
      "b329": {
        "type": "standard",
        "state": "success"
      }
    },
    "b329": {
      "9644": {
        "type": "standard",
        "state": "success"
      }
    },
    "40ff": {
      "940d": {
        "type": "standard",
        "state": "failure"
      }
    },
    "6f87": {
      "2398": {
        "type": "standard",
        "state": "success"
      },
      "79b0": {
        "type": "standard",
        "state": "failure"
      }
    },
    "8af7": {
      "e3eb": {
        "type": "standard",
        "state": "success"
      },
      "aa4e": {
        "type": "standard",
        "state": "failure"
      }
    },
    "6c9c": {},
    "54f6": {
      "4090": {
        "type": "standard",
        "state": "success"
      },
      "866b": {
        "type": "standard",
        "state": "error"
      }
    },
    "88cd": {},
    "e3eb": {
      "aa4e": {
        "type": "standard",
        "state": "success"
      }
    },
    "2ddf": {
      "81ca": {
        "type": "standard",
        "state": "success"
      }
    },
    "81ca": {
      "c9a6": {
        "type": "standard",
        "state": "success"
      }
    },
    "c9a6": {
      "b329": {
        "type": "standard",
        "state": "success"
      }
    },
    "866b": {
      "81ca": {
        "type": "standard",
        "state": "success"
      }
    },
    "99bb": {
      "3981": {
        "type": "standard",
        "state": "failure"
      },
      "2ddf": {
        "type": "standard",
        "state": "success"
      }
    },
    "da62": {},
    "acd9": {
      "5db8": {
        "type": "standard",
        "state": "success"
      }
    },
    "5db8": {
      "6f87": {
        "type": "standard",
        "state": "success"
      }
    },
    "11a7": {
      "acd9": {
        "type": "standard",
        "state": "success"
      }
    },
    "b149": {
      "ecc": {
        "type": "standard",
        "state": "success"
      }
    },
    "ecc": {
      "9cba": {
        "type": "standard",
        "state": "success"
      },
      "7ea9": {
        "type": "standard",
        "state": "error"
      }
    },
    "9cba": {
      "8af7": {
        "type": "standard",
        "state": "success"
      }
    },
    "e1be": {
      "119": {
        "type": "standard",
        "state": "success"
      }
    },
    "7ea9": {
      "81ca": {
        "type": "standard",
        "state": "success"
      }
    },
    "690d": {
      "81ca": {
        "type": "standard",
        "state": "success"
      }
    },
    "3b7c": {
      "81ca": {
        "type": "standard",
        "state": "success"
      }
    },
    "940d": {
      "e6f4": {
        "type": "standard",
        "state": "success"
      }
    },
    "e6f4": {
      "48f2": {
        "type": "standard",
        "state": "success"
      }
    },
    "3dca": {},
    "4bce": {},
    "48f2": {
      "1c48": {
        "type": "standard",
        "state": "success"
      }
    },
    "1c48": {
      "54f6": {
        "type": "standard",
        "state": "success"
      }
    }
  },
  "font_size": 12,
  "last_updated": "2023-03-31T19:55:13.589Z",
  "last_updated_by": {
    "provenance": "local_aaa",
    "username": "admin@pronghorn",
    "firstname": "admin",
    "inactive": false
  },
  "lastUpdatedVersion": "5.44.64-2022.1.27.0",
  "inputSchema": {
    "type": "object",
    "properties": {
      "orderModel": {
        "$id": "orderModel",
        "type": "object",
        "properties": {
          "serviceOrder": {
            "type": "object",
            "properties": {
              "description": {
                "type": "string"
              },
              "externalId": {
                "type": "string"
              },
              "category": {
                "type": "string"
              },
              "serviceOrderItem": {
                "type": "array",
                "items": {
                  "type": "object",
                  "properties": {
                    "id": {
                      "type": "string",
                      "examples": [
                        "a2A3H0000003na6UAA"
                      ]
                    },
                    "service": {
                      "type": "object",
                      "properties": {
                        "name": {
                          "type": "string",
                          "examples": [
                            "Network Port Connectivity"
                          ]
                        }
                      },
                      "required": []
                    }
                  },
                  "required": []
                }
              }
            },
            "required": []
          }
        },
        "required": []
      }
    },
    "required": [
      "orderModel"
    ]
  },
  "outputSchema": {
    "type": "object",
    "properties": {
      "orderModel": {
        "type": [
          "array",
          "boolean",
          "null",
          "number",
          "object",
          "string"
        ]
      },
      "_id": {
        "type": "string",
        "pattern": "^[0-9a-f]{24}$"
      },
      "initiator": {
        "type": "string"
      },
      "success": {
        "type": "boolean"
      },
      "reason": {
        "title": "response",
        "type": "string",
        "examples": [
          "awesome"
        ]
      },
      "postPluginsServiceOrderResponse": {
        "type": "object",
        "properties": {
          "icode": {
            "type": "string"
          },
          "response": {
            "type": "object",
            "properties": {
              "id": {
                "type": "number"
              },
              "tags": {
                "type": "array"
              },
              "custom_fields": {
                "type": "object",
                "properties": {}
              },
              "display": {
                "type": "string"
              },
              "url": {
                "type": "string"
              },
              "created": {
                "type": "string"
              },
              "last_updated": {
                "type": "string"
              },
              "custom_field_data": {
                "type": "object",
                "properties": {}
              },
              "uuid": {
                "type": "string"
              },
              "name": {
                "type": "string"
              },
              "state": {
                "type": "string"
              },
              "description": {
                "type": "string"
              },
              "category": {
                "type": "string"
              },
              "external_id": {
                "type": "string"
              },
              "tmf641_payload": {
                "type": "object",
                "properties": {}
              },
              "service_name": {
                "type": [
                  "array",
                  "boolean",
                  "null",
                  "number",
                  "object",
                  "string"
                ]
              }
            }
          },
          "headers": {
            "type": "object",
            "properties": {
              "content-type": {
                "type": "string"
              },
              "location": {
                "type": "string"
              },
              "vary": {
                "type": "string"
              },
              "allow": {
                "type": "string"
              },
              "api-version": {
                "type": "string"
              },
              "x-content-type-options": {
                "type": "string"
              },
              "referrer-policy": {
                "type": "string"
              },
              "cross-origin-opener-policy": {
                "type": "string"
              },
              "x-frame-options": {
                "type": "string"
              },
              "content-length": {
                "type": "string"
              },
              "server": {
                "type": "string"
              },
              "date": {
                "type": "string"
              },
              "connection": {
                "type": "string"
              }
            }
          },
          "metrics": {
            "type": "object",
            "properties": {
              "code": {
                "type": "number"
              },
              "timeouts": {
                "type": "number"
              },
              "redirects": {
                "type": "number"
              },
              "retries": {
                "type": "number"
              },
              "tripTime": {
                "type": "number"
              },
              "isThrottling": {
                "type": "boolean"
              },
              "capabilityTime": {
                "type": "string"
              }
            }
          }
        }
      },
      "customServiceResponse": {
        "title": "result",
        "type": "object"
      },
      "result": {
        "type": [
          "array",
          "boolean",
          "null",
          "number",
          "object",
          "string"
        ]
      },
      "status": {
        "type": "string"
      },
      "demo": {
        "type": "string"
      },
      "tmf641": {
        "title": "return_data",
        "type": [
          "string",
          "number",
          "object",
          "integer",
          "array",
          "boolean",
          "null"
        ],
        "examples": [
          "value"
        ]
      },
      "tmf638": {
        "title": "return_data",
        "type": [
          "string",
          "number",
          "object",
          "integer",
          "array",
          "boolean",
          "null"
        ],
        "examples": [
          "value"
        ]
      },
      "service_name": {
        "title": "return_data",
        "type": [
          "string",
          "number",
          "object",
          "integer",
          "array",
          "boolean",
          "null"
        ],
        "examples": [
          "value"
        ]
      },
      "newService": {
        "title": "return_data",
        "type": [
          "string",
          "number",
          "object",
          "integer",
          "array",
          "boolean",
          "null"
        ],
        "examples": [
          "value"
        ]
      },
      "newServiceOrder": {
        "title": "return_data",
        "type": [
          "string",
          "number",
          "object",
          "integer",
          "array",
          "boolean",
          "null"
        ],
        "examples": [
          "value"
        ]
      }
    }
  },
  "created": "2023-03-29T17:35:20.449Z",
  "created_by": {
    "provenance": "local_aaa",
    "username": "admin@pronghorn",
    "firstname": "admin",
    "inactive": false
  },
  "createdVersion": "5.44.64-2022.1.29.0",
  "preAutomationTime": 0,
  "sla": 0,
  "canvasVersion": 1,
  "tags": [],
  "groups": [],
  "migrationVersion": 1
}