{
  "name": "PTA_orderValidation_netbox",
  "type": "automation",
  "tasks": {
    "119": {
      "name": "newVariable",
      "canvasName": "newVariable",
      "summary": "Create a Job Variable",
      "description": "Create a new Job variable by Job ID and assign it a value.",
      "location": "Application",
      "locationType": null,
      "app": "WorkFlowEngine",
      "type": "operation",
      "displayName": "WorkFlowEngine",
      "variables": {
        "incoming": {
          "name": "success",
          "value": true
        },
        "outgoing": {
          "value": null
        }
      },
      "deprecated": false,
      "groups": [],
      "x": -0.11804123711340206,
      "y": 0.49502982107355864
    },
    "6031": {
      "name": "query",
      "canvasName": "query",
      "summary": "Query response array",
      "description": "Query response array",
      "location": "Application",
      "locationType": null,
      "app": "WorkFlowEngine",
      "type": "operation",
      "displayName": "WorkFlowEngine",
      "variables": {
        "incoming": {
          "pass_on_null": false,
          "query": "response.results",
          "obj": "$var.95df.result"
        },
        "outgoing": {
          "return_data": null
        },
        "error": "",
        "decorators": []
      },
      "deprecated": false,
      "groups": [],
      "x": 0.6365979381443299,
      "y": 0.5049701789264414,
      "scheduled": false
    },
    "7764": {
      "name": "query",
      "canvasName": "query",
      "summary": "Query port speed",
      "description": "Query port speed",
      "location": "Application",
      "locationType": null,
      "app": "WorkFlowEngine",
      "type": "operation",
      "displayName": "WorkFlowEngine",
      "variables": {
        "incoming": {
          "pass_on_null": false,
          "query": "serviceOrder.serviceOrderItem.service.serviceCharacteristic[name=port-speed].value",
          "obj": "$var.job.orderModel"
        },
        "outgoing": {
          "return_data": null
        },
        "error": "",
        "decorators": []
      },
      "deprecated": false,
      "groups": [],
      "x": 0.477319587628866,
      "y": 0.5119284294234593,
      "scheduled": false
    },
    "workflow_start": {
      "name": "workflow_start",
      "groups": [],
      "x": -0.1854990583804143,
      "y": 0.49273255813953487
    },
    "workflow_end": {
      "name": "workflow_end",
      "groups": [],
      "x": 1.718414533443435,
      "y": 0.49056603773584906
    },
    "41b1": {
      "name": "getDcimSites",
      "canvasName": "getDcimSites",
      "summary": "Get Netbox site list",
      "description": "Get Netbox site list",
      "location": "Adapter",
      "locationType": "NetboxV33",
      "app": "NetboxV33",
      "type": "automatic",
      "displayName": "NetboxV33",
      "variables": {
        "incoming": {
          "id": "",
          "name": "$var.a787.return_data",
          "slug": "",
          "facility": "",
          "latitude": "",
          "longitude": "",
          "description": "",
          "created": "",
          "lastUpdated": "",
          "q": "",
          "tag": "",
          "tenantGroupId": "",
          "tenantGroup": "",
          "tenantId": "",
          "tenant": "",
          "contact": "",
          "contactRole": "",
          "contactGroup": "",
          "status": "",
          "regionId": "",
          "region": "",
          "groupId": "",
          "group": "",
          "asn": "",
          "asnId": "",
          "idN": "",
          "idLte": "",
          "idLt": "",
          "idGte": "",
          "idGt": "",
          "nameN": "",
          "nameIc": "",
          "nameNic": "",
          "nameIew": "",
          "nameNiew": "",
          "nameIsw": "",
          "nameNisw": "",
          "nameIe": "",
          "nameNie": "",
          "slugN": "",
          "slugIc": "",
          "slugNic": "",
          "slugIew": "",
          "slugNiew": "",
          "slugIsw": "",
          "slugNisw": "",
          "slugIe": "",
          "slugNie": "",
          "facilityN": "",
          "facilityIc": "",
          "facilityNic": "",
          "facilityIew": "",
          "facilityNiew": "",
          "facilityIsw": "",
          "facilityNisw": "",
          "facilityIe": "",
          "facilityNie": "",
          "latitudeN": "",
          "latitudeLte": "",
          "latitudeLt": "",
          "latitudeGte": "",
          "latitudeGt": "",
          "longitudeN": "",
          "longitudeLte": "",
          "longitudeLt": "",
          "longitudeGte": "",
          "longitudeGt": "",
          "descriptionN": "",
          "descriptionIc": "",
          "descriptionNic": "",
          "descriptionIew": "",
          "descriptionNiew": "",
          "descriptionIsw": "",
          "descriptionNisw": "",
          "descriptionIe": "",
          "descriptionNie": "",
          "createdN": "",
          "createdLte": "",
          "createdLt": "",
          "createdGte": "",
          "createdGt": "",
          "lastUpdatedN": "",
          "lastUpdatedLte": "",
          "lastUpdatedLt": "",
          "lastUpdatedGte": "",
          "lastUpdatedGt": "",
          "tagN": "",
          "tenantGroupIdN": "",
          "tenantGroupN": "",
          "tenantIdN": "",
          "tenantN": "",
          "contactN": "",
          "contactRoleN": "",
          "contactGroupN": "",
          "statusN": "",
          "regionIdN": "",
          "regionN": "",
          "groupIdN": "",
          "groupN": "",
          "asnN": "",
          "asnIdN": "",
          "ordering": "",
          "limit": "",
          "offset": "",
          "adapter_id": "netbox"
        },
        "outgoing": {
          "result": null
        },
        "error": "",
        "decorators": []
      },
      "deprecated": false,
      "groups": [],
      "actor": "Pronghorn",
      "x": 0.01134020618556701,
      "y": 0.5059642147117296,
      "scheduled": false
    },
    "a787": {
      "name": "query",
      "canvasName": "query",
      "summary": "Query TMF place id",
      "description": "Query TMF place id",
      "location": "Application",
      "locationType": null,
      "app": "WorkFlowEngine",
      "type": "operation",
      "displayName": "WorkFlowEngine",
      "variables": {
        "incoming": {
          "pass_on_null": false,
          "query": "serviceOrder.serviceOrderItem.service.place[role=soe_site_id].id",
          "obj": "$var.job.orderModel"
        },
        "outgoing": {
          "return_data": null
        },
        "error": "",
        "decorators": []
      },
      "deprecated": false,
      "groups": [],
      "x": -0.06028075970272502,
      "y": 0.48402948402948404,
      "scheduled": false
    },
    "48b8": {
      "name": "stub",
      "canvasName": "stub",
      "summary": "Stub",
      "description": "Create a stub for an automated task",
      "location": "Application",
      "locationType": null,
      "app": "WorkFlowEngine",
      "type": "automatic",
      "displayName": "Tools",
      "variables": {
        "incoming": {
          "type": "error",
          "delay": "",
          "response": "Error configuring TMF payload"
        },
        "outgoing": {
          "response": null
        },
        "error": "$var.job.responseReason",
        "decorators": []
      },
      "deprecated": false,
      "groups": [],
      "actor": "Pronghorn",
      "x": -0.05360824742268041,
      "y": 0.9910536779324056,
      "scheduled": false
    },
    "90f1": {
      "name": "newVariable",
      "canvasName": "newVariable",
      "summary": "Create a Job Variable",
      "description": "Create a new Job variable by Job ID and assign it a value.",
      "location": "Application",
      "locationType": null,
      "app": "WorkFlowEngine",
      "type": "operation",
      "displayName": "WorkFlowEngine",
      "variables": {
        "incoming": {
          "name": "success",
          "value": false
        },
        "outgoing": {
          "value": null
        }
      },
      "deprecated": false,
      "groups": [],
      "x": 1.004639175257732,
      "y": 1.0089463220675945
    },
    "405b": {
      "name": "updateJobDescription",
      "canvasName": "updateJobDescription",
      "summary": "Update Job Description",
      "description": "Overwrite the job description with a new one",
      "location": "Application",
      "locationType": null,
      "app": "WorkFlowEngine",
      "type": "operation",
      "displayName": "WorkFlowEngine",
      "variables": {
        "incoming": {
          "description": "Order Validation Successful"
        },
        "outgoing": {
          "description": "$var.job.responseReason"
        },
        "error": "",
        "decorators": []
      },
      "deprecated": false,
      "groups": [],
      "x": 1.28659793814433,
      "y": 0.5014111006585137,
      "scheduled": false
    },
    "5a3b": {
      "name": "updateJobDescription",
      "canvasName": "updateJobDescription",
      "summary": "Update Job Description",
      "description": "Overwrite the job description with a new one",
      "location": "Application",
      "locationType": null,
      "app": "WorkFlowEngine",
      "type": "operation",
      "displayName": "WorkFlowEngine",
      "variables": {
        "incoming": {
          "description": "$var.job.responseReason"
        },
        "outgoing": {
          "description": null
        },
        "error": "",
        "decorators": []
      },
      "deprecated": false,
      "groups": [],
      "x": 0.9175257731958762,
      "y": 1.0099403578528827,
      "scheduled": false
    },
    "1d50": {
      "name": "query",
      "canvasName": "query",
      "summary": "Query response array",
      "description": "Query response array",
      "location": "Application",
      "locationType": null,
      "app": "WorkFlowEngine",
      "type": "operation",
      "displayName": "WorkFlowEngine",
      "variables": {
        "incoming": {
          "pass_on_null": false,
          "query": "response.results",
          "obj": "$var.41b1.result"
        },
        "outgoing": {
          "return_data": null
        },
        "error": "",
        "decorators": []
      },
      "deprecated": false,
      "groups": [],
      "x": 0.0788659793814433,
      "y": 0.5019880715705766,
      "scheduled": false
    },
    "3ddf": {
      "name": "arrayLength",
      "canvasName": "length",
      "summary": "Gets the length of response array",
      "description": "Gets the length of response array",
      "location": "Application",
      "locationType": null,
      "app": "WorkFlowEngine",
      "type": "automatic",
      "displayName": "Array",
      "variables": {
        "incoming": {
          "arr": "$var.1d50.return_data"
        },
        "outgoing": {
          "length": null
        },
        "error": "",
        "decorators": []
      },
      "deprecated": false,
      "groups": [],
      "actor": "Pronghorn",
      "x": 0.17164948453608248,
      "y": 0.5079522862823062,
      "scheduled": false
    },
    "6b3f": {
      "name": "stub",
      "canvasName": "stub",
      "summary": "Stub",
      "description": "Create a stub for an automated task",
      "location": "Application",
      "locationType": null,
      "app": "WorkFlowEngine",
      "type": "automatic",
      "displayName": "Tools",
      "variables": {
        "incoming": {
          "type": "error",
          "delay": "",
          "response": "Site does not exist in Netbox"
        },
        "outgoing": {
          "response": null
        },
        "error": "$var.job.responseReason",
        "decorators": []
      },
      "deprecated": false,
      "groups": [],
      "actor": "Pronghorn",
      "x": 0.2634020618556701,
      "y": 0.6620278330019881,
      "scheduled": false
    },
    "3a44": {
      "name": "merge",
      "canvasName": "merge",
      "summary": "Merge Data",
      "description": "Merge data into a single object",
      "location": "Application",
      "locationType": null,
      "app": "WorkFlowEngine",
      "type": "operation",
      "displayName": "WorkFlowEngine",
      "variables": {
        "incoming": {
          "data_to_merge": [
            {
              "key": "success",
              "value": {
                "task": "job",
                "variable": "success"
              }
            },
            {
              "key": "reason",
              "value": {
                "task": "job",
                "variable": "responseReason"
              }
            },
            {
              "key": "status",
              "value": {
                "task": "job",
                "variable": "status"
              }
            }
          ]
        },
        "outgoing": {
          "merged_object": null
        }
      },
      "deprecated": false,
      "groups": [],
      "x": 1.3501238645747315,
      "y": 0.6474201474201474
    },
    "a87c": {
      "name": "newVariable",
      "canvasName": "newVariable",
      "summary": "Create a Job Variable",
      "description": "Create a new Job variable by Job ID and assign it a value.",
      "location": "Application",
      "locationType": null,
      "app": "WorkFlowEngine",
      "type": "operation",
      "displayName": "WorkFlowEngine",
      "variables": {
        "incoming": {
          "name": "result",
          "value": "$var.3a44.merged_object"
        },
        "outgoing": {
          "value": null
        }
      },
      "deprecated": false,
      "groups": [],
      "x": 1.4283505154639176,
      "y": 0.5014111006585137
    },
    "be43": {
      "name": "newVariable",
      "canvasName": "newVariable",
      "summary": "Create a Job Variable",
      "description": "Create a new Job variable by Job ID and assign it a value.",
      "location": "Application",
      "locationType": null,
      "app": "WorkFlowEngine",
      "type": "operation",
      "displayName": "WorkFlowEngine",
      "variables": {
        "incoming": {
          "name": "status",
          "value": "success"
        },
        "outgoing": {
          "value": null
        }
      },
      "deprecated": false,
      "groups": [],
      "x": 1.193298969072165,
      "y": 0.5032925682031985
    },
    "a5d9": {
      "name": "newVariable",
      "canvasName": "newVariable",
      "summary": "Create a Job Variable",
      "description": "Create a new Job variable by Job ID and assign it a value.",
      "location": "Application",
      "locationType": null,
      "app": "WorkFlowEngine",
      "type": "operation",
      "displayName": "WorkFlowEngine",
      "variables": {
        "incoming": {
          "name": "status",
          "value": "failure"
        },
        "outgoing": {
          "value": null
        }
      },
      "deprecated": false,
      "groups": [],
      "x": 0.8185567010309278,
      "y": 1.0119284294234592
    },
    "4fc3": {
      "name": "newVariable",
      "canvasName": "newVariable",
      "summary": "Create a Job Variable",
      "description": "Create a new Job variable by Job ID and assign it a value.",
      "location": "Application",
      "locationType": null,
      "app": "WorkFlowEngine",
      "type": "operation",
      "displayName": "WorkFlowEngine",
      "variables": {
        "incoming": {
          "name": "status",
          "value": "error"
        },
        "outgoing": {
          "value": null
        }
      },
      "deprecated": false,
      "groups": [],
      "x": 0.5582474226804124,
      "y": 0.9204771371769384
    },
    "92ef": {
      "name": "stub",
      "canvasName": "stub",
      "summary": "Stub",
      "description": "Create a stub for an automated task",
      "location": "Application",
      "locationType": null,
      "app": "WorkFlowEngine",
      "type": "automatic",
      "displayName": "Tools",
      "variables": {
        "incoming": {
          "type": "error",
          "delay": "",
          "response": "Error retrieving netbox site"
        },
        "outgoing": {
          "response": null
        },
        "error": "$var.job.responseReason",
        "decorators": []
      },
      "deprecated": false,
      "groups": [],
      "actor": "Pronghorn",
      "x": 0.07474226804123711,
      "y": 0.7833001988071571,
      "scheduled": false
    },
    "afbf": {
      "name": "stub",
      "canvasName": "stub",
      "summary": "Readme",
      "description": "{\"orderModel\": {\n    \"serviceOrder\": {\n        \"description\": \"Port order details\",\n        \"externalId\": \"00019577_FR0007145\",\n        \"category\": \"global.fabricport\",\n        \"notificationContact\": \"VlocityDigico\",\n        \"@type\": \"ServiceOrder\",\n        \"serviceOrderItem\": [\n            {\n                \"id\": \"81b4970c-ce59-11ed-afa1-0242ac120002\",\n                \"action\": \"add\",\n                \"@type\": \"ServiceOrderItem\",\n                \"service\": {\n                    \"place\": [\n                        {\n                            \"id\": \"amh-eu\",\n                            \"name\": \"Amsterdam Hempoint\",\n                            \"role\": \"soe_site_id\",\n                            \"@type\": \"RelatedPlaceRefOrValue\"\n                        }\n                    ],\n                    \"category\": \"CFS\",\n                    \"name\": \"Network Port Connectivity\",\n                    \"description\": \"Network Port Connectivity Service\",\n                    \"serviceType\": \"network-port\",\n                    \"@type\": \"Service\",\n                    \"serviceCharacteristic\": [\n                        {\n                            \"name\": \"port-type\",\n                            \"valueType\": \"string\",\n                            \"value\": \"port-only\"\n                        },\n                        {\n                            \"name\": \"port-speed\",\n                            \"valueType\": \"string\",\n                            \"value\": \"25000\"\n                        },\n                        {\n                            \"name\": \"mtu\",\n                            \"valueType\": \"string\",\n                            \"value\": \"1500\"\n                        }\n                    ],\n                    \"serviceSpecification\": {\n                        \"id\": \"a2dd095e-d580-46ca-8645-1d08161d7caf\",\n                        \"name\": \"network-port\"\n                    }\n                }\n            }\n        ]\n    }\n}\n}",
      "location": "Application",
      "locationType": null,
      "app": "WorkFlowEngine",
      "type": "automatic",
      "displayName": "Tools",
      "variables": {
        "incoming": {
          "type": "success",
          "delay": "",
          "response": ""
        },
        "outgoing": {
          "response": null
        },
        "error": "",
        "decorators": []
      },
      "deprecated": false,
      "groups": [],
      "actor": "Pronghorn",
      "x": -0.1824742268041237,
      "y": 0.37475149105367794,
      "scheduled": false
    },
    "abf1": {
      "name": "evaluation",
      "canvasName": "evaluation",
      "summary": "Run Evaluation Task",
      "description": "Run an evaluation",
      "location": "Application",
      "locationType": null,
      "app": "WorkFlowEngine",
      "type": "operation",
      "displayName": "WorkFlowEngine",
      "variables": {
        "incoming": {
          "all_true_flag": false,
          "evaluation_groups": [
            {
              "all_true_flag": false,
              "evaluations": [
                {
                  "query": "",
                  "operand_1": {
                    "variable": "length",
                    "task": "3ddf"
                  },
                  "operator": ">",
                  "operand_2": {
                    "variable": 0,
                    "task": "static"
                  },
                  "rightQuery": ""
                }
              ]
            }
          ]
        },
        "outgoing": {
          "return_value": null
        }
      },
      "deprecated": false,
      "groups": [],
      "x": 0.26082474226804125,
      "y": 0.5029821073558648
    },
    "312c": {
      "name": "query",
      "canvasName": "query",
      "summary": "Query site id",
      "description": "Query site id",
      "location": "Application",
      "locationType": null,
      "app": "WorkFlowEngine",
      "type": "operation",
      "displayName": "WorkFlowEngine",
      "variables": {
        "incoming": {
          "pass_on_null": false,
          "query": "[0].id",
          "obj": "$var.1d50.return_data"
        },
        "outgoing": {
          "return_data": "$var.job.netboxSiteId"
        },
        "error": "",
        "decorators": []
      },
      "deprecated": false,
      "groups": [],
      "x": 0.31237113402061856,
      "y": 0.5049701789264414,
      "scheduled": false
    },
    "95df": {
      "name": "getDcimInterfaces",
      "canvasName": "getDcimInterfaces",
      "summary": "GET interfaces",
      "description": "GET interfaces",
      "location": "Adapter",
      "locationType": "NetboxV33",
      "app": "NetboxV33",
      "type": "automatic",
      "displayName": "NetboxV33",
      "variables": {
        "incoming": {
          "id": "",
          "name": "",
          "label": "",
          "type": "",
          "enabled": "",
          "mtu": "",
          "mgmtOnly": "",
          "poeMode": "",
          "poeType": "",
          "mode": "",
          "rfRole": "",
          "rfChannel": "",
          "rfChannelFrequency": "",
          "rfChannelWidth": "",
          "txPower": "",
          "description": "",
          "cableEnd": "",
          "q": "",
          "regionId": "",
          "region": "",
          "siteGroupId": "",
          "siteGroup": "",
          "siteId": "$var.2dae.numToString",
          "site": "",
          "locationId": "",
          "location": "",
          "rackId": "",
          "rack": "",
          "deviceId": "",
          "device": "",
          "virtualChassisId": "",
          "virtualChassis": "",
          "moduleId": "",
          "created": "",
          "lastUpdated": "",
          "tag": "",
          "cabled": "",
          "occupied": "",
          "connected": "",
          "kind": "",
          "parentId": "",
          "bridgeId": "",
          "lagId": "",
          "speed": "$var.7764.return_data",
          "duplex": "",
          "macAddress": "",
          "wwn": "",
          "vlanId": "",
          "vlan": "",
          "vrfId": "",
          "vrf": "",
          "idN": "",
          "idLte": "",
          "idLt": "",
          "idGte": "",
          "idGt": "",
          "nameN": "",
          "nameIc": "",
          "nameNic": "",
          "nameIew": "",
          "nameNiew": "",
          "nameIsw": "",
          "nameNisw": "",
          "nameIe": "",
          "nameNie": "",
          "labelN": "",
          "labelIc": "",
          "labelNic": "",
          "labelIew": "",
          "labelNiew": "",
          "labelIsw": "",
          "labelNisw": "",
          "labelIe": "",
          "labelNie": "",
          "typeN": "",
          "mtuN": "",
          "mtuLte": "",
          "mtuLt": "",
          "mtuGte": "",
          "mtuGt": "",
          "poeModeN": "",
          "poeTypeN": "",
          "modeN": "",
          "rfRoleN": "",
          "rfChannelN": "",
          "rfChannelFrequencyN": "",
          "rfChannelFrequencyLte": "",
          "rfChannelFrequencyLt": "",
          "rfChannelFrequencyGte": "",
          "rfChannelFrequencyGt": "",
          "rfChannelWidthN": "",
          "rfChannelWidthLte": "",
          "rfChannelWidthLt": "",
          "rfChannelWidthGte": "",
          "rfChannelWidthGt": "",
          "txPowerN": "",
          "txPowerLte": "",
          "txPowerLt": "",
          "txPowerGte": "",
          "txPowerGt": "",
          "descriptionN": "",
          "descriptionIc": "",
          "descriptionNic": "",
          "descriptionIew": "",
          "descriptionNiew": "",
          "descriptionIsw": "",
          "descriptionNisw": "",
          "descriptionIe": "",
          "descriptionNie": "",
          "cableEndN": "",
          "regionIdN": "",
          "regionN": "",
          "siteGroupIdN": "",
          "siteGroupN": "",
          "siteIdN": "",
          "siteN": "",
          "locationIdN": "",
          "locationN": "",
          "rackIdN": "",
          "rackN": "",
          "virtualChassisIdN": "",
          "virtualChassisN": "",
          "moduleIdN": "",
          "createdN": "",
          "createdLte": "",
          "createdLt": "",
          "createdGte": "",
          "createdGt": "",
          "lastUpdatedN": "",
          "lastUpdatedLte": "",
          "lastUpdatedLt": "",
          "lastUpdatedGte": "",
          "lastUpdatedGt": "",
          "tagN": "",
          "parentIdN": "",
          "bridgeIdN": "",
          "lagIdN": "",
          "speedN": "",
          "speedLte": "",
          "speedLt": "",
          "speedGte": "",
          "speedGt": "",
          "duplexN": "",
          "macAddressN": "",
          "macAddressIc": "",
          "macAddressNic": "",
          "macAddressIew": "",
          "macAddressNiew": "",
          "macAddressIsw": "",
          "macAddressNisw": "",
          "macAddressIe": "",
          "macAddressNie": "",
          "wwnN": "",
          "wwnIc": "",
          "wwnNic": "",
          "wwnIew": "",
          "wwnNiew": "",
          "wwnIsw": "",
          "wwnNisw": "",
          "wwnIe": "",
          "wwnNie": "",
          "vrfIdN": "",
          "vrfN": "",
          "ordering": "",
          "limit": "",
          "offset": "",
          "adapter_id": "netbox"
        },
        "outgoing": {
          "result": null
        },
        "error": "",
        "decorators": []
      },
      "deprecated": false,
      "groups": [],
      "actor": "Pronghorn",
      "x": 0.5597938144329897,
      "y": 0.5168986083499006,
      "scheduled": false
    },
    "6b8f": {
      "name": "stub",
      "canvasName": "stub",
      "summary": "Stub",
      "description": "Create a stub for an automated task",
      "location": "Application",
      "locationType": null,
      "app": "WorkFlowEngine",
      "type": "automatic",
      "displayName": "Tools",
      "variables": {
        "incoming": {
          "type": "error",
          "delay": "",
          "response": "error getting interface id"
        },
        "outgoing": {
          "response": null
        },
        "error": "$var.job.responseReason",
        "decorators": []
      },
      "deprecated": false,
      "groups": [],
      "actor": "Pronghorn",
      "x": 0.5597938144329897,
      "y": 0.7435387673956262,
      "scheduled": false
    },
    "cdcd": {
      "name": "arrayLength",
      "canvasName": "length",
      "summary": "Gets the length of response array",
      "description": "Gets the length of response array",
      "location": "Application",
      "locationType": null,
      "app": "WorkFlowEngine",
      "type": "automatic",
      "displayName": "Array",
      "variables": {
        "incoming": {
          "arr": "$var.6031.return_data"
        },
        "outgoing": {
          "length": null
        },
        "error": "",
        "decorators": []
      },
      "deprecated": false,
      "groups": [],
      "actor": "Pronghorn",
      "x": 0.7268041237113402,
      "y": 0.510934393638171,
      "scheduled": false
    },
    "b2b5": {
      "name": "evaluation",
      "canvasName": "evaluation",
      "summary": "Run Evaluation Task",
      "description": "Run an evaluation",
      "location": "Application",
      "locationType": null,
      "app": "WorkFlowEngine",
      "type": "operation",
      "displayName": "WorkFlowEngine",
      "variables": {
        "incoming": {
          "all_true_flag": false,
          "evaluation_groups": [
            {
              "all_true_flag": false,
              "evaluations": [
                {
                  "query": "",
                  "operand_1": {
                    "variable": "length",
                    "task": "3ddf"
                  },
                  "operator": ">",
                  "operand_2": {
                    "variable": 0,
                    "task": "static"
                  },
                  "rightQuery": ""
                }
              ]
            }
          ]
        },
        "outgoing": {
          "return_value": null
        }
      },
      "deprecated": false,
      "groups": [],
      "x": 0.8164948453608247,
      "y": 0.5
    },
    "c0c1": {
      "name": "stub",
      "canvasName": "stub",
      "summary": "Stub",
      "description": "Create a stub for an automated task",
      "location": "Application",
      "locationType": null,
      "app": "WorkFlowEngine",
      "type": "automatic",
      "displayName": "Tools",
      "variables": {
        "incoming": {
          "type": "error",
          "delay": "",
          "response": "Interface does not exist in Netbox"
        },
        "outgoing": {
          "response": null
        },
        "error": "$var.job.responseReason",
        "decorators": []
      },
      "deprecated": false,
      "groups": [],
      "actor": "Pronghorn",
      "x": 0.8164948453608247,
      "y": 0.6739562624254473,
      "scheduled": false
    },
    "2dae": {
      "name": "numberToString",
      "canvasName": "toString",
      "summary": "Convert site id to string",
      "description": "Convert site id to string",
      "location": "Application",
      "locationType": null,
      "app": "WorkFlowEngine",
      "type": "automatic",
      "displayName": "Number",
      "variables": {
        "incoming": {
          "num": "$var.312c.return_data",
          "radix": ""
        },
        "outgoing": {
          "numToString": null
        },
        "error": "",
        "decorators": []
      },
      "deprecated": false,
      "groups": [],
      "actor": "Pronghorn",
      "x": 0.4020618556701031,
      "y": 0.5159045725646123,
      "scheduled": false
    },
    "9fff": {
      "name": "renderJinjaTemplate",
      "canvasName": "renderJinjaTemplate",
      "summary": "Render Jinja Template",
      "description": "Renders jinja template output.",
      "location": "Application",
      "locationType": null,
      "app": "TemplateBuilder",
      "type": "automatic",
      "displayName": "TemplateBuilder",
      "variables": {
        "incoming": {
          "name": "netboxOrderModelInterfacePayload",
          "context": "$var.d5b7.merged_object"
        },
        "outgoing": {
          "renderedTemplate": null
        },
        "error": "",
        "decorators": []
      },
      "deprecated": false,
      "groups": [],
      "actor": "Pronghorn",
      "x": 0.9618556701030928,
      "y": 0.5023518344308561,
      "scheduled": false
    },
    "d172": {
      "name": "makeData",
      "canvasName": "makeData",
      "summary": "Convert input into a different data type",
      "description": "This task takes an input and converts it to a different data type. For example, converting a number into a string.",
      "location": "Application",
      "locationType": null,
      "app": "WorkFlowEngine",
      "type": "automatic",
      "displayName": "Tools",
      "variables": {
        "incoming": {
          "input": "<!renderedTemplate!>",
          "outputType": "json",
          "variables": "$var.9fff.renderedTemplate"
        },
        "outgoing": {
          "output": "$var.job.patchPayload"
        },
        "error": "",
        "decorators": []
      },
      "deprecated": false,
      "groups": [],
      "actor": "Pronghorn",
      "x": 1.0871134020618556,
      "y": 0.4995296331138288,
      "scheduled": false
    },
    "d5b7": {
      "name": "merge",
      "canvasName": "merge",
      "summary": "Merge Data",
      "description": "Merge data into a single object",
      "location": "Application",
      "locationType": null,
      "app": "WorkFlowEngine",
      "type": "operation",
      "displayName": "WorkFlowEngine",
      "variables": {
        "incoming": {
          "data_to_merge": [
            {
              "key": "orderModel",
              "value": {
                "task": "job",
                "variable": "orderModel"
              }
            },
            {
              "key": "getResponse",
              "value": {
                "task": "95df",
                "variable": "result"
              }
            }
          ]
        },
        "outgoing": {
          "merged_object": null
        }
      },
      "deprecated": false,
      "groups": [],
      "x": 0.8788659793814433,
      "y": 0.5023518344308561
    },
    "41e8": {
      "name": "query",
      "canvasName": "query",
      "summary": "orderModel",
      "description": "orderModel",
      "location": "Application",
      "locationType": null,
      "app": "WorkFlowEngine",
      "type": "operation",
      "displayName": "WorkFlowEngine",
      "variables": {
        "incoming": {
          "pass_on_null": false,
          "query": "orderModel",
          "obj": "$var.d172.output"
        },
        "outgoing": {
          "return_data": "$var.job.orderModel"
        },
        "error": "",
        "decorators": []
      },
      "deprecated": false,
      "groups": [],
      "x": 1.5309661436829067,
      "y": 0.5153301886792453,
      "scheduled": false
    },
    "8be": {
      "name": "stub",
      "canvasName": "stub",
      "summary": "Stub",
      "description": "Create a stub for an automated task",
      "location": "Application",
      "locationType": null,
      "app": "WorkFlowEngine",
      "type": "automatic",
      "displayName": "Tools",
      "variables": {
        "incoming": {
          "type": "error",
          "delay": "",
          "response": ""
        },
        "outgoing": {
          "response": null
        },
        "error": "",
        "decorators": []
      },
      "deprecated": false,
      "groups": [],
      "actor": "Pronghorn",
      "x": 0.004128819157720892,
      "y": 0.24324324324324326,
      "scheduled": false
    },
    "5a92": {
      "name": "query",
      "canvasName": "query",
      "summary": "Query TMF place id",
      "description": "Query TMF place id",
      "location": "Application",
      "locationType": null,
      "app": "WorkFlowEngine",
      "type": "operation",
      "displayName": "WorkFlowEngine",
      "variables": {
        "incoming": {
          "pass_on_null": false,
          "query": "serviceOrder.serviceOrderItem[0].service.place.id",
          "obj": "$var.job.orderModel"
        },
        "outgoing": {
          "return_data": null
        },
        "error": "",
        "decorators": []
      },
      "deprecated": false,
      "groups": [],
      "x": 0.10652353426919901,
      "y": 0.22727272727272727,
      "scheduled": false
    },
    "b382": {
      "name": "getDcimInterfaces",
      "canvasName": "getDcimInterfaces",
      "summary": "GET interfaces1",
      "description": "GET interfaces",
      "location": "Adapter",
      "locationType": "NetboxV33",
      "app": "NetboxV33",
      "type": "automatic",
      "displayName": "NetboxV33",
      "variables": {
        "incoming": {
          "id": "",
          "name": "",
          "label": "",
          "type": "",
          "enabled": "",
          "mtu": "",
          "mgmtOnly": "",
          "poeMode": "",
          "poeType": "",
          "mode": "",
          "rfRole": "",
          "rfChannel": "",
          "rfChannelFrequency": "",
          "rfChannelWidth": "",
          "txPower": "",
          "description": "",
          "cableEnd": "",
          "q": "",
          "regionId": "",
          "region": "",
          "siteGroupId": "",
          "siteGroup": "",
          "siteId": "$var.5a92.return_data",
          "site": "",
          "locationId": "",
          "location": "",
          "rackId": "",
          "rack": "",
          "deviceId": "",
          "device": "",
          "virtualChassisId": "",
          "virtualChassis": "",
          "moduleId": "",
          "created": "",
          "lastUpdated": "",
          "tag": "",
          "cabled": "",
          "occupied": "",
          "connected": "",
          "kind": "",
          "parentId": "",
          "bridgeId": "",
          "lagId": "",
          "speed": "",
          "duplex": "",
          "macAddress": "",
          "wwn": "",
          "vlanId": "",
          "vlan": "",
          "vrfId": "",
          "vrf": "",
          "idN": "",
          "idLte": "",
          "idLt": "",
          "idGte": "",
          "idGt": "",
          "nameN": "",
          "nameIc": "",
          "nameNic": "",
          "nameIew": "",
          "nameNiew": "",
          "nameIsw": "",
          "nameNisw": "",
          "nameIe": "",
          "nameNie": "",
          "labelN": "",
          "labelIc": "",
          "labelNic": "",
          "labelIew": "",
          "labelNiew": "",
          "labelIsw": "",
          "labelNisw": "",
          "labelIe": "",
          "labelNie": "",
          "typeN": "",
          "mtuN": "",
          "mtuLte": "",
          "mtuLt": "",
          "mtuGte": "",
          "mtuGt": "",
          "poeModeN": "",
          "poeTypeN": "",
          "modeN": "",
          "rfRoleN": "",
          "rfChannelN": "",
          "rfChannelFrequencyN": "",
          "rfChannelFrequencyLte": "",
          "rfChannelFrequencyLt": "",
          "rfChannelFrequencyGte": "",
          "rfChannelFrequencyGt": "",
          "rfChannelWidthN": "",
          "rfChannelWidthLte": "",
          "rfChannelWidthLt": "",
          "rfChannelWidthGte": "",
          "rfChannelWidthGt": "",
          "txPowerN": "",
          "txPowerLte": "",
          "txPowerLt": "",
          "txPowerGte": "",
          "txPowerGt": "",
          "descriptionN": "",
          "descriptionIc": "",
          "descriptionNic": "",
          "descriptionIew": "",
          "descriptionNiew": "",
          "descriptionIsw": "",
          "descriptionNisw": "",
          "descriptionIe": "",
          "descriptionNie": "",
          "cableEndN": "",
          "regionIdN": "",
          "regionN": "",
          "siteGroupIdN": "",
          "siteGroupN": "",
          "siteIdN": "",
          "siteN": "",
          "locationIdN": "",
          "locationN": "",
          "rackIdN": "",
          "rackN": "",
          "virtualChassisIdN": "",
          "virtualChassisN": "",
          "moduleIdN": "",
          "createdN": "",
          "createdLte": "",
          "createdLt": "",
          "createdGte": "",
          "createdGt": "",
          "lastUpdatedN": "",
          "lastUpdatedLte": "",
          "lastUpdatedLt": "",
          "lastUpdatedGte": "",
          "lastUpdatedGt": "",
          "tagN": "",
          "parentIdN": "",
          "bridgeIdN": "",
          "lagIdN": "",
          "speedN": "",
          "speedLte": "",
          "speedLt": "",
          "speedGte": "",
          "speedGt": "",
          "duplexN": "",
          "macAddressN": "",
          "macAddressIc": "",
          "macAddressNic": "",
          "macAddressIew": "",
          "macAddressNiew": "",
          "macAddressIsw": "",
          "macAddressNisw": "",
          "macAddressIe": "",
          "macAddressNie": "",
          "wwnN": "",
          "wwnIc": "",
          "wwnNic": "",
          "wwnIew": "",
          "wwnNiew": "",
          "wwnIsw": "",
          "wwnNisw": "",
          "wwnIe": "",
          "wwnNie": "",
          "vrfIdN": "",
          "vrfN": "",
          "ordering": "",
          "limit": "",
          "offset": "",
          "adapter_id": "netbox"
        },
        "outgoing": {
          "result": null
        },
        "error": "",
        "decorators": []
      },
      "deprecated": false,
      "groups": [],
      "actor": "Pronghorn",
      "x": 0.21635012386457472,
      "y": 0.23464373464373464,
      "scheduled": false
    },
    "da81": {
      "name": "merge",
      "canvasName": "merge",
      "summary": "context2",
      "description": "Merge data into a single object",
      "location": "Application",
      "locationType": null,
      "app": "WorkFlowEngine",
      "type": "operation",
      "displayName": "WorkFlowEngine",
      "variables": {
        "incoming": {
          "data_to_merge": [
            {
              "key": "orderModel",
              "value": {
                "task": "job",
                "variable": "orderModel"
              }
            },
            {
              "key": "getResponse",
              "value": {
                "task": "b382",
                "variable": "result"
              }
            }
          ]
        },
        "outgoing": {
          "merged_object": null
        }
      },
      "deprecated": false,
      "groups": [],
      "x": 0.3319570602807597,
      "y": 0.23095823095823095
    },
    "c132": {
      "name": "renderJinjaTemplate",
      "canvasName": "renderJinjaTemplate",
      "summary": "Render Jinja Template1",
      "description": "Renders jinja template output.",
      "location": "Application",
      "locationType": null,
      "app": "TemplateBuilder",
      "type": "automatic",
      "displayName": "TemplateBuilder",
      "variables": {
        "incoming": {
          "name": "netboxOrderModelInterfacePayload",
          "context": "$var.da81.merged_object"
        },
        "outgoing": {
          "renderedTemplate": null
        },
        "error": "",
        "decorators": []
      },
      "deprecated": false,
      "groups": [],
      "actor": "Pronghorn",
      "x": 0.4632535094962841,
      "y": 0.20638820638820637,
      "scheduled": false
    },
    "c935": {
      "name": "makeData",
      "canvasName": "makeData",
      "summary": "make2",
      "description": "This task takes an input and converts it to a different data type. For example, converting a number into a string.",
      "location": "Application",
      "locationType": null,
      "app": "WorkFlowEngine",
      "type": "automatic",
      "displayName": "Tools",
      "variables": {
        "incoming": {
          "input": "<!renderedTemplate!>",
          "outputType": "json",
          "variables": "$var.c132.renderedTemplate"
        },
        "outgoing": {
          "output": "$var.job.patchPayload"
        },
        "error": "",
        "decorators": []
      },
      "deprecated": false,
      "groups": [],
      "actor": "Pronghorn",
      "x": 0.6804293971924029,
      "y": 0.21253071253071254,
      "scheduled": false
    },
    "75d2": {
      "name": "query",
      "canvasName": "query",
      "summary": "orderModel",
      "description": "orderModel",
      "location": "Application",
      "locationType": null,
      "app": "WorkFlowEngine",
      "type": "operation",
      "displayName": "WorkFlowEngine",
      "variables": {
        "incoming": {
          "pass_on_null": false,
          "query": "orderModel",
          "obj": "$var.c935.output"
        },
        "outgoing": {
          "return_data": "$var.job.orderModel"
        },
        "error": "",
        "decorators": []
      },
      "deprecated": false,
      "groups": [],
      "x": 1.5350949628406276,
      "y": 0.3918918918918919,
      "scheduled": false
    },
    "76b1": {
      "name": "newVariable",
      "canvasName": "newVariable",
      "summary": "Create a Job Variable",
      "description": "Create a new Job variable by Job ID and assign it a value.",
      "location": "Application",
      "locationType": null,
      "app": "WorkFlowEngine",
      "type": "operation",
      "displayName": "WorkFlowEngine",
      "variables": {
        "incoming": {
          "name": "status",
          "value": "success"
        },
        "outgoing": {
          "value": null
        }
      },
      "deprecated": false,
      "groups": [],
      "x": 1.3154417836498762,
      "y": 0.1597051597051597
    },
    "6d1a": {
      "name": "updateJobDescription",
      "canvasName": "updateJobDescription",
      "summary": "Update Job Description",
      "description": "Overwrite the job description with a new one",
      "location": "Application",
      "locationType": null,
      "app": "WorkFlowEngine",
      "type": "operation",
      "displayName": "WorkFlowEngine",
      "variables": {
        "incoming": {
          "description": "Order Validation Successful"
        },
        "outgoing": {
          "description": "$var.job.responseReason"
        },
        "error": "",
        "decorators": []
      },
      "deprecated": false,
      "groups": [],
      "x": 1.1552436003303055,
      "y": 0.14619164619164618,
      "scheduled": false
    },
    "8bab": {
      "name": "newVariable",
      "canvasName": "newVariable",
      "summary": "Create a Job Variable",
      "description": "Create a new Job variable by Job ID and assign it a value.",
      "location": "Application",
      "locationType": null,
      "app": "WorkFlowEngine",
      "type": "operation",
      "displayName": "WorkFlowEngine",
      "variables": {
        "incoming": {
          "name": "result",
          "value": "$var.3b42.merged_object"
        },
        "outgoing": {
          "value": null
        }
      },
      "deprecated": false,
      "groups": [],
      "x": 1.5284888521882742,
      "y": 0.2334152334152334
    },
    "3b42": {
      "name": "merge",
      "canvasName": "merge",
      "summary": "Merge Data1",
      "description": "Merge data into a single object",
      "location": "Application",
      "locationType": null,
      "app": "WorkFlowEngine",
      "type": "operation",
      "displayName": "WorkFlowEngine",
      "variables": {
        "incoming": {
          "data_to_merge": [
            {
              "key": "success",
              "value": {
                "task": "job",
                "variable": "success"
              }
            },
            {
              "key": "reason",
              "value": {
                "task": "job",
                "variable": "responseReason"
              }
            },
            {
              "key": "status",
              "value": {
                "task": "job",
                "variable": "status"
              }
            }
          ]
        },
        "outgoing": {
          "merged_object": null
        }
      },
      "deprecated": false,
      "groups": [],
      "x": 1.412881915772089,
      "y": 0.2199017199017199
    }
  },
  "transitions": {
    "119": {
      "8be": {
        "type": "standard",
        "state": "success"
      }
    },
    "4184": {},
    "6031": {
      "6b8f": {
        "type": "standard",
        "state": "failure"
      },
      "cdcd": {
        "type": "standard",
        "state": "success"
      }
    },
    "7651": {},
    "7764": {
      "95df": {
        "type": "standard",
        "state": "success"
      },
      "6b8f": {
        "type": "standard",
        "state": "failure"
      }
    },
    "workflow_start": {
      "119": {
        "type": "standard",
        "state": "success"
      },
      "afbf": {
        "type": "standard",
        "state": "success"
      }
    },
    "workflow_end": {},
    "dac7": {},
    "41b1": {
      "1d50": {
        "type": "standard",
        "state": "success"
      },
      "92ef": {
        "type": "standard",
        "state": "error"
      }
    },
    "49a": {},
    "a787": {
      "48b8": {
        "type": "standard",
        "state": "failure"
      },
      "41b1": {
        "type": "standard",
        "state": "success"
      }
    },
    "48b8": {
      "a5d9": {
        "type": "standard",
        "state": "error"
      }
    },
    "90f1": {
      "3a44": {
        "type": "standard",
        "state": "success"
      }
    },
    "405b": {
      "3a44": {
        "type": "standard",
        "state": "success"
      }
    },
    "5a3b": {
      "90f1": {
        "type": "standard",
        "state": "success"
      }
    },
    "3d2b": {},
    "4ac1": {},
    "1d50": {
      "3ddf": {
        "type": "standard",
        "state": "success"
      },
      "92ef": {
        "type": "standard",
        "state": "failure"
      }
    },
    "3ddf": {
      "92ef": {
        "type": "standard",
        "state": "error"
      },
      "abf1": {
        "type": "standard",
        "state": "success"
      }
    },
    "6b3f": {
      "a5d9": {
        "type": "standard",
        "state": "error"
      }
    },
    "3a44": {
      "a87c": {
        "type": "standard",
        "state": "success"
      }
    },
    "a87c": {
      "41e8": {
        "type": "standard",
        "state": "success"
      }
    },
    "be43": {
      "405b": {
        "type": "standard",
        "state": "success"
      }
    },
    "a5d9": {
      "5a3b": {
        "type": "standard",
        "state": "success"
      }
    },
    "4fc3": {
      "5a3b": {
        "type": "standard",
        "state": "success"
      }
    },
    "2c28": {},
    "92ef": {
      "4fc3": {
        "type": "standard",
        "state": "error"
      }
    },
    "afbf": {},
    "abf1": {
      "6b3f": {
        "type": "standard",
        "state": "failure"
      },
      "312c": {
        "type": "standard",
        "state": "success"
      }
    },
    "312c": {
      "6b8f": {
        "type": "standard",
        "state": "failure"
      },
      "2dae": {
        "type": "standard",
        "state": "success"
      }
    },
    "416e": {},
    "95df": {
      "6031": {
        "type": "standard",
        "state": "success"
      },
      "6b8f": {
        "type": "standard",
        "state": "error"
      }
    },
    "4b7c": {},
    "2d50": {},
    "65ff": {},
    "6b8f": {
      "4fc3": {
        "type": "standard",
        "state": "error"
      }
    },
    "cdcd": {
      "b2b5": {
        "type": "standard",
        "state": "success"
      },
      "6b8f": {
        "type": "standard",
        "state": "error"
      }
    },
    "b2b5": {
      "c0c1": {
        "type": "standard",
        "state": "failure"
      },
      "d5b7": {
        "type": "standard",
        "state": "success"
      }
    },
    "c0c1": {
      "a5d9": {
        "type": "standard",
        "state": "error"
      }
    },
    "2dae": {
      "7764": {
        "type": "standard",
        "state": "success"
      },
      "6b8f": {
        "type": "standard",
        "state": "error"
      }
    },
    "9fff": {
      "d172": {
        "type": "standard",
        "state": "success"
      }
    },
    "d172": {
      "be43": {
        "type": "standard",
        "state": "success"
      }
    },
    "d5b7": {
      "9fff": {
        "type": "standard",
        "state": "success"
      }
    },
    "41e8": {
      "workflow_end": {
        "type": "standard",
        "state": "success"
      }
    },
    "8be": {
      "5a92": {
        "type": "standard",
        "state": "success"
      },
      "a787": {
        "type": "standard",
        "state": "error"
      }
    },
    "5a92": {
      "b382": {
        "type": "standard",
        "state": "success"
      }
    },
    "b382": {
      "da81": {
        "type": "standard",
        "state": "success"
      }
    },
    "da81": {
      "c132": {
        "type": "standard",
        "state": "success"
      }
    },
    "c132": {
      "c935": {
        "type": "standard",
        "state": "success"
      }
    },
    "c935": {
      "6d1a": {
        "type": "standard",
        "state": "success"
      }
    },
    "75d2": {
      "workflow_end": {
        "type": "standard",
        "state": "success"
      }
    },
    "76b1": {
      "3b42": {
        "type": "standard",
        "state": "success"
      }
    },
    "6d1a": {
      "76b1": {
        "type": "standard",
        "state": "success"
      }
    },
    "f705": {},
    "8bab": {
      "75d2": {
        "type": "standard",
        "state": "success"
      }
    },
    "3b42": {
      "8bab": {
        "type": "standard",
        "state": "success"
      }
    }
  },
  "font_size": 12,
  "last_updated": "2023-03-31T12:23:12.990Z",
  "last_updated_by": {
    "provenance": "local_aaa",
    "username": "admin@pronghorn",
    "firstname": "admin",
    "inactive": false
  },
  "lastUpdatedVersion": "5.44.64-2022.1.27.0",
  "inputSchema": {
    "type": "object",
    "properties": {
      "orderModel": {
        "title": "obj",
        "type": "object",
        "properties": {},
        "examples": [
          {
            "name": "value"
          }
        ]
      }
    },
    "required": [
      "orderModel"
    ]
  },
  "outputSchema": {
    "type": "object",
    "properties": {
      "orderModel": {
        "title": "return_data",
        "type": [
          "string",
          "number",
          "object",
          "integer",
          "array",
          "boolean",
          "null"
        ],
        "examples": [
          "value"
        ]
      },
      "_id": {
        "type": "string",
        "pattern": "^[0-9a-f]{24}$"
      },
      "initiator": {
        "type": "string"
      },
      "success": {
        "type": "boolean"
      },
      "responseReason": {
        "type": "string",
        "title": "description",
        "examples": [
          "New job description"
        ]
      },
      "status": {
        "type": "string"
      },
      "result": {
        "type": [
          "array",
          "boolean",
          "null",
          "number",
          "object",
          "string"
        ]
      },
      "netboxSiteId": {
        "title": "return_data",
        "type": [
          "string",
          "number",
          "object",
          "integer",
          "array",
          "boolean",
          "null"
        ],
        "examples": [
          "value"
        ]
      },
      "patchPayload": {
        "title": "output",
        "type": [
          "array",
          "string",
          "boolean",
          "number",
          "object"
        ]
      }
    }
  },
  "created": "2023-03-22T23:21:03.075Z",
  "created_by": {
    "provenance": "local_aaa",
    "username": "admin@pronghorn",
    "firstname": "admin",
    "inactive": false
  },
  "createdVersion": "5.44.64-2022.1.29.0",
  "preAutomationTime": 0,
  "sla": 0,
  "canvasVersion": 1,
  "tags": [],
  "groups": [],
  "migrationVersion": 1
}