{
  "name": "PTA_ServiceOrderUpdate",
  "type": "automation",
  "tasks": {
    "2776": {
      "name": "query",
      "canvasName": "query",
      "summary": "get SO UUID",
      "description": "get SO UUID",
      "location": "Application",
      "locationType": null,
      "app": "WorkFlowEngine",
      "type": "operation",
      "displayName": "WorkFlowEngine",
      "variables": {
        "incoming": {
          "pass_on_null": false,
          "query": "inventory.newServiceOrder.uuid",
          "obj": "$var.job.orderModel"
        },
        "outgoing": {
          "return_data": null
        },
        "error": "",
        "decorators": []
      },
      "deprecated": false,
      "groups": [],
      "x": 0.07349665924276169,
      "y": 0.5896551724137931,
      "scheduled": false
    },
    "2807": {
      "name": "makeData",
      "canvasName": "makeData",
      "summary": "create payload",
      "description": "create payload",
      "location": "Application",
      "locationType": null,
      "app": "WorkFlowEngine",
      "type": "automatic",
      "displayName": "Tools",
      "variables": {
        "incoming": {
          "input": "{\"state\": \"completed\",\"service_name\": <!serviceId!>,\"uuid\": \"<!so_uuid!>\"}",
          "outputType": "json",
          "variables": "$var.f771.merged_object"
        },
        "outgoing": {
          "output": null
        },
        "error": "",
        "decorators": []
      },
      "deprecated": false,
      "groups": [],
      "actor": "Pronghorn",
      "x": 0.4773570898292502,
      "y": 0.47701149425287354,
      "scheduled": false
    },
    "8087": {
      "name": "patchPluginsServicePoolsServiceOrderId",
      "canvasName": "patchPluginsServicePoolsServiceOrderId",
      "summary": "set service in SO",
      "description": "set service in SO",
      "location": "Adapter",
      "locationType": "NetboxV33",
      "app": "NetboxV33",
      "type": "automatic",
      "displayName": "NetboxV33",
      "variables": {
        "incoming": {
          "id": "$var.b993.return_data",
          "data": "$var.2807.output",
          "adapter_id": "netbox"
        },
        "outgoing": {
          "result": null
        },
        "error": "",
        "decorators": []
      },
      "deprecated": false,
      "groups": [],
      "actor": "Pronghorn",
      "x": 0.7030438010393467,
      "y": 0.48735632183908045,
      "scheduled": false
    },
    "workflow_start": {
      "name": "workflow_start",
      "groups": [],
      "x": -0.05196733481811433,
      "y": 0.49885057471264366
    },
    "workflow_end": {
      "name": "workflow_end",
      "groups": [],
      "x": 1.0393466963622866,
      "y": 0.496551724137931
    },
    "7fc9": {
      "name": "query",
      "canvasName": "query",
      "summary": "get service id",
      "description": "get service id",
      "location": "Application",
      "locationType": null,
      "app": "WorkFlowEngine",
      "type": "operation",
      "displayName": "WorkFlowEngine",
      "variables": {
        "incoming": {
          "pass_on_null": false,
          "query": "inventory.newService.id",
          "obj": "$var.job.orderModel"
        },
        "outgoing": {
          "return_data": null
        },
        "error": "",
        "decorators": []
      },
      "deprecated": false,
      "groups": [],
      "x": 0.07349665924276169,
      "y": 0.43103448275862066,
      "scheduled": false
    },
    "b993": {
      "name": "query",
      "canvasName": "query",
      "summary": "get SO id",
      "description": "get SO id",
      "location": "Application",
      "locationType": null,
      "app": "WorkFlowEngine",
      "type": "operation",
      "displayName": "WorkFlowEngine",
      "variables": {
        "incoming": {
          "pass_on_null": false,
          "query": "inventory.newServiceOrder.id",
          "obj": "$var.job.orderModel"
        },
        "outgoing": {
          "return_data": null
        },
        "error": "",
        "decorators": []
      },
      "deprecated": false,
      "groups": [],
      "x": 0.012620638455827766,
      "y": 0.5160919540229885,
      "scheduled": false
    },
    "f771": {
      "name": "merge",
      "canvasName": "merge",
      "summary": "prep payload",
      "description": "prep payload",
      "location": "Application",
      "locationType": null,
      "app": "WorkFlowEngine",
      "type": "operation",
      "displayName": "WorkFlowEngine",
      "variables": {
        "incoming": {
          "data_to_merge": [
            {
              "key": "serviceId",
              "value": {
                "task": "7fc9",
                "variable": "return_data"
              }
            },
            {
              "key": "so_uuid",
              "value": {
                "task": "2776",
                "variable": "return_data"
              }
            }
          ]
        },
        "outgoing": {
          "merged_object": null
        }
      },
      "deprecated": false,
      "groups": [],
      "x": 0.36674090571640683,
      "y": 0.4896551724137931
    },
    "e76e": {
      "name": "query",
      "canvasName": "query",
      "summary": "get cc payload",
      "description": "get cc payload",
      "location": "Application",
      "locationType": null,
      "app": "WorkFlowEngine",
      "type": "operation",
      "displayName": "WorkFlowEngine",
      "variables": {
        "incoming": {
          "pass_on_null": false,
          "query": "candidateConfig",
          "obj": "$var.job.orderModel"
        },
        "outgoing": {
          "return_data": null
        },
        "error": "",
        "decorators": []
      },
      "deprecated": false,
      "groups": [],
      "x": 0.133630289532294,
      "y": 0.5080459770114942,
      "scheduled": false
    },
    "39a0": {
      "name": "postPluginsServicePoolsCandidateConfig",
      "canvasName": "postPluginsServicePoolsCandidateConfig",
      "summary": "create Candidate Config",
      "description": "create Candidate Config",
      "location": "Adapter",
      "locationType": "NetboxV33",
      "app": "NetboxV33",
      "type": "automatic",
      "displayName": "NetboxV33",
      "variables": {
        "incoming": {
          "data": "$var.be7b.merged_object",
          "adapter_id": "netbox"
        },
        "outgoing": {
          "result": null
        },
        "error": "",
        "decorators": []
      },
      "deprecated": false,
      "groups": [],
      "actor": "Pronghorn",
      "x": 0.9042316258351893,
      "y": 0.4908045977011494,
      "scheduled": false
    },
    "be7b": {
      "name": "merge",
      "canvasName": "merge",
      "summary": "prep cc payload",
      "description": "prep cc payload",
      "location": "Application",
      "locationType": null,
      "app": "WorkFlowEngine",
      "type": "operation",
      "displayName": "WorkFlowEngine",
      "variables": {
        "incoming": {
          "data_to_merge": [
            {
              "key": "service_order",
              "value": {
                "task": "b993",
                "variable": "return_data"
              }
            },
            {
              "key": "config",
              "value": {
                "task": "5c3b",
                "variable": "replacedString"
              }
            }
          ]
        },
        "outgoing": {
          "merged_object": null
        }
      },
      "deprecated": false,
      "groups": [],
      "x": 0.5686711210096511,
      "y": 0.4885057471264368
    },
    "22b0": {
      "name": "replace",
      "canvasName": "replace",
      "summary": "CC Cleanup",
      "description": "CC Cleanup",
      "location": "Application",
      "locationType": null,
      "app": "WorkFlowEngine",
      "type": "automatic",
      "displayName": "String",
      "variables": {
        "incoming": {
          "str": "$var.e76e.return_data",
          "substr": "/\\[\\[/",
          "newSubstr": ""
        },
        "outgoing": {
          "replacedString": null
        },
        "error": "",
        "decorators": []
      },
      "deprecated": false,
      "groups": [],
      "actor": "Pronghorn",
      "x": 0.1945063103192279,
      "y": 0.3586206896551724,
      "scheduled": false
    },
    "3cbb": {
      "name": "replace",
      "canvasName": "replace",
      "summary": "CC Cleanup-2",
      "description": "CC Cleanup-2",
      "location": "Application",
      "locationType": null,
      "app": "WorkFlowEngine",
      "type": "automatic",
      "displayName": "String",
      "variables": {
        "incoming": {
          "str": "$var.22b0.replacedString",
          "substr": "/\\]\\]/",
          "newSubstr": ""
        },
        "outgoing": {
          "replacedString": null
        },
        "error": "",
        "decorators": []
      },
      "deprecated": false,
      "groups": [],
      "actor": "Pronghorn",
      "x": 0.21900519673348182,
      "y": 0.6540229885057471,
      "scheduled": false
    },
    "5c3b": {
      "name": "replace",
      "canvasName": "replace",
      "summary": "CC Cleanup-3",
      "description": "CC Cleanup-3",
      "location": "Application",
      "locationType": null,
      "app": "WorkFlowEngine",
      "type": "automatic",
      "displayName": "String",
      "variables": {
        "incoming": {
          "str": "$var.3cbb.replacedString",
          "substr": "/\\n/g",
          "newSubstr": ""
        },
        "outgoing": {
          "replacedString": null
        },
        "error": "",
        "decorators": []
      },
      "deprecated": false,
      "groups": [],
      "actor": "Pronghorn",
      "x": 0.2984409799554566,
      "y": 0.3873563218390805,
      "scheduled": false
    }
  },
  "transitions": {
    "2776": {
      "e76e": {
        "type": "standard",
        "state": "success"
      }
    },
    "2807": {
      "be7b": {
        "type": "standard",
        "state": "success"
      }
    },
    "8087": {
      "39a0": {
        "type": "standard",
        "state": "success"
      }
    },
    "workflow_start": {
      "b993": {
        "type": "standard",
        "state": "success"
      }
    },
    "workflow_end": {},
    "5c25": {},
    "b852": {},
    "7fc9": {
      "2776": {
        "type": "standard",
        "state": "success"
      }
    },
    "b993": {
      "7fc9": {
        "type": "standard",
        "state": "success"
      }
    },
    "f771": {
      "2807": {
        "type": "standard",
        "state": "success"
      }
    },
    "e76e": {
      "22b0": {
        "type": "standard",
        "state": "success"
      }
    },
    "39a0": {
      "workflow_end": {
        "type": "standard",
        "state": "success"
      }
    },
    "be7b": {
      "8087": {
        "type": "standard",
        "state": "success"
      }
    },
    "22b0": {
      "3cbb": {
        "type": "standard",
        "state": "success"
      }
    },
    "3cbb": {
      "5c3b": {
        "type": "standard",
        "state": "success"
      }
    },
    "5c3b": {
      "f771": {
        "type": "standard",
        "state": "success"
      }
    }
  },
  "font_size": 12,
  "last_updated": "2023-04-03T07:10:27.595Z",
  "last_updated_by": {
    "provenance": "local_aaa",
    "username": "admin@pronghorn",
    "firstname": "admin",
    "inactive": false
  },
  "lastUpdatedVersion": "5.44.64-2022.1.27.0",
  "inputSchema": {
    "type": "object",
    "properties": {
      "orderModel": {
        "title": "obj",
        "type": "object",
        "properties": {},
        "examples": [
          {
            "name": "value"
          }
        ]
      }
    },
    "required": [
      "orderModel"
    ]
  },
  "outputSchema": {
    "type": "object",
    "properties": {
      "orderModel": {
        "title": "obj",
        "type": "object",
        "properties": {},
        "examples": [
          {
            "name": "value"
          }
        ]
      },
      "_id": {
        "type": "string",
        "pattern": "^[0-9a-f]{24}$"
      },
      "initiator": {
        "type": "string"
      }
    }
  },
  "created": "2023-04-03T05:21:02.492Z",
  "created_by": {
    "provenance": "local_aaa",
    "username": "admin@pronghorn",
    "firstname": "admin",
    "inactive": false
  },
  "createdVersion": "5.44.64-2022.1.27.0",
  "tags": [],
  "groups": [],
  "migrationVersion": 1
}