{
  "canvasVersion": 1,
  "created": "2023-03-29T02:40:41.823Z",
  "createdVersion": "5.44.64-2022.1.29.0",
  "created_by": {
    "provenance": "local_aaa",
    "username": "admin@pronghorn",
    "firstname": "admin",
    "inactive": false
  },
  "font_size": 12,
  "inputSchema": {
    "type": "object",
    "properties": {
      "orderModel": {
        "title": "obj",
        "type": "object",
        "properties": {},
        "examples": [
          {
            "name": "value"
          }
        ]
      }
    },
    "required": [
      "orderModel"
    ]
  },
  "lastUpdatedVersion": "5.44.64-2022.1.27.0",
  "last_updated": "2023-04-03T08:26:53.260Z",
  "last_updated_by": {
    "provenance": "local_aaa",
    "username": "admin@pronghorn",
    "firstname": "admin",
    "inactive": false
  },
  "name": "PTA_gNMI_deployment",
  "outputSchema": {
    "type": "object",
    "properties": {
      "orderModel": {
        "title": "object",
        "type": "object",
        "properties": {},
        "examples": [
          {
            "first": {
              "second": {
                "third": "last"
              }
            }
          }
        ]
      },
      "_id": {
        "type": "string",
        "pattern": "^[0-9a-f]{24}$"
      },
      "initiator": {
        "type": "string"
      },
      "demo": {
        "type": "number"
      },
      "rollbackStart": {
        "title": "response",
        "type": "string",
        "examples": [
          "awesome"
        ]
      },
      "deviceName": {
        "title": "return_data",
        "type": [
          "string",
          "number",
          "object",
          "integer",
          "array",
          "boolean",
          "null"
        ],
        "examples": [
          "value"
        ]
      },
      "gnmiResponse": {
        "type": "object",
        "properties": {
          "notification": {
            "type": "array",
            "items": {
              "type": "object",
              "properties": {
                "alias": {
                  "type": [
                    "array",
                    "boolean",
                    "null",
                    "number",
                    "object",
                    "string"
                  ]
                },
                "atomic": {
                  "type": "boolean"
                },
                "prefix": {
                  "type": [
                    "array",
                    "boolean",
                    "null",
                    "number",
                    "object",
                    "string"
                  ]
                },
                "timestamp": {
                  "type": "number"
                },
                "update_fail": {
                  "type": "array",
                  "items": {
                    "type": "object",
                    "properties": {
                      "path": {
                        "type": "string"
                      },
                      "val": {
                        "type": [
                          "array",
                          "boolean",
                          "null",
                          "number",
                          "object",
                          "string"
                        ]
                      }
                    }
                  }
                },
                "update": {
                  "type": "array",
                  "items": {
                    "type": "object",
                    "properties": {
                      "path": {
                        "type": "string"
                      },
                      "val": {
                        "type": "object",
                        "properties": {
                          "config": {
                            "type": "object",
                            "properties": {
                              "name": {
                                "type": "string"
                              },
                              "type": {
                                "type": "string"
                              }
                            }
                          },
                          "state": {
                            "type": "object",
                            "properties": {
                              "admin-status": {
                                "type": "string"
                              },
                              "counters": {
                                "type": "object",
                                "properties": {
                                  "carrier-transitions": {
                                    "type": "string"
                                  }
                                }
                              },
                              "enabled": {
                                "type": "boolean"
                              },
                              "ifindex": {
                                "type": "number"
                              },
                              "last-change": {
                                "type": "string"
                              },
                              "logical": {
                                "type": "boolean"
                              },
                              "loopback-mode": {
                                "type": "boolean"
                              },
                              "mtu": {
                                "type": "number"
                              },
                              "name": {
                                "type": "string"
                              },
                              "oper-status": {
                                "type": "string"
                              },
                              "type": {
                                "type": "string"
                              }
                            }
                          },
                          "subinterfaces": {
                            "type": "object",
                            "properties": {
                              "subinterface": {
                                "type": "array",
                                "items": {
                                  "type": "object",
                                  "properties": {
                                    "index": {
                                      "type": "number"
                                    },
                                    "openconfig-if-ip:ipv4": {
                                      "type": "object",
                                      "properties": {
                                        "addresses": {
                                          "type": "object",
                                          "properties": {
                                            "address": {
                                              "type": "array",
                                              "items": {
                                                "type": "object",
                                                "properties": {
                                                  "config": {
                                                    "type": "object",
                                                    "properties": {
                                                      "name": {
                                                        "type": "string"
                                                      },
                                                      "type": {
                                                        "type": "string"
                                                      }
                                                    }
                                                  },
                                                  "state": {
                                                    "type": "object",
                                                    "properties": {
                                                      "admin-status": {
                                                        "type": "string"
                                                      },
                                                      "counters": {
                                                        "type": "object",
                                                        "properties": {
                                                          "carrier-transitions": {
                                                            "type": "string"
                                                          }
                                                        }
                                                      },
                                                      "enabled": {
                                                        "type": "boolean"
                                                      },
                                                      "ifindex": {
                                                        "type": "number"
                                                      },
                                                      "last-change": {
                                                        "type": "string"
                                                      },
                                                      "logical": {
                                                        "type": "boolean"
                                                      },
                                                      "loopback-mode": {
                                                        "type": "boolean"
                                                      },
                                                      "mtu": {
                                                        "type": "number"
                                                      },
                                                      "name": {
                                                        "type": "string"
                                                      },
                                                      "oper-status": {
                                                        "type": "string"
                                                      },
                                                      "type": {
                                                        "type": "string"
                                                      }
                                                    }
                                                  },
                                                  "subinterfaces": {
                                                    "type": "object",
                                                    "properties": {
                                                      "subinterface": {
                                                        "type": "array",
                                                        "items": {
                                                          "type": "object",
                                                          "properties": {
                                                            "index": {
                                                              "type": "number"
                                                            },
                                                            "openconfig-if-ip:ipv4": {
                                                              "type": "object",
                                                              "properties": {
                                                                "addresses": {
                                                                  "type": "object",
                                                                  "properties": {
                                                                    "address": {
                                                                      "type": "array",
                                                                      "items": {
                                                                        "type": "object",
                                                                        "properties": {
                                                                          "config": {
                                                                            "type": "object",
                                                                            "properties": {
                                                                              "ip": {
                                                                                "type": "string"
                                                                              },
                                                                              "prefix-length": {
                                                                                "type": "number"
                                                                              }
                                                                            }
                                                                          },
                                                                          "ip": {
                                                                            "type": "string"
                                                                          },
                                                                          "state": {
                                                                            "type": "object",
                                                                            "properties": {
                                                                              "ip": {
                                                                                "type": "string"
                                                                              },
                                                                              "origin": {
                                                                                "type": "string"
                                                                              },
                                                                              "prefix-length": {
                                                                                "type": "number"
                                                                              }
                                                                            }
                                                                          }
                                                                        }
                                                                      }
                                                                    }
                                                                  }
                                                                }
                                                              }
                                                            }
                                                          }
                                                        }
                                                      }
                                                    }
                                                  }
                                                }
                                              }
                                            }
                                          }
                                        }
                                      }
                                    }
                                  }
                                }
                              }
                            }
                          }
                        }
                      }
                    }
                  }
                }
              }
            }
          }
        }
      },
      "reason": {
        "title": "response",
        "type": "string",
        "examples": [
          "awesome"
        ]
      },
      "inventory": {
        "title": "return_data",
        "type": [
          "string",
          "number",
          "object",
          "integer",
          "array",
          "boolean",
          "null"
        ],
        "examples": [
          "value"
        ]
      },
      "status": {
        "type": "string"
      },
      "success": {
        "type": "boolean"
      },
      "result": {
        "type": [
          "array",
          "boolean",
          "null",
          "number",
          "object",
          "string"
        ]
      }
    }
  },
  "preAutomationTime": 0,
  "sla": 0,
  "tasks": {
    "579": {
      "name": "evaluation",
      "canvasName": "evaluation",
      "summary": "Demo",
      "description": "Demo",
      "location": "Application",
      "locationType": null,
      "app": "WorkFlowEngine",
      "type": "operation",
      "displayName": "WorkFlowEngine",
      "variables": {
        "incoming": {
          "all_true_flag": false,
          "evaluation_groups": [
            {
              "all_true_flag": false,
              "evaluations": [
                {
                  "query": "",
                  "operand_1": {
                    "variable": "demo",
                    "task": "job"
                  },
                  "operator": "==",
                  "operand_2": {
                    "variable": 0,
                    "task": "static"
                  },
                  "rightQuery": ""
                }
              ]
            }
          ]
        },
        "outgoing": {
          "return_value": null
        }
      },
      "deprecated": false,
      "groups": [],
      "x": 2.350668647845468,
      "y": 0.5051020408163265
    },
    "965": {
      "name": "stub",
      "canvasName": "stub",
      "summary": "Start Precheck",
      "description": "Start Precheck",
      "location": "Application",
      "locationType": null,
      "app": "WorkFlowEngine",
      "type": "automatic",
      "displayName": "Tools",
      "variables": {
        "incoming": {
          "type": "success",
          "delay": "",
          "response": "precheck"
        },
        "outgoing": {
          "response": "$var.job.rollbackStart"
        },
        "error": "",
        "decorators": []
      },
      "deprecated": false,
      "groups": [],
      "actor": "Pronghorn",
      "x": 0.07844756399669695,
      "y": 0.33783783783783783,
      "scheduled": false
    },
    "1342": {
      "name": "gnmiSet",
      "canvasName": "gnmiSet",
      "summary": "rollback",
      "description": "Send a gNMI set command for updates, deletes, and replaces.",
      "location": "Adapter",
      "locationType": "tGNMI",
      "app": "tGNMI",
      "type": "automatic",
      "displayName": "tGNMI",
      "variables": {
        "incoming": {
          "delete": "",
          "host": "$var.job.deviceName",
          "replace": "",
          "update": "$var.7d45.updatePayload",
          "adapter_id": "AGtGNMI"
        },
        "outgoing": {
          "result": null
        },
        "error": "",
        "decorators": []
      },
      "deprecated": false,
      "groups": [],
      "actor": "Pronghorn",
      "x": 1.8918249380677126,
      "y": 0.8353808353808354,
      "scheduled": false
    },
    "2596": {
      "name": "makeData",
      "canvasName": "makeData",
      "summary": "Prep Descr",
      "description": "Prep Descr",
      "location": "Application",
      "locationType": null,
      "app": "WorkFlowEngine",
      "type": "automatic",
      "displayName": "Tools",
      "variables": {
        "incoming": {
          "input": "<!deviceName!>_<!status!>_<!rollbackStart!>_<!reason!>",
          "outputType": "string",
          "variables": "$var.3b0b.merged_object"
        },
        "outgoing": {
          "output": null
        },
        "error": "",
        "decorators": []
      },
      "deprecated": false,
      "groups": [],
      "actor": "Pronghorn",
      "x": 3.428677563150074,
      "y": 0.4931972789115646,
      "scheduled": false
    },
    "3022": {
      "name": "stub",
      "canvasName": "stub",
      "summary": "Precheck Failed",
      "description": "Precheck Failed",
      "location": "Application",
      "locationType": null,
      "app": "WorkFlowEngine",
      "type": "automatic",
      "displayName": "Tools",
      "variables": {
        "incoming": {
          "type": "success",
          "delay": "",
          "response": "precheck"
        },
        "outgoing": {
          "response": "$var.job.rollbackStart"
        },
        "error": "",
        "decorators": []
      },
      "deprecated": false,
      "groups": [],
      "actor": "Pronghorn",
      "x": 0.7505486466715435,
      "y": 0.6768488745980707,
      "scheduled": false
    },
    "3331": {
      "name": "stub",
      "canvasName": "stub",
      "summary": "Deployment Failed",
      "description": "Deployment Failed",
      "location": "Application",
      "locationType": null,
      "app": "WorkFlowEngine",
      "type": "automatic",
      "displayName": "Tools",
      "variables": {
        "incoming": {
          "type": "success",
          "delay": "",
          "response": "deploy"
        },
        "outgoing": {
          "response": "$var.job.rollbackStart"
        },
        "error": "",
        "decorators": []
      },
      "deprecated": false,
      "groups": [],
      "actor": "Pronghorn",
      "x": 2.0685383980181666,
      "y": 0.6904176904176904,
      "scheduled": false
    },
    "5319": {
      "name": "newVariable",
      "canvasName": "newVariable",
      "summary": "Create a Job Variable",
      "description": "Create a new Job variable by Job ID and assign it a value.",
      "location": "Application",
      "locationType": null,
      "app": "WorkFlowEngine",
      "type": "operation",
      "displayName": "WorkFlowEngine",
      "variables": {
        "incoming": {
          "name": "gnmiResponse",
          "value": {
            "notification": [
              {
                "alias": null,
                "atomic": false,
                "prefix": null,
                "timestamp": 1679004919764826400,
                "update_fail": [
                  {
                    "path": "interfaces/interface[name=Loopback10]",
                    "val": null
                  }
                ],
                "update": [
                  {
                    "path": "interfaces/interface[name=Loopback0]",
                    "val": {
                      "config": {
                        "name": "Loopback0",
                        "type": "iana-if-type:softwareLoopback"
                      },
                      "state": {
                        "admin-status": "UP",
                        "counters": {
                          "carrier-transitions": "1"
                        },
                        "enabled": true,
                        "ifindex": 6,
                        "last-change": "1678139685781596073",
                        "logical": true,
                        "loopback-mode": false,
                        "mtu": 1500,
                        "name": "Loopback0",
                        "oper-status": "UP",
                        "type": "iana-if-type:softwareLoopback"
                      },
                      "subinterfaces": {
                        "subinterface": [
                          {
                            "index": 0,
                            "openconfig-if-ip:ipv4": {
                              "addresses": {
                                "address": [
                                  {
                                    "config": {
                                      "name": "Loopback0",
                                      "type": "iana-if-type:softwareLoopback"
                                    },
                                    "state": {
                                      "admin-status": "UP",
                                      "counters": {
                                        "carrier-transitions": "1"
                                      },
                                      "enabled": true,
                                      "ifindex": 6,
                                      "last-change": "1678139685781596073",
                                      "logical": true,
                                      "loopback-mode": false,
                                      "mtu": 1500,
                                      "name": "Loopback0",
                                      "oper-status": "UP",
                                      "type": "iana-if-type:softwareLoopback"
                                    },
                                    "subinterfaces": {
                                      "subinterface": [
                                        {
                                          "index": 0,
                                          "openconfig-if-ip:ipv4": {
                                            "addresses": {
                                              "address": [
                                                {
                                                  "config": {
                                                    "ip": "10.213.97.74",
                                                    "prefix-length": 32
                                                  },
                                                  "ip": "10.213.97.74",
                                                  "state": {
                                                    "ip": "10.213.97.74",
                                                    "origin": "STATIC",
                                                    "prefix-length": 32
                                                  }
                                                }
                                              ]
                                            }
                                          }
                                        }
                                      ]
                                    }
                                  }
                                ]
                              }
                            }
                          }
                        ]
                      }
                    }
                  }
                ]
              }
            ]
          }
        },
        "outgoing": {
          "value": null
        }
      },
      "deprecated": false,
      "groups": [],
      "x": 0.3803863298662704,
      "y": 0.2942176870748299
    },
    "5596": {
      "name": "newVariable",
      "canvasName": "newVariable",
      "summary": "Create a Job Variable",
      "description": "Create a new Job variable by Job ID and assign it a value.",
      "location": "Application",
      "locationType": null,
      "app": "WorkFlowEngine",
      "type": "operation",
      "displayName": "WorkFlowEngine",
      "variables": {
        "incoming": {
          "name": "demo",
          "value": 0
        },
        "outgoing": {
          "value": null
        }
      },
      "deprecated": false,
      "groups": [],
      "x": -0.04309063893016345,
      "y": 0.4310077519379845
    },
    "5904": {
      "name": "newVariable",
      "canvasName": "newVariable",
      "summary": "Create a Job Variable",
      "description": "Create a new Job variable by Job ID and assign it a value.",
      "location": "Application",
      "locationType": null,
      "app": "WorkFlowEngine",
      "type": "operation",
      "displayName": "WorkFlowEngine",
      "variables": {
        "incoming": {
          "name": "reason",
          "value": "default"
        },
        "outgoing": {
          "value": null
        }
      },
      "deprecated": false,
      "groups": [],
      "x": -0.1337295690936107,
      "y": 0.4263565891472868
    },
    "5974": {
      "name": "stub",
      "canvasName": "stub",
      "summary": "Adapter Failure",
      "description": "Adapter Failure",
      "location": "Application",
      "locationType": null,
      "app": "WorkFlowEngine",
      "type": "automatic",
      "displayName": "Tools",
      "variables": {
        "incoming": {
          "type": "error",
          "delay": "",
          "response": "$var.f2e2.error"
        },
        "outgoing": {
          "response": "$var.job.reason"
        },
        "error": "",
        "decorators": []
      },
      "deprecated": false,
      "groups": [],
      "actor": "Pronghorn",
      "x": 1.911643270024773,
      "y": 0.64004914004914,
      "scheduled": false
    },
    "8330": {
      "name": "merge",
      "canvasName": "merge",
      "summary": "Prep Precheck",
      "description": "Prep Precheck variables",
      "location": "Application",
      "locationType": null,
      "app": "WorkFlowEngine",
      "type": "operation",
      "displayName": "WorkFlowEngine",
      "variables": {
        "incoming": {
          "data_to_merge": [
            {
              "key": "orderModel",
              "value": {
                "task": "job",
                "variable": "orderModel",
                "editable": true
              }
            },
            {
              "key": "precheckResponse",
              "value": {
                "task": "c560",
                "variable": "result"
              }
            },
            {
              "key": "type",
              "value": {
                "task": "static",
                "variable": "precheck"
              }
            }
          ]
        },
        "outgoing": {
          "merged_object": null
        }
      },
      "deprecated": false,
      "groups": [],
      "x": 0.5070189925681255,
      "y": 0.36117936117936117
    },
    "9300": {
      "name": "merge",
      "canvasName": "merge",
      "summary": "createContext",
      "description": "Merge data into a single object",
      "location": "Application",
      "locationType": null,
      "app": "WorkFlowEngine",
      "type": "operation",
      "displayName": "WorkFlowEngine",
      "variables": {
        "incoming": {
          "data_to_merge": [
            {
              "key": "serviceCharacteristic",
              "value": {
                "task": "f0f5",
                "variable": "return_data"
              }
            }
          ]
        },
        "outgoing": {
          "merged_object": null
        }
      },
      "deprecated": false,
      "groups": [],
      "x": 0.9075144508670521,
      "y": 0.44103194103194104
    },
    "workflow_start": {
      "name": "workflow_start",
      "groups": [],
      "x": -0.34609929078014184,
      "y": 0.49356913183279744
    },
    "workflow_end": {
      "name": "workflow_end",
      "groups": [],
      "x": 3.640416047548291,
      "y": 0.49829931972789115
    },
    "18f4": {
      "name": "stub",
      "canvasName": "stub",
      "summary": "README",
      "description": "{ \"orderModel\": {\n   \"demo\":10,\n  \"serviceOrder\": {},\n    \"inventory\": {\n      \"deviceName\": \"samDevice\",\n        \"interfaceName\": \"samInterface/0\",\n        \"mtu\": 45,\n        \"interfaceDescription\": \"this inteface serves Sam\",\n        \"autoNegotiate\": false\n    }\n}\n}",
      "location": "Application",
      "locationType": null,
      "app": "WorkFlowEngine",
      "type": "automatic",
      "displayName": "Tools",
      "variables": {
        "incoming": {
          "type": "success",
          "delay": "",
          "response": ""
        },
        "outgoing": {
          "response": null
        },
        "error": "",
        "decorators": []
      },
      "deprecated": false,
      "groups": [],
      "actor": "Pronghorn",
      "x": -0.349645390070922,
      "y": 0.2604501607717042,
      "scheduled": false
    },
    "c560": {
      "name": "gnmiGet",
      "canvasName": "gnmiGet",
      "summary": "Get Interface",
      "description": "Get Interface info",
      "location": "Adapter",
      "locationType": "tGNMI",
      "app": "tGNMI",
      "type": "automatic",
      "displayName": "tGNMI",
      "variables": {
        "incoming": {
          "host": "$var.job.deviceName",
          "path": "$var.88ec.output",
          "adapter_id": "AGtGNMI"
        },
        "outgoing": {
          "result": "$var.job.gnmiResponse"
        },
        "error": "",
        "decorators": []
      },
      "deprecated": false,
      "groups": [],
      "actor": "Pronghorn",
      "x": 0.3829787234042553,
      "y": 0.4903536977491961,
      "scheduled": false
    },
    "af03": {
      "name": "query",
      "canvasName": "query",
      "summary": "Get inventory values",
      "description": "Get inventory values",
      "location": "Application",
      "locationType": null,
      "app": "WorkFlowEngine",
      "type": "operation",
      "displayName": "WorkFlowEngine",
      "variables": {
        "incoming": {
          "pass_on_null": false,
          "query": "inventory",
          "obj": "$var.job.orderModel"
        },
        "outgoing": {
          "return_data": "$var.job.inventory"
        },
        "error": "",
        "decorators": []
      },
      "deprecated": false,
      "groups": [],
      "x": -0.23328380386329867,
      "y": 0.4098639455782313,
      "scheduled": false
    },
    "88ec": {
      "name": "makeData",
      "canvasName": "makeData",
      "summary": "Create Path",
      "description": "Creates path for the interface",
      "location": "Application",
      "locationType": null,
      "app": "WorkFlowEngine",
      "type": "automatic",
      "displayName": "Tools",
      "variables": {
        "incoming": {
          "input": "[\"openconfig-interfaces:interfaces/interface[name=<!interfaceName!>]\"]",
          "outputType": "json",
          "variables": "$var.af03.return_data"
        },
        "outgoing": {
          "output": null
        },
        "error": "",
        "decorators": []
      },
      "deprecated": false,
      "groups": [],
      "actor": "Pronghorn",
      "x": 0.2295623451692816,
      "y": 0.5098280098280098,
      "scheduled": false
    },
    "2f4": {
      "name": "evaluation",
      "canvasName": "evaluation",
      "summary": "Demo",
      "description": "Demo",
      "location": "Application",
      "locationType": null,
      "app": "WorkFlowEngine",
      "type": "operation",
      "displayName": "WorkFlowEngine",
      "variables": {
        "incoming": {
          "all_true_flag": false,
          "evaluation_groups": [
            {
              "all_true_flag": false,
              "evaluations": [
                {
                  "query": "",
                  "operand_1": {
                    "variable": "demo",
                    "task": "job"
                  },
                  "operator": "==",
                  "operand_2": {
                    "variable": 0,
                    "task": "static"
                  },
                  "rightQuery": ""
                }
              ]
            }
          ]
        },
        "outgoing": {
          "return_value": null
        }
      },
      "deprecated": false,
      "groups": [],
      "x": 0.3078014184397163,
      "y": 0.48231511254019294
    },
    "9c2": {
      "name": "evaluation",
      "canvasName": "evaluation",
      "summary": "Precheck Success",
      "description": "Precheck Success",
      "location": "Application",
      "locationType": null,
      "app": "WorkFlowEngine",
      "type": "operation",
      "displayName": "WorkFlowEngine",
      "variables": {
        "incoming": {
          "all_true_flag": false,
          "evaluation_groups": [
            {
              "all_true_flag": false,
              "evaluations": [
                {
                  "query": "",
                  "operand_1": {
                    "variable": "return_data",
                    "task": "1fbe"
                  },
                  "operator": "!contains",
                  "operand_2": {
                    "variable": null,
                    "task": "static"
                  },
                  "rightQuery": ""
                }
              ]
            }
          ]
        },
        "outgoing": {
          "return_value": null
        }
      },
      "deprecated": false,
      "groups": [],
      "x": 0.662262592898431,
      "y": 0.4963144963144963
    },
    "aa35": {
      "name": "newVariable",
      "canvasName": "newVariable",
      "summary": "Create a Job Variable",
      "description": "Create a new Job variable by Job ID and assign it a value.",
      "location": "Application",
      "locationType": null,
      "app": "WorkFlowEngine",
      "type": "operation",
      "displayName": "WorkFlowEngine",
      "variables": {
        "incoming": {
          "name": "status",
          "value": "failure"
        },
        "outgoing": {
          "value": null
        }
      },
      "deprecated": false,
      "groups": [],
      "x": 3.0115606936416186,
      "y": 0.9692874692874693
    },
    "504d": {
      "name": "newVariable",
      "canvasName": "newVariable",
      "summary": "Create a Job Variable",
      "description": "Create a new Job variable by Job ID and assign it a value.",
      "location": "Application",
      "locationType": null,
      "app": "WorkFlowEngine",
      "type": "operation",
      "displayName": "WorkFlowEngine",
      "variables": {
        "incoming": {
          "name": "success",
          "value": false
        },
        "outgoing": {
          "value": null
        }
      },
      "deprecated": false,
      "groups": [],
      "x": 3.1560178306092124,
      "y": 0.9132653061224489
    },
    "f675": {
      "name": "newVariable",
      "canvasName": "newVariable",
      "summary": "Create a Job Variable",
      "description": "Create a new Job variable by Job ID and assign it a value.",
      "location": "Application",
      "locationType": null,
      "app": "WorkFlowEngine",
      "type": "operation",
      "displayName": "WorkFlowEngine",
      "variables": {
        "incoming": {
          "name": "success",
          "value": true
        },
        "outgoing": {
          "value": null
        }
      },
      "deprecated": false,
      "groups": [],
      "x": 3.1567607726597324,
      "y": 0.49829931972789115
    },
    "41cf": {
      "name": "newVariable",
      "canvasName": "newVariable",
      "summary": "Create a Job Variable",
      "description": "Create a new Job variable by Job ID and assign it a value.",
      "location": "Application",
      "locationType": null,
      "app": "WorkFlowEngine",
      "type": "operation",
      "displayName": "WorkFlowEngine",
      "variables": {
        "incoming": {
          "name": "status",
          "value": "success"
        },
        "outgoing": {
          "value": null
        }
      },
      "deprecated": false,
      "groups": [],
      "x": 2.9910846953937593,
      "y": 0.4914965986394558
    },
    "f2e2": {
      "name": "gnmiSet",
      "canvasName": "gnmiSet",
      "summary": "Deploy Config",
      "description": "Deploy Config",
      "location": "Adapter",
      "locationType": "tGNMI",
      "app": "tGNMI",
      "type": "automatic",
      "displayName": "tGNMI",
      "variables": {
        "incoming": {
          "delete": "",
          "host": "$var.job.deviceName",
          "replace": "",
          "update": "$var.c8f0.renderedJson",
          "adapter_id": "AGtGNMI"
        },
        "outgoing": {
          "result": "$var.job.gnmiResponse"
        },
        "error": "",
        "decorators": []
      },
      "deprecated": false,
      "groups": [],
      "actor": "Pronghorn",
      "x": 2.0437654830718412,
      "y": 0.457002457002457,
      "scheduled": false
    },
    "dd3": {
      "name": "evaluation",
      "canvasName": "evaluation",
      "summary": "Demo",
      "description": "Demo",
      "location": "Application",
      "locationType": null,
      "app": "WorkFlowEngine",
      "type": "operation",
      "displayName": "WorkFlowEngine",
      "variables": {
        "incoming": {
          "all_true_flag": false,
          "evaluation_groups": [
            {
              "all_true_flag": false,
              "evaluations": [
                {
                  "query": "",
                  "operand_1": {
                    "variable": "demo",
                    "task": "job"
                  },
                  "operator": "==",
                  "operand_2": {
                    "variable": 0,
                    "task": "static"
                  },
                  "rightQuery": ""
                }
              ]
            }
          ]
        },
        "outgoing": {
          "return_value": null
        }
      },
      "deprecated": false,
      "groups": [],
      "x": 1.884393063583815,
      "y": 0.4643734643734644
    },
    "99c6": {
      "name": "newVariable",
      "canvasName": "newVariable",
      "summary": "Create a Job Variable",
      "description": "Create a new Job variable by Job ID and assign it a value.",
      "location": "Application",
      "locationType": null,
      "app": "WorkFlowEngine",
      "type": "operation",
      "displayName": "WorkFlowEngine",
      "variables": {
        "incoming": {
          "name": "gnmiResponse",
          "value": {
            "prefix": null,
            "response": [
              {
                "op": "UPDATE",
                "path": "interfaces"
              }
            ],
            "timestamp": 1679006821499831300
          }
        },
        "outgoing": {
          "value": null
        }
      },
      "deprecated": false,
      "groups": [],
      "x": 2.0200594353640415,
      "y": 0.282312925170068
    },
    "2be3": {
      "name": "evaluation",
      "canvasName": "evaluation",
      "summary": "Deploy Success",
      "description": "Deploy Success",
      "location": "Application",
      "locationType": null,
      "app": "WorkFlowEngine",
      "type": "operation",
      "displayName": "WorkFlowEngine",
      "variables": {
        "incoming": {
          "all_true_flag": false,
          "evaluation_groups": [
            {
              "all_true_flag": false,
              "evaluations": [
                {
                  "query": "response[0].op",
                  "operand_1": {
                    "variable": "gnmiResponse",
                    "task": "job"
                  },
                  "operator": "==",
                  "operand_2": {
                    "variable": "UPDATE",
                    "task": "static"
                  },
                  "rightQuery": ""
                }
              ]
            }
          ]
        },
        "outgoing": {
          "return_value": null
        }
      },
      "deprecated": false,
      "groups": [],
      "x": 2.1147811725846406,
      "y": 0.5872235872235873
    },
    "3e6a": {
      "name": "stub",
      "canvasName": "stub",
      "summary": "Start Deployment",
      "description": "Start Deployment",
      "location": "Application",
      "locationType": null,
      "app": "WorkFlowEngine",
      "type": "automatic",
      "displayName": "Tools",
      "variables": {
        "incoming": {
          "type": "success",
          "delay": "",
          "response": "deploy"
        },
        "outgoing": {
          "response": "$var.job.rollbackStart"
        },
        "error": "",
        "decorators": []
      },
      "deprecated": false,
      "groups": [],
      "actor": "Pronghorn",
      "x": 1.6779521056977704,
      "y": 0.3034398034398034,
      "scheduled": false
    },
    "3d64": {
      "name": "query",
      "canvasName": "query",
      "summary": "Get deviceName",
      "description": "Get deviceName",
      "location": "Application",
      "locationType": null,
      "app": "WorkFlowEngine",
      "type": "operation",
      "displayName": "WorkFlowEngine",
      "variables": {
        "incoming": {
          "pass_on_null": false,
          "query": "deviceName",
          "obj": "$var.af03.return_data"
        },
        "outgoing": {
          "return_data": "$var.job.deviceName"
        },
        "error": "",
        "decorators": []
      },
      "deprecated": false,
      "groups": [],
      "x": -0.19465081723625557,
      "y": 0.54421768707483,
      "scheduled": false
    },
    "a976": {
      "name": "stub",
      "canvasName": "stub",
      "summary": "Deployment Failed",
      "description": "Deployment Failed",
      "location": "Application",
      "locationType": null,
      "app": "WorkFlowEngine",
      "type": "automatic",
      "displayName": "Tools",
      "variables": {
        "incoming": {
          "type": "success",
          "delay": "",
          "response": ""
        },
        "outgoing": {
          "response": "$var.job.reason"
        },
        "error": "",
        "decorators": []
      },
      "deprecated": false,
      "groups": [],
      "actor": "Pronghorn",
      "x": 2.2518579686209743,
      "y": 0.8378378378378378,
      "scheduled": false
    },
    "a1e9": {
      "name": "stub",
      "canvasName": "stub",
      "summary": "Adapter Failure",
      "description": "Adapter Failure",
      "location": "Application",
      "locationType": null,
      "app": "WorkFlowEngine",
      "type": "automatic",
      "displayName": "Tools",
      "variables": {
        "incoming": {
          "type": "success",
          "delay": "",
          "response": "$var.c560.error"
        },
        "outgoing": {
          "response": "$var.job.reason"
        },
        "error": "",
        "decorators": []
      },
      "deprecated": false,
      "groups": [],
      "actor": "Pronghorn",
      "x": 0.38652482269503546,
      "y": 1.1945337620578778,
      "scheduled": false
    },
    "2be1": {
      "name": "newVariable",
      "canvasName": "newVariable",
      "summary": "Create a Job Variable",
      "description": "Create a new Job variable by Job ID and assign it a value.",
      "location": "Application",
      "locationType": null,
      "app": "WorkFlowEngine",
      "type": "operation",
      "displayName": "WorkFlowEngine",
      "variables": {
        "incoming": {
          "name": "status",
          "value": "error"
        },
        "outgoing": {
          "value": null
        }
      },
      "deprecated": false,
      "groups": [],
      "x": 2.9962852897473997,
      "y": 1.217687074829932
    },
    "7ef4": {
      "name": "stub",
      "canvasName": "stub",
      "summary": "Suggest Backup Config",
      "description": "Backup the config or save rollback info",
      "location": "Application",
      "locationType": null,
      "app": "WorkFlowEngine",
      "type": "automatic",
      "displayName": "Tools",
      "variables": {
        "incoming": {
          "type": "success",
          "delay": "",
          "response": "Backup the config or save rollback info"
        },
        "outgoing": {
          "response": null
        },
        "error": "",
        "decorators": []
      },
      "deprecated": false,
      "groups": [],
      "actor": "Pronghorn",
      "x": 0.018992568125516102,
      "y": 0.4963144963144963,
      "scheduled": false
    },
    "8bf": {
      "name": "renderJinjaTemplate",
      "canvasName": "renderJinjaTemplate",
      "summary": "Postcheck Jinja",
      "description": "Eval postcheck results",
      "location": "Application",
      "locationType": null,
      "app": "TemplateBuilder",
      "type": "automatic",
      "displayName": "TemplateBuilder",
      "variables": {
        "incoming": {
          "name": "PTA_gnmi_precheck",
          "context": "$var.a46b.merged_object"
        },
        "outgoing": {
          "renderedTemplate": null
        },
        "error": "",
        "decorators": []
      },
      "deprecated": false,
      "groups": [],
      "actor": "Pronghorn",
      "x": 2.658959537572254,
      "y": 0.2678132678132678,
      "scheduled": false
    },
    "ccfe": {
      "name": "stub",
      "canvasName": "stub",
      "summary": "Start Postcheck",
      "description": "Start Postcheck",
      "location": "Application",
      "locationType": null,
      "app": "WorkFlowEngine",
      "type": "automatic",
      "displayName": "Tools",
      "variables": {
        "incoming": {
          "type": "success",
          "delay": "",
          "response": "postcheck"
        },
        "outgoing": {
          "response": "$var.job.rollbackStart"
        },
        "error": "",
        "decorators": []
      },
      "deprecated": false,
      "groups": [],
      "actor": "Pronghorn",
      "x": 2.2726597325408617,
      "y": 0.49829931972789115,
      "scheduled": false
    },
    "a46b": {
      "name": "merge",
      "canvasName": "merge",
      "summary": "Prep Postcheck",
      "description": "Prep Postcheck variables",
      "location": "Application",
      "locationType": null,
      "app": "WorkFlowEngine",
      "type": "operation",
      "displayName": "WorkFlowEngine",
      "variables": {
        "incoming": {
          "data_to_merge": [
            {
              "key": "orderModel",
              "value": {
                "task": "job",
                "variable": "orderModel",
                "editable": false
              }
            },
            {
              "key": "precheckResponse",
              "value": {
                "task": "job",
                "variable": "gnmiResponse"
              }
            },
            {
              "key": "type",
              "value": {
                "task": "static",
                "variable": "postcheck"
              }
            }
          ]
        },
        "outgoing": {
          "merged_object": null
        }
      },
      "deprecated": false,
      "groups": [],
      "x": 2.5425268373245253,
      "y": 0.2800982800982801
    },
    "55b6": {
      "name": "makeData",
      "canvasName": "makeData",
      "summary": "JSONify",
      "description": "JSONify",
      "location": "Application",
      "locationType": null,
      "app": "WorkFlowEngine",
      "type": "automatic",
      "displayName": "Tools",
      "variables": {
        "incoming": {
          "input": "<!renderedTemplate!>",
          "outputType": "json",
          "variables": "$var.8bf.renderedTemplate"
        },
        "outgoing": {
          "output": null
        },
        "error": "",
        "decorators": []
      },
      "deprecated": false,
      "groups": [],
      "actor": "Pronghorn",
      "x": 2.7993393889347646,
      "y": 0.25184275184275184,
      "scheduled": false
    },
    "68e8": {
      "name": "gnmiGet",
      "canvasName": "gnmiGet",
      "summary": "Get Interface",
      "description": "Get Interface info",
      "location": "Adapter",
      "locationType": "tGNMI",
      "app": "tGNMI",
      "type": "automatic",
      "displayName": "tGNMI",
      "variables": {
        "incoming": {
          "host": "$var.job.deviceName",
          "path": "$var.88ec.output",
          "adapter_id": "AGtGNMI"
        },
        "outgoing": {
          "result": "$var.job.gnmiResponse"
        },
        "error": "",
        "decorators": []
      },
      "deprecated": false,
      "groups": [],
      "actor": "Pronghorn",
      "x": 2.4323922734026744,
      "y": 0.5051020408163265,
      "scheduled": false
    },
    "91f9": {
      "name": "newVariable",
      "canvasName": "newVariable",
      "summary": "Create a Job Variable",
      "description": "Create a new Job variable by Job ID and assign it a value.",
      "location": "Application",
      "locationType": null,
      "app": "WorkFlowEngine",
      "type": "operation",
      "displayName": "WorkFlowEngine",
      "variables": {
        "incoming": {
          "name": "gnmiResponse",
          "value": {
            "notification": [
              {
                "alias": null,
                "atomic": false,
                "prefix": null,
                "timestamp": 1679004919764826400,
                "update_fail": [
                  {
                    "path": "interfaces/interface[name=Loopback10]",
                    "val": null
                  }
                ],
                "update": [
                  {
                    "path": "interfaces/interface[name=Loopback0]",
                    "val": {
                      "config": {
                        "name": "Loopback0",
                        "type": "iana-if-type:softwareLoopback"
                      },
                      "state": {
                        "admin-status": "UP",
                        "counters": {
                          "carrier-transitions": "1"
                        },
                        "enabled": true,
                        "ifindex": 6,
                        "last-change": "1678139685781596073",
                        "logical": true,
                        "loopback-mode": false,
                        "mtu": 1500,
                        "name": "Loopback0",
                        "oper-status": "UP",
                        "type": "iana-if-type:softwareLoopback"
                      },
                      "subinterfaces": {
                        "subinterface": [
                          {
                            "index": 0,
                            "openconfig-if-ip:ipv4": {
                              "addresses": {
                                "address": [
                                  {
                                    "config": {
                                      "name": "Loopback0",
                                      "type": "iana-if-type:softwareLoopback"
                                    },
                                    "state": {
                                      "admin-status": "UP",
                                      "counters": {
                                        "carrier-transitions": "1"
                                      },
                                      "enabled": true,
                                      "ifindex": 6,
                                      "last-change": "1678139685781596073",
                                      "logical": true,
                                      "loopback-mode": false,
                                      "mtu": 1500,
                                      "name": "Loopback0",
                                      "oper-status": "UP",
                                      "type": "iana-if-type:softwareLoopback"
                                    },
                                    "subinterfaces": {
                                      "subinterface": [
                                        {
                                          "index": 0,
                                          "openconfig-if-ip:ipv4": {
                                            "addresses": {
                                              "address": [
                                                {
                                                  "config": {
                                                    "ip": "10.213.97.74",
                                                    "prefix-length": 32
                                                  },
                                                  "ip": "10.213.97.74",
                                                  "state": {
                                                    "ip": "10.213.97.74",
                                                    "origin": "STATIC",
                                                    "prefix-length": 32
                                                  }
                                                }
                                              ]
                                            }
                                          }
                                        }
                                      ]
                                    }
                                  }
                                ]
                              }
                            }
                          }
                        ]
                      }
                    }
                  }
                ]
              }
            ]
          }
        },
        "outgoing": {
          "value": null
        }
      },
      "deprecated": false,
      "groups": [],
      "x": 2.427934621099554,
      "y": 0.282312925170068
    },
    "c921": {
      "name": "evaluation",
      "canvasName": "evaluation",
      "summary": "Precheck Success",
      "description": "Precheck Success",
      "location": "Application",
      "locationType": null,
      "app": "WorkFlowEngine",
      "type": "operation",
      "displayName": "WorkFlowEngine",
      "variables": {
        "incoming": {
          "all_true_flag": false,
          "evaluation_groups": [
            {
              "all_true_flag": false,
              "evaluations": [
                {
                  "query": "result.success",
                  "operand_1": {
                    "variable": "output",
                    "task": "55b6"
                  },
                  "operator": "==",
                  "operand_2": {
                    "variable": true,
                    "task": "static"
                  },
                  "rightQuery": ""
                }
              ]
            }
          ]
        },
        "outgoing": {
          "return_value": null
        }
      },
      "deprecated": false,
      "groups": [],
      "x": 2.957060280759703,
      "y": 0.64004914004914
    },
    "aac": {
      "name": "stub",
      "canvasName": "stub",
      "summary": "Postcheck Failed",
      "description": "Postcheck Failed",
      "location": "Application",
      "locationType": null,
      "app": "WorkFlowEngine",
      "type": "automatic",
      "displayName": "Tools",
      "variables": {
        "incoming": {
          "type": "success",
          "delay": "",
          "response": "postcheck"
        },
        "outgoing": {
          "response": "$var.job.rollbackStart"
        },
        "error": "",
        "decorators": []
      },
      "deprecated": false,
      "groups": [],
      "actor": "Pronghorn",
      "x": 2.8488852188274154,
      "y": 0.7014742014742015,
      "scheduled": false
    },
    "c386": {
      "name": "query",
      "canvasName": "query",
      "summary": "Get reason",
      "description": "Get reason",
      "location": "Application",
      "locationType": null,
      "app": "WorkFlowEngine",
      "type": "operation",
      "displayName": "WorkFlowEngine",
      "variables": {
        "incoming": {
          "pass_on_null": false,
          "query": "reason",
          "obj": "$var.55b6.output"
        },
        "outgoing": {
          "return_data": null
        },
        "error": "",
        "decorators": []
      },
      "deprecated": false,
      "groups": [],
      "x": 2.847696879643388,
      "y": 0.9149659863945578,
      "scheduled": false
    },
    "ba84": {
      "name": "stub",
      "canvasName": "stub",
      "summary": "Adapter Failure",
      "description": "Adapter Failure",
      "location": "Application",
      "locationType": null,
      "app": "WorkFlowEngine",
      "type": "automatic",
      "displayName": "Tools",
      "variables": {
        "incoming": {
          "type": "success",
          "delay": "",
          "response": ""
        },
        "outgoing": {
          "response": "$var.job.reason"
        },
        "error": "",
        "decorators": []
      },
      "deprecated": false,
      "groups": [],
      "actor": "Pronghorn",
      "x": 2.402972749793559,
      "y": 0.7039312039312039,
      "scheduled": false
    },
    "3b0b": {
      "name": "merge",
      "canvasName": "merge",
      "summary": "prep Result",
      "description": "prep Result",
      "location": "Application",
      "locationType": null,
      "app": "WorkFlowEngine",
      "type": "operation",
      "displayName": "WorkFlowEngine",
      "variables": {
        "incoming": {
          "data_to_merge": [
            {
              "key": "success",
              "value": {
                "task": "job",
                "variable": "success",
                "editable": false
              }
            },
            {
              "key": "status",
              "value": {
                "task": "job",
                "variable": "status"
              }
            },
            {
              "key": "reason",
              "value": {
                "task": "job",
                "variable": "reason"
              }
            },
            {
              "key": "rollbackStart",
              "value": {
                "task": "job",
                "variable": "rollbackStart"
              }
            },
            {
              "key": "deviceName",
              "value": {
                "task": "job",
                "variable": "deviceName"
              }
            }
          ]
        },
        "outgoing": {
          "merged_object": null
        }
      },
      "deprecated": false,
      "groups": [],
      "x": 3.2459138187221397,
      "y": 0.49829931972789115
    },
    "e539": {
      "name": "newVariable",
      "canvasName": "newVariable",
      "summary": "Create a Job Variable",
      "description": "Create a new Job variable by Job ID and assign it a value.",
      "location": "Application",
      "locationType": null,
      "app": "WorkFlowEngine",
      "type": "operation",
      "displayName": "WorkFlowEngine",
      "variables": {
        "incoming": {
          "name": "result",
          "value": "$var.3b0b.merged_object"
        },
        "outgoing": {
          "value": null
        }
      },
      "deprecated": false,
      "groups": [],
      "x": 3.323179791976226,
      "y": 0.49829931972789115
    },
    "fe50": {
      "name": "updateJobDescription",
      "canvasName": "updateJobDescription",
      "summary": "set Descr",
      "description": "Update description",
      "location": "Application",
      "locationType": null,
      "app": "WorkFlowEngine",
      "type": "operation",
      "displayName": "WorkFlowEngine",
      "variables": {
        "incoming": {
          "description": "$var.2596.output"
        },
        "outgoing": {
          "description": null
        },
        "error": "",
        "decorators": []
      },
      "deprecated": false,
      "groups": [],
      "x": 3.540861812778603,
      "y": 0.4931972789115646,
      "scheduled": false
    },
    "d86b": {
      "name": "renderJinjaTemplate",
      "canvasName": "renderJinjaTemplate",
      "summary": "Flatten serviceCharacteristic",
      "description": "Flatten serviceCharacteristic",
      "location": "Application",
      "locationType": null,
      "app": "TemplateBuilder",
      "type": "automatic",
      "displayName": "TemplateBuilder",
      "variables": {
        "incoming": {
          "name": "TMF - Flatten Service Characteristic",
          "context": "$var.9300.merged_object"
        },
        "outgoing": {
          "renderedTemplate": null
        },
        "error": "",
        "decorators": []
      },
      "deprecated": false,
      "groups": [],
      "actor": "Pronghorn",
      "x": 1.0957886044591247,
      "y": 0.4201474201474201,
      "scheduled": false
    },
    "f0f5": {
      "name": "query",
      "canvasName": "query",
      "summary": "Get serviceCharacteristic",
      "description": "Get serviceCharacteristic",
      "location": "Application",
      "locationType": null,
      "app": "WorkFlowEngine",
      "type": "operation",
      "displayName": "WorkFlowEngine",
      "variables": {
        "incoming": {
          "pass_on_null": false,
          "query": "serviceOrder.serviceOrderItem.service.serviceCharacteristic",
          "obj": "$var.job.orderModel"
        },
        "outgoing": {
          "return_data": "$var.job.inventory"
        },
        "error": "",
        "decorators": []
      },
      "deprecated": false,
      "groups": [],
      "x": -0.28603268945022287,
      "y": 0.5357142857142857,
      "scheduled": false
    },
    "d9f1": {
      "name": "transformation",
      "canvasName": "transformation",
      "summary": "Parse Rendered Jinja2 Template",
      "description": "Perform a JSON Transformation using the JST library.",
      "location": "Application",
      "locationType": null,
      "app": "WorkFlowEngine",
      "type": "operation",
      "displayName": "WorkFlowEngine",
      "variables": {
        "incoming": {
          "tr_id": "6242e11592536602319385fc",
          "variableMap": {
            "renderedTemplate": "$var.d86b.renderedTemplate"
          },
          "options": {
            "extractOutput": true,
            "validateIncoming": true,
            "revertToDefaultValue": true
          }
        },
        "outgoing": {
          "renderedJson": null
        },
        "decorators": []
      },
      "deprecated": false,
      "groups": [],
      "x": 1.3542526837324524,
      "y": 0.4262899262899263,
      "retrySettings": null,
      "task_name": "Parse Rendered Jinja2 Template"
    },
    "e487": {
      "name": "renderJinjaTemplate",
      "canvasName": "renderJinjaTemplate",
      "summary": "Create Config",
      "description": "Create PTA Config",
      "location": "Application",
      "locationType": null,
      "app": "TemplateBuilder",
      "type": "automatic",
      "displayName": "TemplateBuilder",
      "variables": {
        "incoming": {
          "name": "PE1_PortTypeA_noLag",
          "context": "$var.26ff.targetObject"
        },
        "outgoing": {
          "renderedTemplate": null
        },
        "error": "",
        "decorators": []
      },
      "deprecated": false,
      "groups": [],
      "actor": "Pronghorn",
      "x": 1.4988864142538976,
      "y": 1.0264367816091955,
      "scheduled": false
    },
    "bd98": {
      "name": "stub",
      "canvasName": "stub",
      "summary": "Prep Config",
      "description": "Prep Config",
      "location": "Application",
      "locationType": null,
      "app": "WorkFlowEngine",
      "type": "automatic",
      "displayName": "Tools",
      "variables": {
        "incoming": {
          "type": "success",
          "delay": "",
          "response": "Prep Config"
        },
        "outgoing": {
          "response": "$var.job.rollbackStart"
        },
        "error": "",
        "decorators": []
      },
      "deprecated": false,
      "groups": [],
      "actor": "Pronghorn",
      "x": 0.7968620974401321,
      "y": 0.44471744471744473,
      "scheduled": false
    },
    "b763": {
      "name": "merge",
      "canvasName": "merge",
      "summary": "makeIntObj",
      "description": "Merge data into a single object",
      "location": "Application",
      "locationType": null,
      "app": "WorkFlowEngine",
      "type": "operation",
      "displayName": "WorkFlowEngine",
      "variables": {
        "incoming": {
          "data_to_merge": [
            {
              "key": "interfaceName",
              "value": {
                "task": "40a",
                "variable": "return_data"
              }
            }
          ]
        },
        "outgoing": {
          "merged_object": null
        }
      },
      "deprecated": false,
      "groups": [],
      "x": 1.2568125516102395,
      "y": 0.6117936117936118
    },
    "40a": {
      "name": "query",
      "canvasName": "query",
      "summary": "getIntName",
      "description": "Query data using a dot/bracket notation string and a matching key/value pair.",
      "location": "Application",
      "locationType": null,
      "app": "WorkFlowEngine",
      "type": "operation",
      "displayName": "WorkFlowEngine",
      "variables": {
        "incoming": {
          "pass_on_null": false,
          "query": "interfaceName",
          "obj": "$var.af03.return_data"
        },
        "outgoing": {
          "return_data": null
        },
        "error": "",
        "decorators": []
      },
      "deprecated": false,
      "groups": [],
      "x": 1.3649876135425267,
      "y": 0.5343980343980343,
      "scheduled": false
    },
    "26ff": {
      "name": "assign",
      "canvasName": "assign",
      "summary": "makeConfigObj",
      "description": "Copies the values of all enumerable own properties from one source object to a target object. It will return the target object.",
      "location": "Application",
      "locationType": null,
      "app": "WorkFlowEngine",
      "type": "automatic",
      "displayName": "Object",
      "variables": {
        "incoming": {
          "target": "$var.d9f1.renderedJson",
          "sourceN": "$var.b763.merged_object"
        },
        "outgoing": {
          "targetObject": null
        },
        "error": "",
        "decorators": []
      },
      "deprecated": false,
      "groups": [],
      "actor": "Pronghorn",
      "x": 1.3996696944673823,
      "y": 0.6646191646191646,
      "scheduled": false
    },
    "c8f0": {
      "name": "transformation",
      "canvasName": "transformation",
      "summary": "Parse Rendered Jinja2 Template1",
      "description": "Perform a JSON Transformation using the JST library.",
      "location": "Application",
      "locationType": null,
      "app": "WorkFlowEngine",
      "type": "operation",
      "displayName": "WorkFlowEngine",
      "variables": {
        "incoming": {
          "tr_id": "6242e11592536602319385fc",
          "variableMap": {
            "renderedTemplate": "$var.e487.renderedTemplate"
          },
          "options": {
            "extractOutput": true,
            "validateIncoming": true,
            "revertToDefaultValue": true
          }
        },
        "outgoing": {
          "renderedJson": null
        },
        "decorators": []
      },
      "deprecated": false,
      "groups": [],
      "x": 1.6383154417836499,
      "y": 0.4656019656019656,
      "retrySettings": null,
      "task_name": "Parse Rendered Jinja2 Template"
    },
    "1fbe": {
      "name": "query",
      "canvasName": "query",
      "summary": "getConfigPre",
      "description": "Query data using a dot/bracket notation string and a matching key/value pair.",
      "location": "Application",
      "locationType": null,
      "app": "WorkFlowEngine",
      "type": "operation",
      "displayName": "WorkFlowEngine",
      "variables": {
        "incoming": {
          "pass_on_null": true,
          "query": "response.notification[0].update[0].val[0].config",
          "obj": "$var.c560.result"
        },
        "outgoing": {
          "return_data": null
        },
        "error": "",
        "decorators": []
      },
      "deprecated": false,
      "groups": [],
      "x": 0.5012386457473162,
      "y": 0.4914004914004914,
      "scheduled": false
    },
    "7d45": {
      "name": "transformation",
      "canvasName": "transformation",
      "summary": "composeRollback",
      "description": "Perform a JSON Transformation using the JST library.",
      "location": "Application",
      "locationType": null,
      "app": "WorkFlowEngine",
      "type": "operation",
      "displayName": "WorkFlowEngine",
      "variables": {
        "incoming": {
          "tr_id": "64268cc0a62a5209a65866e0",
          "variableMap": {
            "path": "$var.5cb5.return_data",
            "config": "$var.f16c.merged_object"
          },
          "options": {
            "extractOutput": true,
            "validateIncoming": true,
            "revertToDefaultValue": true
          }
        },
        "outgoing": {
          "updatePayload": null
        },
        "decorators": []
      },
      "deprecated": false,
      "groups": [],
      "x": 0.5111478117258464,
      "y": 0.7186732186732187,
      "task_name": "composeRollback",
      "retrySettings": null
    },
    "c7d6": {
      "name": "makeData",
      "canvasName": "makeData",
      "summary": "Create Path Obj",
      "description": "Creates path for the interface",
      "location": "Application",
      "locationType": null,
      "app": "WorkFlowEngine",
      "type": "automatic",
      "displayName": "Tools",
      "variables": {
        "incoming": {
          "input": "{\"path\":\"openconfig-interfaces:interfaces/interface[name=\\\"<!interfaceName!>\\\"]\"}",
          "outputType": "json",
          "variables": "$var.af03.return_data"
        },
        "outgoing": {
          "output": null
        },
        "error": "",
        "decorators": []
      },
      "deprecated": false,
      "groups": [],
      "actor": "Pronghorn",
      "x": 0.13459950454170108,
      "y": 0.48525798525798525,
      "scheduled": false
    },
    "f16c": {
      "name": "merge",
      "canvasName": "merge",
      "summary": "buildConfig",
      "description": "Merge data into a single object",
      "location": "Application",
      "locationType": null,
      "app": "WorkFlowEngine",
      "type": "operation",
      "displayName": "WorkFlowEngine",
      "variables": {
        "incoming": {
          "data_to_merge": [
            {
              "key": "config",
              "value": {
                "task": "1fbe",
                "variable": "return_data"
              }
            }
          ]
        },
        "outgoing": {
          "merged_object": null
        }
      },
      "deprecated": false,
      "groups": [],
      "x": 0.44508670520231214,
      "y": 0.6425061425061425
    },
    "5cb5": {
      "name": "query",
      "canvasName": "query",
      "summary": "createPath1",
      "description": "Query data using a dot/bracket notation string and a matching key/value pair.",
      "location": "Application",
      "locationType": null,
      "app": "WorkFlowEngine",
      "type": "operation",
      "displayName": "WorkFlowEngine",
      "variables": {
        "incoming": {
          "pass_on_null": true,
          "query": "path",
          "obj": "$var.c7d6.output"
        },
        "outgoing": {
          "return_data": null
        },
        "error": "",
        "decorators": []
      },
      "deprecated": false,
      "groups": [],
      "x": 0.48142031379025596,
      "y": 0.5700245700245701,
      "scheduled": false
    },
    "51b3": {
      "name": "setObjectKey",
      "canvasName": "setObjectKey",
      "summary": "Add Candidate Config to orderModel",
      "description": "Add Candidate Config to orderModel",
      "location": "Application",
      "locationType": null,
      "app": "WorkFlowEngine",
      "type": "automatic",
      "displayName": "Object",
      "variables": {
        "incoming": {
          "obj": "$var.job.orderModel",
          "path": [
            "candidateConfig"
          ],
          "value": "$var.86b5.return_data"
        },
        "outgoing": {
          "object": "$var.job.orderModel"
        },
        "error": "",
        "decorators": []
      },
      "deprecated": false,
      "groups": [],
      "actor": "Pronghorn",
      "x": 1.7319970304380103,
      "y": 0.6425287356321839,
      "scheduled": false
    },
    "86b5": {
      "name": "query",
      "canvasName": "query",
      "summary": "get CC",
      "description": "Query data using a dot/bracket notation string and a matching key/value pair.",
      "location": "Application",
      "locationType": null,
      "app": "WorkFlowEngine",
      "type": "operation",
      "displayName": "WorkFlowEngine",
      "variables": {
        "incoming": {
          "pass_on_null": false,
          "query": "renderedTemplate",
          "obj": "$var.e487.renderedTemplate"
        },
        "outgoing": {
          "return_data": null
        },
        "error": "",
        "decorators": []
      },
      "deprecated": false,
      "groups": [],
      "x": 1.6198960653303638,
      "y": 0.8218390804597702,
      "scheduled": false
    }
  },
  "transitions": {
    "579": {
      "68e8": {
        "type": "standard",
        "state": "success"
      },
      "91f9": {
        "type": "standard",
        "state": "failure"
      }
    },
    "965": {
      "7ef4": {
        "type": "standard",
        "state": "success"
      }
    },
    "1342": {
      "2be1": {
        "type": "standard",
        "state": "success"
      }
    },
    "2596": {
      "fe50": {
        "type": "standard",
        "state": "success"
      }
    },
    "3022": {
      "2be1": {
        "type": "standard",
        "state": "success"
      }
    },
    "3331": {
      "a976": {
        "type": "standard",
        "state": "success"
      }
    },
    "5319": {
      "8330": {
        "type": "standard",
        "state": "success"
      }
    },
    "5596": {
      "965": {
        "type": "standard",
        "state": "success"
      }
    },
    "5904": {
      "5596": {
        "type": "standard",
        "state": "success"
      }
    },
    "5974": {
      "1342": {
        "type": "standard",
        "state": "success"
      }
    },
    "8330": {
      "9c2": {
        "type": "standard",
        "state": "success"
      }
    },
    "9300": {
      "d86b": {
        "type": "standard",
        "state": "success"
      }
    },
    "workflow_start": {
      "18f4": {
        "type": "standard",
        "state": "success"
      },
      "f0f5": {
        "type": "standard",
        "state": "success"
      }
    },
    "workflow_end": {},
    "18f4": {},
    "c560": {
      "8330": {
        "type": "standard",
        "state": "success"
      },
      "a1e9": {
        "type": "standard",
        "state": "error"
      },
      "1fbe": {
        "type": "standard",
        "state": "success"
      }
    },
    "af03": {
      "3d64": {
        "type": "standard",
        "state": "success"
      }
    },
    "88ec": {
      "2f4": {
        "type": "standard",
        "state": "success"
      }
    },
    "2f4": {
      "5319": {
        "type": "standard",
        "state": "failure"
      },
      "c560": {
        "type": "standard",
        "state": "success"
      }
    },
    "9c2": {
      "3022": {
        "type": "standard",
        "state": "failure"
      },
      "bd98": {
        "type": "standard",
        "state": "success"
      }
    },
    "aa35": {
      "504d": {
        "type": "standard",
        "state": "success"
      }
    },
    "504d": {
      "3b0b": {
        "type": "standard",
        "state": "success"
      }
    },
    "f675": {
      "3b0b": {
        "type": "standard",
        "state": "success"
      }
    },
    "41cf": {
      "f675": {
        "type": "standard",
        "state": "success"
      }
    },
    "f2e2": {
      "5974": {
        "type": "standard",
        "state": "error"
      },
      "ccfe": {
        "type": "standard",
        "state": "success"
      }
    },
    "dd3": {
      "f2e2": {
        "type": "standard",
        "state": "success"
      },
      "99c6": {
        "type": "standard",
        "state": "failure"
      }
    },
    "99c6": {
      "2be3": {
        "type": "standard",
        "state": "success"
      }
    },
    "2be3": {
      "3331": {
        "type": "standard",
        "state": "failure"
      },
      "ccfe": {
        "type": "standard",
        "state": "success"
      }
    },
    "3e6a": {
      "dd3": {
        "type": "standard",
        "state": "success"
      }
    },
    "3d64": {
      "5904": {
        "type": "standard",
        "state": "success"
      }
    },
    "a976": {
      "aa35": {
        "type": "standard",
        "state": "success"
      }
    },
    "a1e9": {
      "2be1": {
        "type": "standard",
        "state": "success"
      }
    },
    "2be1": {
      "504d": {
        "type": "standard",
        "state": "success"
      }
    },
    "7ef4": {
      "c7d6": {
        "type": "standard",
        "state": "success"
      }
    },
    "8bf": {
      "55b6": {
        "type": "standard",
        "state": "success"
      }
    },
    "ccfe": {
      "579": {
        "type": "standard",
        "state": "success"
      }
    },
    "a46b": {
      "8bf": {
        "type": "standard",
        "state": "success"
      }
    },
    "55b6": {
      "c921": {
        "type": "standard",
        "state": "success"
      }
    },
    "68e8": {
      "ba84": {
        "type": "standard",
        "state": "error"
      },
      "41cf": {
        "type": "standard",
        "state": "success"
      }
    },
    "91f9": {
      "a46b": {
        "type": "standard",
        "state": "success"
      }
    },
    "c921": {
      "41cf": {
        "type": "standard",
        "state": "success"
      },
      "aac": {
        "type": "standard",
        "state": "failure"
      }
    },
    "aac": {
      "c386": {
        "type": "standard",
        "state": "success"
      }
    },
    "c386": {
      "aa35": {
        "type": "standard",
        "state": "success"
      }
    },
    "ba84": {
      "aa35": {
        "type": "standard",
        "state": "success"
      }
    },
    "3b0b": {
      "e539": {
        "type": "standard",
        "state": "success"
      }
    },
    "e539": {
      "2596": {
        "type": "standard",
        "state": "success"
      }
    },
    "fe50": {
      "workflow_end": {
        "type": "standard",
        "state": "success"
      }
    },
    "d86b": {
      "d9f1": {
        "type": "standard",
        "state": "success"
      }
    },
    "f0f5": {
      "af03": {
        "type": "standard",
        "state": "success"
      }
    },
    "d9f1": {
      "40a": {
        "type": "standard",
        "state": "success"
      }
    },
    "e487": {
      "86b5": {
        "type": "standard",
        "state": "success"
      }
    },
    "bd98": {
      "9300": {
        "type": "standard",
        "state": "success"
      }
    },
    "b763": {
      "26ff": {
        "type": "standard",
        "state": "success"
      }
    },
    "b2f8": {},
    "40a": {
      "b763": {
        "type": "standard",
        "state": "success"
      }
    },
    "26ff": {
      "e487": {
        "type": "standard",
        "state": "success"
      }
    },
    "c8f0": {
      "3e6a": {
        "type": "standard",
        "state": "success"
      }
    },
    "71ad": {},
    "c343": {},
    "9b13": {},
    "5ef8": {},
    "1fbe": {
      "5cb5": {
        "type": "standard",
        "state": "success"
      }
    },
    "7d45": {
      "9c2": {
        "type": "standard",
        "state": "success"
      }
    },
    "c7d6": {
      "88ec": {
        "type": "standard",
        "state": "success"
      }
    },
    "f16c": {
      "7d45": {
        "type": "standard",
        "state": "success"
      }
    },
    "d0b7": {},
    "5cb5": {
      "f16c": {
        "type": "standard",
        "state": "success"
      }
    },
    "51b3": {
      "c8f0": {
        "type": "standard",
        "state": "success"
      }
    },
    "86b5": {
      "51b3": {
        "type": "standard",
        "state": "success"
      }
    }
  },
  "type": "automation",
  "tags": [],
  "groups": [],
  "migrationVersion": 1
}