{
  "canvasVersion": 1,
  "created": "2023-03-22T22:17:51.546Z",
  "createdVersion": "5.44.64-2022.1.29.0",
  "created_by": {
    "provenance": "local_aaa",
    "username": "admin@pronghorn",
    "firstname": "admin",
    "inactive": false
  },
  "font_size": 12,
  "inputSchema": {
    "type": "object",
    "properties": {
      "_id": {
        "$id": "jobId",
        "type": "string",
        "examples": [
          "6f352bca-6d1a-452b-b25a-915026b67a18"
        ]
      },
      "serviceOrder": {
        "type": [
          "array",
          "boolean",
          "null",
          "number",
          "object",
          "string"
        ]
      }
    },
    "required": [
      "_id",
      "serviceOrder"
    ]
  },
  "lastUpdatedVersion": "5.44.64-2022.1.27.0",
  "last_updated": "2023-04-03T08:27:26.082Z",
  "last_updated_by": {
    "provenance": "local_aaa",
    "username": "admin@pronghorn",
    "firstname": "admin",
    "inactive": false
  },
  "name": "PTA_Main",
  "outputSchema": {
    "type": "object",
    "properties": {
      "_id": {
        "type": "string",
        "pattern": "^[0-9a-f]{24}$"
      },
      "serviceOrder": {
        "type": [
          "array",
          "boolean",
          "null",
          "number",
          "object",
          "string"
        ]
      },
      "initiator": {
        "type": "string"
      },
      "demo": {
        "type": "number"
      },
      "orderModel": {
        "title": "return_data",
        "type": [
          "string",
          "number",
          "object",
          "integer",
          "array",
          "boolean",
          "null"
        ],
        "examples": [
          "value"
        ]
      },
      "reason": {
        "title": "return_data",
        "type": [
          "string",
          "number",
          "object",
          "integer",
          "array",
          "boolean",
          "null"
        ],
        "examples": [
          "value"
        ]
      },
      "sendNotification": {
        "type": "boolean"
      },
      "status": {
        "type": "string"
      },
      "success": {
        "type": "boolean"
      },
      "result": {
        "title": "return_data",
        "type": [
          "string",
          "number",
          "object",
          "integer",
          "array",
          "boolean",
          "null"
        ],
        "examples": [
          "value"
        ]
      }
    }
  },
  "preAutomationTime": 0,
  "sla": 0,
  "tasks": {
    "458": {
      "name": "renderJinjaTemplate",
      "canvasName": "renderJinjaTemplate",
      "summary": "Prep Summary",
      "description": "Jinja template will create description, kafka message, and result variable",
      "location": "Application",
      "locationType": null,
      "app": "TemplateBuilder",
      "type": "automatic",
      "displayName": "TemplateBuilder",
      "variables": {
        "incoming": {
          "name": "PTA_result_kafka_description",
          "context": "$var.9d94.merged_object"
        },
        "outgoing": {
          "renderedTemplate": null
        },
        "error": "",
        "decorators": []
      },
      "deprecated": false,
      "groups": [],
      "actor": "Pronghorn",
      "x": 2.289344262295082,
      "y": 0.4930232558139535,
      "scheduled": false
    },
    "2612": {
      "name": "newVariable",
      "canvasName": "newVariable",
      "summary": "Create a Job Variable",
      "description": "Create a new Job variable by Job ID and assign it a value.",
      "location": "Application",
      "locationType": null,
      "app": "WorkFlowEngine",
      "type": "operation",
      "displayName": "WorkFlowEngine",
      "variables": {
        "incoming": {
          "name": "demo",
          "value": 10
        },
        "outgoing": {
          "value": null
        }
      },
      "deprecated": false,
      "groups": [],
      "x": -1.0858895705521472,
      "y": 0.448062015503876
    },
    "2884": {
      "name": "query",
      "canvasName": "query",
      "summary": "orderModel",
      "description": "get updated orderModel",
      "location": "Application",
      "locationType": null,
      "app": "WorkFlowEngine",
      "type": "operation",
      "displayName": "WorkFlowEngine",
      "variables": {
        "incoming": {
          "pass_on_null": false,
          "query": "orderModel",
          "obj": "$var.4e96.job_details"
        },
        "outgoing": {
          "return_data": "$var.job.orderModel"
        },
        "error": "",
        "decorators": []
      },
      "deprecated": false,
      "groups": [],
      "x": -0.2777777777777778,
      "y": 0.4941860465116279,
      "scheduled": false
    },
    "4995": {
      "name": "query",
      "canvasName": "query",
      "summary": "reason",
      "description": "get reason",
      "location": "Application",
      "locationType": null,
      "app": "WorkFlowEngine",
      "type": "operation",
      "displayName": "WorkFlowEngine",
      "variables": {
        "incoming": {
          "pass_on_null": false,
          "query": "result.reason",
          "obj": "$var.c8b0.response"
        },
        "outgoing": {
          "return_data": "$var.job.reason"
        },
        "error": "",
        "decorators": []
      },
      "deprecated": false,
      "groups": [],
      "x": 1.463276836158192,
      "y": 1.0116279069767442,
      "scheduled": false
    },
    "5924": {
      "name": "childJob",
      "canvasName": "childJob",
      "summary": "Deploy Config",
      "description": "Deploy Config",
      "location": "Application",
      "locationType": null,
      "app": "WorkFlowEngine",
      "type": "operation",
      "displayName": "WorkFlowEngine",
      "variables": {
        "incoming": {
          "task": "",
          "workflow": "PTA_gNMI_deployment",
          "variables": {
            "orderModel": {
              "editable": false,
              "task": "job",
              "value": "orderModel"
            }
          },
          "data_array": "",
          "transformation": "",
          "loopType": ""
        },
        "outgoing": {
          "job_details": null
        }
      },
      "deprecated": false,
      "groups": [],
      "actor": "job",
      "x": 1.0769230769230769,
      "y": 0.5022091310751104
    },
    "5926": {
      "name": "query",
      "canvasName": "query",
      "summary": "orderModel",
      "description": "get updated orderModel",
      "location": "Application",
      "locationType": null,
      "app": "WorkFlowEngine",
      "type": "operation",
      "displayName": "WorkFlowEngine",
      "variables": {
        "incoming": {
          "pass_on_null": false,
          "query": "orderModel",
          "obj": "$var.b532.job_details"
        },
        "outgoing": {
          "return_data": "$var.job.orderModel"
        },
        "error": "",
        "decorators": []
      },
      "deprecated": false,
      "groups": [],
      "x": 0.9170267934312878,
      "y": 0.48748159057437407,
      "scheduled": false
    },
    "6552": {
      "name": "childJob",
      "canvasName": "childJob",
      "summary": "Netbox so and cc",
      "description": "Netbox so and cc",
      "location": "Application",
      "locationType": null,
      "app": "WorkFlowEngine",
      "type": "operation",
      "displayName": "WorkFlowEngine",
      "variables": {
        "incoming": {
          "task": "",
          "workflow": "PTA_ServiceOrderUpdate",
          "variables": {
            "orderModel": {
              "editable": true,
              "task": "job",
              "value": "orderModel"
            }
          },
          "data_array": "",
          "transformation": "",
          "loopType": ""
        },
        "outgoing": {
          "job_details": null
        }
      },
      "deprecated": false,
      "groups": [],
      "actor": "job",
      "x": 1.5211581291759466,
      "y": 0.46436781609195404
    },
    "7205": {
      "name": "query",
      "canvasName": "query",
      "summary": "getResult",
      "description": "getResult",
      "location": "Application",
      "locationType": null,
      "app": "WorkFlowEngine",
      "type": "operation",
      "displayName": "WorkFlowEngine",
      "variables": {
        "incoming": {
          "pass_on_null": false,
          "query": "result",
          "obj": "$var.b61.job_details"
        },
        "outgoing": {
          "return_data": null
        },
        "error": "",
        "decorators": []
      },
      "deprecated": false,
      "groups": [],
      "x": 0.4365256124721604,
      "y": 0.04482758620689655,
      "scheduled": false
    },
    "7242": {
      "name": "childJob",
      "canvasName": "childJob",
      "summary": "completed Service Order",
      "description": "completed Service Order",
      "location": "Application",
      "locationType": null,
      "app": "WorkFlowEngine",
      "type": "operation",
      "displayName": "WorkFlowEngine",
      "variables": {
        "incoming": {
          "task": "",
          "workflow": "PTA_TMF_setServiceOrderErrorMessage",
          "variables": {
            "orderId": {
              "editable": false,
              "task": "job",
              "value": "_id"
            },
            "state": {
              "editable": false,
              "task": "static",
              "value": "completed"
            },
            "sendNotification": {
              "editable": false,
              "task": "job",
              "value": "sendNotification"
            },
            "code": {
              "editable": true,
              "task": "static",
              "value": 501
            },
            "message": {
              "editable": true,
              "task": "static",
              "value": "Order Completed"
            },
            "errorReason": {
              "editable": true,
              "task": "static",
              "value": "Success"
            },
            "rejectOrder": {
              "editable": true,
              "task": "static",
              "value": false
            }
          },
          "data_array": "",
          "transformation": "",
          "loopType": ""
        },
        "outgoing": {
          "job_details": null
        }
      },
      "deprecated": false,
      "groups": [],
      "actor": "job",
      "x": 1.7201187824795843,
      "y": 0.4517241379310345
    },
    "7285": {
      "name": "stub",
      "canvasName": "stub",
      "summary": "Operational Fallout",
      "description": "This Child workflow had an error in execution",
      "location": "Application",
      "locationType": null,
      "app": "WorkFlowEngine",
      "type": "automatic",
      "displayName": "Tools",
      "variables": {
        "incoming": {
          "type": "success",
          "delay": "",
          "response": "This Child workflow had an error in execution"
        },
        "outgoing": {
          "response": null
        },
        "error": "",
        "decorators": []
      },
      "deprecated": false,
      "groups": [],
      "actor": "Pronghorn",
      "x": 1.0828625235404896,
      "y": 1.2034883720930232,
      "scheduled": false
    },
    "7374": {
      "name": "newVariable",
      "canvasName": "newVariable",
      "summary": "Create a Job Variable",
      "description": "Create a new Job variable by Job ID and assign it a value.",
      "location": "Application",
      "locationType": null,
      "app": "WorkFlowEngine",
      "type": "operation",
      "displayName": "WorkFlowEngine",
      "variables": {
        "incoming": {
          "name": "status",
          "value": "rejected"
        },
        "outgoing": {
          "value": null
        }
      },
      "deprecated": false,
      "groups": [],
      "x": 2,
      "y": 0.7393225331369662
    },
    "9299": {
      "name": "stub",
      "canvasName": "stub",
      "summary": "Operational Fallout",
      "description": "This Child workflow had an error in execution",
      "location": "Application",
      "locationType": null,
      "app": "WorkFlowEngine",
      "type": "automatic",
      "displayName": "Tools",
      "variables": {
        "incoming": {
          "type": "success",
          "delay": "",
          "response": "This Child workflow had an error in execution"
        },
        "outgoing": {
          "response": null
        },
        "error": "",
        "decorators": []
      },
      "deprecated": false,
      "groups": [],
      "actor": "Pronghorn",
      "x": 1.4613935969868173,
      "y": 1.242732558139535,
      "scheduled": false
    },
    "workflow_start": {
      "name": "workflow_start",
      "groups": [],
      "x": -1.2904062229904927,
      "y": 0.4742268041237113
    },
    "workflow_end": {
      "name": "workflow_end",
      "groups": [],
      "x": 3.1295081967213116,
      "y": 0.5023255813953489
    },
    "21d7": {
      "name": "evaluation",
      "canvasName": "evaluation",
      "summary": "Success?",
      "description": "Evaluate if workflow ran successfully",
      "location": "Application",
      "locationType": null,
      "app": "WorkFlowEngine",
      "type": "operation",
      "displayName": "WorkFlowEngine",
      "variables": {
        "incoming": {
          "all_true_flag": false,
          "evaluation_groups": [
            {
              "all_true_flag": false,
              "evaluations": [
                {
                  "query": "result.success",
                  "operand_1": {
                    "variable": "job_details",
                    "task": "4e96"
                  },
                  "operator": "==",
                  "operand_2": {
                    "variable": true,
                    "task": "static"
                  },
                  "rightQuery": ""
                }
              ]
            }
          ]
        },
        "outgoing": {
          "return_value": null
        }
      },
      "deprecated": false,
      "groups": [],
      "x": -0.1854990583804143,
      "y": 0.5
    },
    "cdce": {
      "name": "stub",
      "canvasName": "stub",
      "summary": "Operational Fallout",
      "description": "This Child workflow had an error in execution",
      "location": "Application",
      "locationType": null,
      "app": "WorkFlowEngine",
      "type": "automatic",
      "displayName": "Tools",
      "variables": {
        "incoming": {
          "type": "success",
          "delay": "",
          "response": "This Child workflow had an error in execution"
        },
        "outgoing": {
          "response": null
        },
        "error": "",
        "decorators": []
      },
      "deprecated": false,
      "groups": [],
      "actor": "Pronghorn",
      "x": -0.1902071563088512,
      "y": 1.1656976744186047,
      "scheduled": false
    },
    "195f": {
      "name": "evaluation",
      "canvasName": "evaluation",
      "summary": "Failure?",
      "description": "Evaluate if workflow ran into a failure or an error",
      "location": "Application",
      "locationType": null,
      "app": "WorkFlowEngine",
      "type": "operation",
      "displayName": "WorkFlowEngine",
      "variables": {
        "incoming": {
          "all_true_flag": false,
          "evaluation_groups": [
            {
              "all_true_flag": false,
              "evaluations": [
                {
                  "query": "result.status",
                  "operand_1": {
                    "variable": "job_details",
                    "task": "4e96"
                  },
                  "operator": "==",
                  "operand_2": {
                    "variable": "failure",
                    "task": "static"
                  },
                  "rightQuery": ""
                }
              ]
            }
          ]
        },
        "outgoing": {
          "return_value": null
        }
      },
      "deprecated": false,
      "groups": [],
      "x": -0.19014693171996544,
      "y": 0.8085419734904271
    },
    "37e9": {
      "name": "merge",
      "canvasName": "merge",
      "summary": "success path",
      "description": "success path",
      "location": "Application",
      "locationType": null,
      "app": "WorkFlowEngine",
      "type": "operation",
      "displayName": "WorkFlowEngine",
      "variables": {
        "incoming": {
          "data_to_merge": [
            {
              "key": "",
              "value": {
                "task": "static",
                "variable": ""
              }
            }
          ]
        },
        "outgoing": {
          "merged_object": null
        }
      },
      "deprecated": false,
      "groups": [],
      "x": 1.8755401901469317,
      "y": 0.5051546391752577
    },
    "bbd7": {
      "name": "merge",
      "canvasName": "merge",
      "summary": "operational fallout",
      "description": "operational fallout",
      "location": "Application",
      "locationType": null,
      "app": "WorkFlowEngine",
      "type": "operation",
      "displayName": "WorkFlowEngine",
      "variables": {
        "incoming": {
          "data_to_merge": [
            {
              "key": "",
              "value": {
                "task": "static",
                "variable": ""
              }
            }
          ]
        },
        "outgoing": {
          "merged_object": null
        }
      },
      "deprecated": false,
      "groups": [],
      "x": 1.8556611927398445,
      "y": 1.2459499263622975
    },
    "d49": {
      "name": "merge",
      "canvasName": "merge",
      "summary": "business fallout: Rejected",
      "description": "business fallout: Rejected",
      "location": "Application",
      "locationType": null,
      "app": "WorkFlowEngine",
      "type": "operation",
      "displayName": "WorkFlowEngine",
      "variables": {
        "incoming": {
          "data_to_merge": [
            {
              "key": "",
              "value": {
                "task": "static",
                "variable": ""
              }
            }
          ]
        },
        "outgoing": {
          "merged_object": null
        }
      },
      "deprecated": false,
      "groups": [],
      "x": 1.88504753673293,
      "y": 0.7334315169366715
    },
    "9d94": {
      "name": "merge",
      "canvasName": "merge",
      "summary": "Prep Result",
      "description": "Prep Result",
      "location": "Application",
      "locationType": null,
      "app": "WorkFlowEngine",
      "type": "operation",
      "displayName": "WorkFlowEngine",
      "variables": {
        "incoming": {
          "data_to_merge": [
            {
              "key": "orderModel",
              "value": {
                "task": "job",
                "variable": "orderModel"
              }
            },
            {
              "key": "status",
              "value": {
                "task": "job",
                "variable": "status"
              }
            },
            {
              "key": "reason",
              "value": {
                "task": "job",
                "variable": "reason"
              }
            },
            {
              "key": "success",
              "value": {
                "task": "job",
                "variable": "success",
                "editable": false
              }
            }
          ]
        },
        "outgoing": {
          "merged_object": null
        }
      },
      "deprecated": false,
      "groups": [],
      "x": 2.168539325842697,
      "y": 0.5036818851251841
    },
    "d89b": {
      "name": "evaluation",
      "canvasName": "evaluation",
      "summary": "Success?",
      "description": "Evaluate if workflow ran successfully",
      "location": "Application",
      "locationType": null,
      "app": "WorkFlowEngine",
      "type": "operation",
      "displayName": "WorkFlowEngine",
      "variables": {
        "incoming": {
          "all_true_flag": false,
          "evaluation_groups": [
            {
              "all_true_flag": false,
              "evaluations": [
                {
                  "query": "result.success",
                  "operand_1": {
                    "variable": "job_details",
                    "task": "b36a"
                  },
                  "operator": "==",
                  "operand_2": {
                    "variable": true,
                    "task": "static"
                  },
                  "rightQuery": ""
                }
              ]
            }
          ]
        },
        "outgoing": {
          "return_value": null
        }
      },
      "deprecated": false,
      "groups": [],
      "x": 0.08380414312617702,
      "y": 0.5058139534883721
    },
    "bb5f": {
      "name": "stub",
      "canvasName": "stub",
      "summary": "Operational Fallout",
      "description": "This Child workflow had an error in execution",
      "location": "Application",
      "locationType": null,
      "app": "WorkFlowEngine",
      "type": "automatic",
      "displayName": "Tools",
      "variables": {
        "incoming": {
          "type": "success",
          "delay": "",
          "response": "This Child workflow had an error in execution"
        },
        "outgoing": {
          "response": null
        },
        "error": "",
        "decorators": []
      },
      "deprecated": false,
      "groups": [],
      "actor": "Pronghorn",
      "x": 0.09227871939736347,
      "y": 1.181686046511628,
      "scheduled": false
    },
    "a957": {
      "name": "evaluation",
      "canvasName": "evaluation",
      "summary": "Success?",
      "description": "Evaluate if workflow ran successfully",
      "location": "Application",
      "locationType": null,
      "app": "WorkFlowEngine",
      "type": "operation",
      "displayName": "WorkFlowEngine",
      "variables": {
        "incoming": {
          "all_true_flag": false,
          "evaluation_groups": [
            {
              "all_true_flag": false,
              "evaluations": [
                {
                  "query": "result.success",
                  "operand_1": {
                    "variable": "job_details",
                    "task": "b61"
                  },
                  "operator": "==",
                  "operand_2": {
                    "variable": true,
                    "task": "static"
                  },
                  "rightQuery": ""
                }
              ]
            }
          ]
        },
        "outgoing": {
          "return_value": null
        }
      },
      "deprecated": false,
      "groups": [],
      "x": 0.3973634651600753,
      "y": 0.49127906976744184
    },
    "521d": {
      "name": "stub",
      "canvasName": "stub",
      "summary": "Operational Fallout",
      "description": "This Child workflow had an error in execution",
      "location": "Application",
      "locationType": null,
      "app": "WorkFlowEngine",
      "type": "automatic",
      "displayName": "Tools",
      "variables": {
        "incoming": {
          "type": "success",
          "delay": "",
          "response": "This Child workflow had an error in execution"
        },
        "outgoing": {
          "response": null
        },
        "error": "",
        "decorators": []
      },
      "deprecated": false,
      "groups": [],
      "actor": "Pronghorn",
      "x": 0.3964218455743879,
      "y": 1.191860465116279,
      "scheduled": false
    },
    "bcb": {
      "name": "evaluation",
      "canvasName": "evaluation",
      "summary": "Success?",
      "description": "Evaluate if workflow ran successfully",
      "location": "Application",
      "locationType": null,
      "app": "WorkFlowEngine",
      "type": "operation",
      "displayName": "WorkFlowEngine",
      "variables": {
        "incoming": {
          "all_true_flag": false,
          "evaluation_groups": [
            {
              "all_true_flag": false,
              "evaluations": [
                {
                  "query": "result.success",
                  "operand_1": {
                    "variable": "job_details",
                    "task": "ceec"
                  },
                  "operator": "==",
                  "operand_2": {
                    "variable": true,
                    "task": "static"
                  },
                  "rightQuery": ""
                }
              ]
            }
          ]
        },
        "outgoing": {
          "return_value": null
        }
      },
      "deprecated": false,
      "groups": [],
      "x": 0.660075329566855,
      "y": 0.4941860465116279
    },
    "d0a6": {
      "name": "stub",
      "canvasName": "stub",
      "summary": "Operational Fallout",
      "description": "This Child workflow had an error in execution",
      "location": "Application",
      "locationType": null,
      "app": "WorkFlowEngine",
      "type": "automatic",
      "displayName": "Tools",
      "variables": {
        "incoming": {
          "type": "success",
          "delay": "",
          "response": "This Child workflow had an error in execution"
        },
        "outgoing": {
          "response": null
        },
        "error": "",
        "decorators": []
      },
      "deprecated": false,
      "groups": [],
      "actor": "Pronghorn",
      "x": 0.667608286252354,
      "y": 1.193313953488372,
      "scheduled": false
    },
    "baed": {
      "name": "evaluation",
      "canvasName": "evaluation",
      "summary": "Success?",
      "description": "Evaluate if workflow ran successfully",
      "location": "Application",
      "locationType": null,
      "app": "WorkFlowEngine",
      "type": "operation",
      "displayName": "WorkFlowEngine",
      "variables": {
        "incoming": {
          "all_true_flag": false,
          "evaluation_groups": [
            {
              "all_true_flag": false,
              "evaluations": [
                {
                  "query": "result.success",
                  "operand_1": {
                    "variable": "job_details",
                    "task": "b532"
                  },
                  "operator": "==",
                  "operand_2": {
                    "variable": true,
                    "task": "static"
                  },
                  "rightQuery": ""
                }
              ]
            }
          ]
        },
        "outgoing": {
          "return_value": null
        }
      },
      "deprecated": false,
      "groups": [],
      "x": 0.9636992221261884,
      "y": 0.49779086892488955
    },
    "f35a": {
      "name": "evaluation",
      "canvasName": "evaluation",
      "summary": "Success?",
      "description": "Evaluate if workflow ran successfully",
      "location": "Application",
      "locationType": null,
      "app": "WorkFlowEngine",
      "type": "operation",
      "displayName": "WorkFlowEngine",
      "variables": {
        "incoming": {
          "all_true_flag": false,
          "evaluation_groups": [
            {
              "all_true_flag": false,
              "evaluations": [
                {
                  "query": "result.status",
                  "operand_1": {
                    "variable": "job_details",
                    "task": "b532"
                  },
                  "operator": "==",
                  "operand_2": {
                    "variable": "failure",
                    "task": "static"
                  },
                  "rightQuery": ""
                }
              ]
            }
          ]
        },
        "outgoing": {
          "return_value": null
        }
      },
      "deprecated": false,
      "groups": [],
      "x": 0.9066551426101987,
      "y": 0.8703976435935199
    },
    "6e6a": {
      "name": "stub",
      "canvasName": "stub",
      "summary": "Operational Fallout",
      "description": "This Child workflow had an error in execution",
      "location": "Application",
      "locationType": null,
      "app": "WorkFlowEngine",
      "type": "automatic",
      "displayName": "Tools",
      "variables": {
        "incoming": {
          "type": "success",
          "delay": "",
          "response": "This Child workflow had an error in execution"
        },
        "outgoing": {
          "response": null
        },
        "error": "",
        "decorators": []
      },
      "deprecated": false,
      "groups": [],
      "actor": "Pronghorn",
      "x": 0.916195856873823,
      "y": 1.2034883720930232,
      "scheduled": false
    },
    "1d1a": {
      "name": "evaluation",
      "canvasName": "evaluation",
      "summary": "Success?",
      "description": "Evaluate if workflow ran successfully",
      "location": "Application",
      "locationType": null,
      "app": "WorkFlowEngine",
      "type": "operation",
      "displayName": "WorkFlowEngine",
      "variables": {
        "incoming": {
          "all_true_flag": false,
          "evaluation_groups": [
            {
              "all_true_flag": false,
              "evaluations": [
                {
                  "query": "result.success",
                  "operand_1": {
                    "variable": "job_details",
                    "task": "5924"
                  },
                  "operator": "==",
                  "operand_2": {
                    "variable": true,
                    "task": "static"
                  },
                  "rightQuery": ""
                }
              ]
            }
          ]
        },
        "outgoing": {
          "return_value": null
        }
      },
      "deprecated": false,
      "groups": [],
      "x": 1.2089182493806772,
      "y": 0.49052396878483834
    },
    "2c34": {
      "name": "evaluation",
      "canvasName": "evaluation",
      "summary": "Success?",
      "description": "Evaluate if workflow ran successfully",
      "location": "Application",
      "locationType": null,
      "app": "WorkFlowEngine",
      "type": "operation",
      "displayName": "WorkFlowEngine",
      "variables": {
        "incoming": {
          "all_true_flag": false,
          "evaluation_groups": [
            {
              "all_true_flag": false,
              "evaluations": [
                {
                  "query": "result.status",
                  "operand_1": {
                    "variable": "job_details",
                    "task": "5924"
                  },
                  "operator": "==",
                  "operand_2": {
                    "variable": "failure",
                    "task": "static"
                  },
                  "rightQuery": ""
                }
              ]
            }
          ]
        },
        "outgoing": {
          "return_value": null
        }
      },
      "deprecated": false,
      "groups": [],
      "x": 1.0715630885122411,
      "y": 0.9534883720930233
    },
    "1f4c": {
      "name": "stub",
      "canvasName": "stub",
      "summary": "GW: Rollback Config",
      "description": "This Child workflow will run Rollback, postcheck\n\nInput: Parsed TMF641 msg,   state: InProgress\n\nOutput: \"result\" : { \"reason\": \"explaining text\", \"success\": <boolean>, \"status\": \"complete/failed/error to match the possible outputs of the workflow\" }",
      "location": "Application",
      "locationType": null,
      "app": "WorkFlowEngine",
      "type": "automatic",
      "displayName": "Tools",
      "variables": {
        "incoming": {
          "type": "success",
          "delay": "",
          "response": "This Child workflow will run Rollback, postcheck\\n\\n\\nInput: Parsed TMF641 msg\\n\\nOutput: \"result\" : { \"reason\": \"explaining text\", \"success\": <boolean>, \"status\": \"complete/failed/error to match the possible outputs of the workflow\" }"
        },
        "outgoing": {
          "response": null
        },
        "error": "",
        "decorators": []
      },
      "deprecated": false,
      "groups": [],
      "actor": "Pronghorn",
      "x": 1.17265625,
      "y": 0.9694767441860465,
      "scheduled": false
    },
    "43fa": {
      "name": "evaluation",
      "canvasName": "evaluation",
      "summary": "Success?",
      "description": "Evaluate if workflow ran successfully",
      "location": "Application",
      "locationType": null,
      "app": "WorkFlowEngine",
      "type": "operation",
      "displayName": "WorkFlowEngine",
      "variables": {
        "incoming": {
          "all_true_flag": false,
          "evaluation_groups": [
            {
              "all_true_flag": false,
              "evaluations": [
                {
                  "query": "result.success",
                  "operand_1": {
                    "variable": "response",
                    "task": "1f4c"
                  },
                  "operator": "==",
                  "operand_2": {
                    "variable": true,
                    "task": "static"
                  },
                  "rightQuery": ""
                }
              ]
            }
          ]
        },
        "outgoing": {
          "return_value": null
        }
      },
      "deprecated": false,
      "groups": [],
      "x": 1.2758945386064031,
      "y": 0.9767441860465116
    },
    "e385": {
      "name": "stub",
      "canvasName": "stub",
      "summary": "Operational Fallout",
      "description": "This Child workflow had an error in execution",
      "location": "Application",
      "locationType": null,
      "app": "WorkFlowEngine",
      "type": "automatic",
      "displayName": "Tools",
      "variables": {
        "incoming": {
          "type": "success",
          "delay": "",
          "response": "This Child workflow had an error in execution"
        },
        "outgoing": {
          "response": null
        },
        "error": "",
        "decorators": []
      },
      "deprecated": false,
      "groups": [],
      "actor": "Pronghorn",
      "x": 1.2919020715630884,
      "y": 1.2122093023255813,
      "scheduled": false
    },
    "ee3c": {
      "name": "merge",
      "canvasName": "merge",
      "summary": "business fallout: Failed",
      "description": "business fallout: Failed",
      "location": "Application",
      "locationType": null,
      "app": "WorkFlowEngine",
      "type": "operation",
      "displayName": "WorkFlowEngine",
      "variables": {
        "incoming": {
          "data_to_merge": [
            {
              "key": "",
              "value": {
                "task": "static",
                "variable": ""
              }
            }
          ]
        },
        "outgoing": {
          "merged_object": null
        }
      },
      "deprecated": false,
      "groups": [],
      "x": 1.898876404494382,
      "y": 0.9072164948453608
    },
    "c8b0": {
      "name": "stub",
      "canvasName": "stub",
      "summary": "LC: Rollback Inventory",
      "description": "This Child workflow will run Rollback inventory system allocations\n\nInput: Parsed TMF641 msg,   state: InProgress\n\nOutput: \"result\" : { \"reason\": \"explaining text\", \"success\": <boolean>, \"status\": \"complete/failed/error to match the possible outputs of the workflow\" }",
      "location": "Application",
      "locationType": null,
      "app": "WorkFlowEngine",
      "type": "automatic",
      "displayName": "Tools",
      "variables": {
        "incoming": {
          "type": "success",
          "delay": "",
          "response": "This Child workflow will run Rollback, postcheck\\n\\n\\nInput: Parsed TMF641 msg\\n\\nOutput: \"result\" : { \"reason\": \"explaining text\", \"success\": <boolean>, \"status\": \"complete/failed/error to match the possible outputs of the workflow\" }"
        },
        "outgoing": {
          "response": null
        },
        "error": "",
        "decorators": []
      },
      "deprecated": false,
      "groups": [],
      "actor": "Pronghorn",
      "x": 1.362523540489642,
      "y": 0.8531976744186046,
      "scheduled": false
    },
    "9b3d": {
      "name": "evaluation",
      "canvasName": "evaluation",
      "summary": "Success?",
      "description": "Evaluate if workflow ran successfully",
      "location": "Application",
      "locationType": null,
      "app": "WorkFlowEngine",
      "type": "operation",
      "displayName": "WorkFlowEngine",
      "variables": {
        "incoming": {
          "all_true_flag": false,
          "evaluation_groups": "$var.job.evaluation_groups"
        },
        "outgoing": {
          "return_value": null
        }
      },
      "deprecated": false,
      "groups": [],
      "x": 1.4538606403013183,
      "y": 0.8662790697674418
    },
    "84e9": {
      "name": "merge",
      "canvasName": "merge",
      "summary": "Incoming Variables",
      "description": "Incoming Variables",
      "location": "Application",
      "locationType": null,
      "app": "WorkFlowEngine",
      "type": "operation",
      "displayName": "WorkFlowEngine",
      "variables": {
        "incoming": {
          "data_to_merge": [
            {
              "key": "serviceOrder",
              "value": {
                "task": "job",
                "variable": "serviceOrder",
                "editable": true
              }
            }
          ]
        },
        "outgoing": {
          "merged_object": null
        }
      },
      "deprecated": false,
      "groups": [],
      "x": -1.216076058772688,
      "y": 0.4683357879234168
    },
    "be4c": {
      "name": "newVariable",
      "canvasName": "newVariable",
      "summary": "Create a Job Variable",
      "description": "Create a new Job variable by Job ID and assign it a value.",
      "location": "Application",
      "locationType": null,
      "app": "WorkFlowEngine",
      "type": "operation",
      "displayName": "WorkFlowEngine",
      "variables": {
        "incoming": {
          "name": "orderModel",
          "value": "$var.84e9.merged_object"
        },
        "outgoing": {
          "value": null
        }
      },
      "deprecated": false,
      "groups": [],
      "x": -0.9844262295081967,
      "y": 0.6248062015503876
    },
    "4e96": {
      "name": "childJob",
      "canvasName": "childJob",
      "summary": "Site Validation",
      "description": "ensure site is valid",
      "location": "Application",
      "locationType": null,
      "app": "WorkFlowEngine",
      "type": "operation",
      "displayName": "WorkFlowEngine",
      "variables": {
        "incoming": {
          "task": "",
          "workflow": "PTA_orderValidation_netbox",
          "variables": {
            "orderModel": {
              "editable": true,
              "task": "job",
              "value": "orderModel"
            }
          },
          "data_array": "",
          "transformation": "",
          "loopType": ""
        },
        "outgoing": {
          "job_details": null
        }
      },
      "deprecated": false,
      "groups": [],
      "actor": "job",
      "x": -0.40535868625756266,
      "y": 0.4963181148748159
    },
    "b36a": {
      "name": "childJob",
      "canvasName": "childJob",
      "summary": "acknowledged Service Order",
      "description": "acknowledged Service Order",
      "location": "Application",
      "locationType": null,
      "app": "WorkFlowEngine",
      "type": "operation",
      "displayName": "WorkFlowEngine",
      "variables": {
        "incoming": {
          "task": "",
          "workflow": "PTA_TMF_setServiceOrderErrorMessage",
          "variables": {
            "orderId": {
              "editable": false,
              "task": "job",
              "value": "_id"
            },
            "state": {
              "editable": true,
              "task": "static",
              "value": "acknowledged"
            },
            "sendNotification": {
              "editable": false,
              "task": "job",
              "value": "sendNotification"
            },
            "code": {
              "editable": true,
              "task": "static",
              "value": 101
            },
            "message": {
              "editable": true,
              "task": "static",
              "value": "Validation Successful"
            },
            "errorReason": {
              "editable": true,
              "task": "static",
              "value": "N/A"
            },
            "rejectOrder": {
              "editable": true,
              "task": "static",
              "value": false
            }
          },
          "data_array": "",
          "transformation": "",
          "loopType": ""
        },
        "outgoing": {
          "job_details": null
        }
      },
      "deprecated": false,
      "groups": [],
      "actor": "job",
      "x": -0.05037159372419488,
      "y": 0.5
    },
    "b61": {
      "name": "childJob",
      "canvasName": "childJob",
      "summary": "Start Inventory Order",
      "description": "Start Inventory Order",
      "location": "Application",
      "locationType": null,
      "app": "WorkFlowEngine",
      "type": "operation",
      "displayName": "WorkFlowEngine",
      "variables": {
        "incoming": {
          "task": "",
          "workflow": "PTA_startServiceInventoryAllocation_netbox",
          "variables": {
            "orderModel": {
              "editable": true,
              "task": "job",
              "value": "orderModel"
            }
          },
          "data_array": "",
          "transformation": "",
          "loopType": ""
        },
        "outgoing": {
          "job_details": null
        }
      },
      "deprecated": false,
      "groups": [],
      "actor": "job",
      "x": 0.23121387283236994,
      "y": 0.49764150943396224
    },
    "ceec": {
      "name": "childJob",
      "canvasName": "childJob",
      "summary": "inProgress Service Order",
      "description": "inProgress Service Order",
      "location": "Application",
      "locationType": null,
      "app": "WorkFlowEngine",
      "type": "operation",
      "displayName": "WorkFlowEngine",
      "variables": {
        "incoming": {
          "task": "",
          "workflow": "PTA_TMF_setServiceOrderErrorMessage",
          "variables": {
            "orderId": {
              "editable": false,
              "task": "job",
              "value": "_id"
            },
            "state": {
              "editable": true,
              "task": "static",
              "value": "inProgress"
            },
            "sendNotification": {
              "editable": false,
              "task": "job",
              "value": "sendNotification"
            },
            "code": {
              "editable": true,
              "task": "static",
              "value": 101
            },
            "message": {
              "editable": true,
              "task": "static",
              "value": "Created Service Order"
            },
            "errorReason": {
              "editable": true,
              "task": "static",
              "value": "N/A"
            },
            "rejectOrder": {
              "editable": true,
              "task": "static",
              "value": false
            }
          },
          "data_array": "",
          "transformation": "",
          "loopType": ""
        },
        "outgoing": {
          "job_details": null
        }
      },
      "deprecated": false,
      "groups": [],
      "actor": "job",
      "x": 0.5254237288135594,
      "y": 0.502906976744186
    },
    "7e1a": {
      "name": "query",
      "canvasName": "query",
      "summary": "reason",
      "description": "get reason",
      "location": "Application",
      "locationType": null,
      "app": "WorkFlowEngine",
      "type": "operation",
      "displayName": "WorkFlowEngine",
      "variables": {
        "incoming": {
          "pass_on_null": false,
          "query": "result.reason",
          "obj": "$var.4e96.job_details"
        },
        "outgoing": {
          "return_data": "$var.job.reason"
        },
        "error": "",
        "decorators": []
      },
      "deprecated": false,
      "groups": [],
      "x": -0.18745545260156807,
      "y": 0.6662591687041565,
      "scheduled": false
    },
    "663d": {
      "name": "query",
      "canvasName": "query",
      "summary": "reason",
      "description": "get reason",
      "location": "Application",
      "locationType": null,
      "app": "WorkFlowEngine",
      "type": "operation",
      "displayName": "WorkFlowEngine",
      "variables": {
        "incoming": {
          "pass_on_null": false,
          "query": "result.reason",
          "obj": "$var.b36a.job_details"
        },
        "outgoing": {
          "return_data": "$var.job.reason"
        },
        "error": "",
        "decorators": []
      },
      "deprecated": false,
      "groups": [],
      "x": 0.08851224105461393,
      "y": 0.6438953488372093,
      "scheduled": false
    },
    "751d": {
      "name": "query",
      "canvasName": "query",
      "summary": "reason",
      "description": "get reason",
      "location": "Application",
      "locationType": null,
      "app": "WorkFlowEngine",
      "type": "operation",
      "displayName": "WorkFlowEngine",
      "variables": {
        "incoming": {
          "pass_on_null": false,
          "query": "result.reason",
          "obj": "$var.b61.job_details"
        },
        "outgoing": {
          "return_data": "$var.job.reason"
        },
        "error": "",
        "decorators": []
      },
      "deprecated": false,
      "groups": [],
      "x": 0.3992467043314501,
      "y": 0.6511627906976745,
      "scheduled": false
    },
    "71b1": {
      "name": "query",
      "canvasName": "query",
      "summary": "reason",
      "description": "get reason",
      "location": "Application",
      "locationType": null,
      "app": "WorkFlowEngine",
      "type": "operation",
      "displayName": "WorkFlowEngine",
      "variables": {
        "incoming": {
          "pass_on_null": false,
          "query": "result.reason",
          "obj": "$var.ceec.job_details"
        },
        "outgoing": {
          "return_data": "$var.job.reason"
        },
        "error": "",
        "decorators": []
      },
      "deprecated": false,
      "groups": [],
      "x": 0.6629001883239172,
      "y": 0.6424418604651163,
      "scheduled": false
    },
    "cb97": {
      "name": "query",
      "canvasName": "query",
      "summary": "reason",
      "description": "get reason",
      "location": "Application",
      "locationType": null,
      "app": "WorkFlowEngine",
      "type": "operation",
      "displayName": "WorkFlowEngine",
      "variables": {
        "incoming": {
          "pass_on_null": false,
          "query": "result.reason",
          "obj": "$var.b532.job_details"
        },
        "outgoing": {
          "return_data": "$var.job.reason"
        },
        "error": "",
        "decorators": []
      },
      "deprecated": false,
      "groups": [],
      "x": 0.9723422644770959,
      "y": 0.6391752577319587,
      "scheduled": false
    },
    "9a7a": {
      "name": "query",
      "canvasName": "query",
      "summary": "reason",
      "description": "get reason",
      "location": "Application",
      "locationType": null,
      "app": "WorkFlowEngine",
      "type": "operation",
      "displayName": "WorkFlowEngine",
      "variables": {
        "incoming": {
          "pass_on_null": false,
          "query": "result.reason",
          "obj": "$var.5924.job_details"
        },
        "outgoing": {
          "return_data": "$var.job.reason"
        },
        "error": "",
        "decorators": []
      },
      "deprecated": false,
      "groups": [],
      "x": 1.222130470685384,
      "y": 0.6321070234113713,
      "scheduled": false
    },
    "c0ce": {
      "name": "childJob",
      "canvasName": "childJob",
      "summary": "failed Service Order",
      "description": "failed Service Order",
      "location": "Application",
      "locationType": null,
      "app": "WorkFlowEngine",
      "type": "operation",
      "displayName": "WorkFlowEngine",
      "variables": {
        "incoming": {
          "task": "",
          "workflow": "PTA_TMF_setServiceOrderErrorMessage",
          "variables": {
            "orderId": {
              "editable": false,
              "task": "job",
              "value": "_id"
            },
            "state": {
              "editable": true,
              "task": "static",
              "value": "failed"
            },
            "sendNotification": {
              "editable": false,
              "task": "job",
              "value": "sendNotification"
            },
            "code": {
              "editable": false,
              "task": "static",
              "value": 502
            },
            "message": {
              "editable": true,
              "task": "static",
              "value": "Config Rolled Back"
            },
            "errorReason": {
              "editable": false,
              "task": "job",
              "value": "reason"
            },
            "rejectOrder": {
              "editable": true,
              "task": "static",
              "value": false
            }
          },
          "data_array": "",
          "transformation": "",
          "loopType": ""
        },
        "outgoing": {
          "job_details": null
        }
      },
      "deprecated": false,
      "groups": [],
      "actor": "job",
      "x": 1.6464995678478824,
      "y": 0.8954344624447718
    },
    "c4d5": {
      "name": "query",
      "canvasName": "query",
      "summary": "reason",
      "description": "get reason",
      "location": "Application",
      "locationType": null,
      "app": "WorkFlowEngine",
      "type": "operation",
      "displayName": "WorkFlowEngine",
      "variables": {
        "incoming": {
          "pass_on_null": false,
          "query": "result.reason",
          "obj": "$var.1f4c.response"
        },
        "outgoing": {
          "return_data": "$var.job.reason"
        },
        "error": "",
        "decorators": []
      },
      "deprecated": false,
      "groups": [],
      "x": 1.2796610169491525,
      "y": 1.0799418604651163,
      "scheduled": false
    },
    "3ba3": {
      "name": "childJob",
      "canvasName": "childJob",
      "summary": "FAILED Service Order",
      "description": "FAILED Service Order",
      "location": "Application",
      "locationType": null,
      "app": "WorkFlowEngine",
      "type": "operation",
      "displayName": "WorkFlowEngine",
      "variables": {
        "incoming": {
          "task": "",
          "workflow": "PTA_TMF_setServiceOrderErrorMessage",
          "variables": {
            "orderId": {
              "editable": false,
              "task": "job",
              "value": "_id"
            },
            "state": {
              "editable": true,
              "task": "static",
              "value": "failed"
            },
            "sendNotification": {
              "editable": false,
              "task": "job",
              "value": "sendNotification"
            },
            "code": {
              "editable": true,
              "task": "static",
              "value": 501
            },
            "message": {
              "editable": true,
              "task": "static",
              "value": "Error While Execurting workflow"
            },
            "errorReason": {
              "editable": true,
              "task": "static",
              "value": "N/A"
            },
            "rejectOrder": {
              "editable": true,
              "task": "static",
              "value": false
            }
          },
          "data_array": "",
          "transformation": "",
          "loopType": ""
        },
        "outgoing": {
          "job_details": null
        }
      },
      "deprecated": false,
      "groups": [],
      "actor": "job",
      "x": 1.6637856525496975,
      "y": 1.2547864506627393
    },
    "62b7": {
      "name": "childJob",
      "canvasName": "childJob",
      "summary": "Create Service",
      "description": "Create Service Event Notification",
      "location": "Application",
      "locationType": null,
      "app": "WorkFlowEngine",
      "type": "operation",
      "displayName": "WorkFlowEngine",
      "variables": {
        "incoming": {
          "task": "",
          "workflow": "PTA_TMF_sendEventNotification",
          "variables": {
            "tmfType": {
              "editable": true,
              "task": "static",
              "value": "Service"
            },
            "eventType": {
              "editable": true,
              "task": "static",
              "value": "CreateEvent"
            },
            "jobId": {
              "editable": false,
              "task": "job",
              "value": "_id"
            }
          },
          "data_array": "",
          "transformation": "",
          "loopType": ""
        },
        "outgoing": {
          "job_details": null
        }
      },
      "deprecated": false,
      "groups": [],
      "actor": "job",
      "x": -0.5834053586862575,
      "y": 0.49189985272459497
    },
    "f7d2": {
      "name": "childJob",
      "canvasName": "childJob",
      "summary": "Run Child Job",
      "description": "Runs a child job inside a workflow.",
      "location": "Application",
      "locationType": null,
      "app": "WorkFlowEngine",
      "type": "operation",
      "displayName": "WorkFlowEngine",
      "variables": {
        "incoming": {
          "task": "",
          "workflow": "PTA_TMF_setServiceOrderErrorMessage",
          "variables": {
            "orderId": {
              "editable": false,
              "task": "job",
              "value": "_id"
            },
            "state": {
              "editable": true,
              "task": "static",
              "value": "rejected"
            },
            "sendNotification": {
              "editable": true,
              "task": "static",
              "value": true
            },
            "code": {
              "editable": true,
              "task": "static",
              "value": 101
            },
            "message": {
              "editable": false,
              "task": "static",
              "value": "Order validation error"
            },
            "errorReason": {
              "editable": false,
              "task": "job",
              "value": "reason"
            },
            "rejectOrder": {
              "editable": true,
              "task": "static",
              "value": true
            }
          },
          "data_array": "",
          "transformation": "",
          "loopType": ""
        },
        "outgoing": {
          "job_details": null
        }
      },
      "deprecated": false,
      "groups": [],
      "actor": "job",
      "x": 0.22791081750619324,
      "y": 0.8049052396878483
    },
    "cae9": {
      "name": "evaluation",
      "canvasName": "evaluation",
      "summary": "verbose?",
      "description": "verbose?",
      "location": "Application",
      "locationType": null,
      "app": "WorkFlowEngine",
      "type": "operation",
      "displayName": "WorkFlowEngine",
      "variables": {
        "incoming": {
          "all_true_flag": false,
          "evaluation_groups": [
            {
              "all_true_flag": false,
              "evaluations": [
                {
                  "query": "",
                  "operand_1": {
                    "variable": "demo",
                    "task": "job",
                    "editable": true
                  },
                  "operator": ">",
                  "operand_2": {
                    "variable": 0,
                    "task": "static"
                  },
                  "rightQuery": ""
                }
              ]
            }
          ]
        },
        "outgoing": {
          "return_value": null
        }
      },
      "deprecated": false,
      "groups": [],
      "x": 1.2791081750619322,
      "y": 0.4882075471698113
    },
    "faf7": {
      "name": "ViewData",
      "canvasName": "ViewData",
      "summary": "Deploy Config Result",
      "description": "Deploy Config Result",
      "location": "Application",
      "app": "WorkFlowEngine",
      "displayName": "WorkFlowEngine",
      "type": "manual",
      "variables": {
        "incoming": {
          "header": "Candidate Config: ",
          "message": "$var.34c6.return_data",
          "body": "$var.3ae2.return_data",
          "variables": "",
          "btn_success": "CONTINUE",
          "btn_failure": ""
        },
        "outgoing": {},
        "error": "",
        "decorators": []
      },
      "view": "/workflow_engine/task/ViewData",
      "deprecated": false,
      "groups": [
        {
          "provenance": "local_aaa",
          "name": "pronghorn_admin",
          "description": "Group seeded by authenticationProps"
        }
      ],
      "x": 1.414996288047513,
      "y": -0.05632183908045977,
      "scheduled": false
    },
    "c7be": {
      "name": "newVariable",
      "canvasName": "newVariable",
      "summary": "Create a Job Variable",
      "description": "Create a new Job variable by Job ID and assign it a value.",
      "location": "Application",
      "locationType": null,
      "app": "WorkFlowEngine",
      "type": "operation",
      "displayName": "WorkFlowEngine",
      "variables": {
        "incoming": {
          "name": "sendNotification",
          "value": false
        },
        "outgoing": {
          "value": null
        }
      },
      "deprecated": false,
      "groups": [],
      "x": -0.9897750511247444,
      "y": 0.44031007751937984
    },
    "b532": {
      "name": "childJob",
      "canvasName": "childJob",
      "summary": "PTA_InterfaceInventoryAllocation_netbox",
      "description": "PTA_InterfaceInventoryAllocation_netbox",
      "location": "Application",
      "locationType": null,
      "app": "WorkFlowEngine",
      "type": "operation",
      "displayName": "WorkFlowEngine",
      "variables": {
        "incoming": {
          "task": "",
          "workflow": "PTA_InterfaceInventoryAllocation_netbox",
          "variables": {
            "orderModel": {
              "editable": true,
              "task": "job",
              "value": "orderModel"
            }
          },
          "data_array": "",
          "transformation": "",
          "loopType": ""
        },
        "outgoing": {
          "job_details": null
        }
      },
      "deprecated": false,
      "groups": [],
      "actor": "job",
      "x": 0.7867494824016563,
      "y": 0.4868421052631579
    },
    "ff5a": {
      "name": "newVariable",
      "canvasName": "newVariable",
      "summary": "Create a Job Variable",
      "description": "Create a new Job variable by Job ID and assign it a value.",
      "location": "Application",
      "locationType": null,
      "app": "WorkFlowEngine",
      "type": "operation",
      "displayName": "WorkFlowEngine",
      "variables": {
        "incoming": {
          "name": "status",
          "value": "completed"
        },
        "outgoing": {
          "value": null
        }
      },
      "deprecated": false,
      "groups": [],
      "x": 1.9982713915298185,
      "y": 0.5110456553755522
    },
    "ff1a": {
      "name": "newVariable",
      "canvasName": "newVariable",
      "summary": "Create a Job Variable",
      "description": "Create a new Job variable by Job ID and assign it a value.",
      "location": "Application",
      "locationType": null,
      "app": "WorkFlowEngine",
      "type": "operation",
      "displayName": "WorkFlowEngine",
      "variables": {
        "incoming": {
          "name": "status",
          "value": "failed"
        },
        "outgoing": {
          "value": null
        }
      },
      "deprecated": false,
      "groups": [],
      "x": 2.007778738115817,
      "y": 0.8998527245949927
    },
    "f50f": {
      "name": "newVariable",
      "canvasName": "newVariable",
      "summary": "Create a Job Variable",
      "description": "Create a new Job variable by Job ID and assign it a value.",
      "location": "Application",
      "locationType": null,
      "app": "WorkFlowEngine",
      "type": "operation",
      "displayName": "WorkFlowEngine",
      "variables": {
        "incoming": {
          "name": "status",
          "value": "failed"
        },
        "outgoing": {
          "value": null
        }
      },
      "deprecated": false,
      "groups": [],
      "x": 2.007778738115817,
      "y": 1.2341678939617085
    },
    "ae88": {
      "name": "updateJobDescription",
      "canvasName": "updateJobDescription",
      "summary": "Set Descr",
      "description": "Set the job description",
      "location": "Application",
      "locationType": null,
      "app": "WorkFlowEngine",
      "type": "operation",
      "displayName": "WorkFlowEngine",
      "variables": {
        "incoming": {
          "description": "$var.15b.return_data"
        },
        "outgoing": {
          "description": null
        },
        "error": "",
        "decorators": []
      },
      "deprecated": false,
      "groups": [],
      "x": 2.7147540983606557,
      "y": 0.5100775193798449,
      "scheduled": false
    },
    "95ab": {
      "name": "query",
      "canvasName": "query",
      "summary": "orderModel",
      "description": "get updated orderModel",
      "location": "Application",
      "locationType": null,
      "app": "WorkFlowEngine",
      "type": "operation",
      "displayName": "WorkFlowEngine",
      "variables": {
        "incoming": {
          "pass_on_null": false,
          "query": "orderModel",
          "obj": "$var.b61.job_details"
        },
        "outgoing": {
          "return_data": "$var.job.orderModel"
        },
        "error": "",
        "decorators": []
      },
      "deprecated": false,
      "groups": [],
      "x": 0.35695764909248057,
      "y": 0.49779086892488955,
      "scheduled": false
    },
    "e90d": {
      "name": "newVariable",
      "canvasName": "newVariable",
      "summary": "Create a Job Variable",
      "description": "Create a new Job variable by Job ID and assign it a value.",
      "location": "Application",
      "locationType": null,
      "app": "WorkFlowEngine",
      "type": "operation",
      "displayName": "WorkFlowEngine",
      "variables": {
        "incoming": {
          "name": "success",
          "value": false
        },
        "outgoing": {
          "value": null
        }
      },
      "deprecated": false,
      "groups": [],
      "x": 2.1697341513292434,
      "y": 0.7085271317829457
    },
    "e55": {
      "name": "newVariable",
      "canvasName": "newVariable",
      "summary": "Create a Job Variable",
      "description": "Create a new Job variable by Job ID and assign it a value.",
      "location": "Application",
      "locationType": null,
      "app": "WorkFlowEngine",
      "type": "operation",
      "displayName": "WorkFlowEngine",
      "variables": {
        "incoming": {
          "name": "success",
          "value": true
        },
        "outgoing": {
          "value": null
        }
      },
      "deprecated": false,
      "groups": [],
      "x": -1.0858895705521472,
      "y": 0.6248062015503876
    },
    "53c3": {
      "name": "makeData",
      "canvasName": "makeData",
      "summary": "JSONify",
      "description": "Turn output to json",
      "location": "Application",
      "locationType": null,
      "app": "WorkFlowEngine",
      "type": "automatic",
      "displayName": "Tools",
      "variables": {
        "incoming": {
          "input": "<!renderedTemplate!>",
          "outputType": "json",
          "variables": "$var.458.renderedTemplate"
        },
        "outgoing": {
          "output": null
        },
        "error": "",
        "decorators": []
      },
      "deprecated": false,
      "groups": [],
      "actor": "Pronghorn",
      "x": 2.4024590163934425,
      "y": 0.48527131782945737,
      "scheduled": false
    },
    "15b": {
      "name": "query",
      "canvasName": "query",
      "summary": "get Description",
      "description": "get Description",
      "location": "Application",
      "locationType": null,
      "app": "WorkFlowEngine",
      "type": "operation",
      "displayName": "WorkFlowEngine",
      "variables": {
        "incoming": {
          "pass_on_null": false,
          "query": "description",
          "obj": "$var.53c3.output"
        },
        "outgoing": {
          "return_data": null
        },
        "error": "",
        "decorators": []
      },
      "deprecated": false,
      "groups": [],
      "x": 2.481967213114754,
      "y": 0.5038759689922481,
      "scheduled": false
    },
    "a7b8": {
      "name": "query",
      "canvasName": "query",
      "summary": "get result",
      "description": "get result summary",
      "location": "Application",
      "locationType": null,
      "app": "WorkFlowEngine",
      "type": "operation",
      "displayName": "WorkFlowEngine",
      "variables": {
        "incoming": {
          "pass_on_null": false,
          "query": "result",
          "obj": "$var.53c3.output"
        },
        "outgoing": {
          "return_data": "$var.job.result"
        },
        "error": "",
        "decorators": []
      },
      "deprecated": false,
      "groups": [],
      "x": 2.6,
      "y": 0.4992248062015504,
      "scheduled": false
    },
    "e4fa": {
      "name": "query",
      "canvasName": "query",
      "summary": "get kafkaPayload",
      "description": "get kafka Payload",
      "location": "Application",
      "locationType": null,
      "app": "WorkFlowEngine",
      "type": "operation",
      "displayName": "WorkFlowEngine",
      "variables": {
        "incoming": {
          "pass_on_null": false,
          "query": "kafkaPayload",
          "obj": "$var.53c3.output"
        },
        "outgoing": {
          "return_data": null
        },
        "error": "",
        "decorators": []
      },
      "deprecated": false,
      "groups": [],
      "x": 2.536065573770492,
      "y": 0.4992248062015504,
      "scheduled": false
    },
    "ee4d": {
      "name": "sendMessage",
      "canvasName": "sendMessage",
      "summary": "send message",
      "description": "send message",
      "location": "Adapter",
      "locationType": "Kafkav2",
      "app": "Kafkav2",
      "type": "automatic",
      "displayName": "Kafkav2",
      "variables": {
        "incoming": {
          "payloads": "$var.e4fa.return_data",
          "adapter_id": "Kafka"
        },
        "outgoing": {
          "result": null
        },
        "error": "",
        "decorators": []
      },
      "deprecated": false,
      "groups": [],
      "actor": "Pronghorn",
      "x": 2.855737704918033,
      "y": 0.5069767441860465,
      "scheduled": false
    },
    "add2": {
      "name": "newVariable",
      "canvasName": "newVariable",
      "summary": "Create a Job Variable",
      "description": "Create a new Job variable by Job ID and assign it a value.",
      "location": "Application",
      "locationType": null,
      "app": "WorkFlowEngine",
      "type": "operation",
      "displayName": "WorkFlowEngine",
      "variables": {
        "incoming": {
          "name": "reason",
          "value": "successfully provisioned Port Type-A"
        },
        "outgoing": {
          "value": null
        }
      },
      "deprecated": false,
      "groups": [],
      "x": -0.8868852459016393,
      "y": 0.44651162790697674
    },
    "22a4": {
      "name": "evaluation",
      "canvasName": "evaluation",
      "summary": "Check TMF schema",
      "description": "Run an evaluation",
      "location": "Application",
      "locationType": null,
      "app": "WorkFlowEngine",
      "type": "operation",
      "displayName": "WorkFlowEngine",
      "variables": {
        "incoming": {
          "all_true_flag": false,
          "evaluation_groups": [
            {
              "all_true_flag": false,
              "evaluations": [
                {
                  "query": "serviceOrder.@type",
                  "operand_1": {
                    "variable": "merged_object",
                    "task": "84e9"
                  },
                  "operator": "contains",
                  "operand_2": {
                    "variable": "ServiceOrder",
                    "task": "static"
                  },
                  "rightQuery": ""
                }
              ]
            }
          ]
        },
        "outgoing": {
          "return_value": null
        }
      },
      "deprecated": false,
      "groups": [],
      "x": -0.7663088356729976,
      "y": 0.4582309582309582
    },
    "c329": {
      "name": "query",
      "canvasName": "query",
      "summary": "orderModel",
      "description": "get updated orderModel",
      "location": "Application",
      "locationType": null,
      "app": "WorkFlowEngine",
      "type": "operation",
      "displayName": "WorkFlowEngine",
      "variables": {
        "incoming": {
          "pass_on_null": false,
          "query": "orderModel",
          "obj": "$var.5924.job_details"
        },
        "outgoing": {
          "return_data": "$var.job.orderModel"
        },
        "error": "",
        "decorators": []
      },
      "deprecated": false,
      "groups": [],
      "x": 1.1714922048997773,
      "y": 0.3632183908045977,
      "scheduled": false
    },
    "ffdb": {
      "name": "ViewData",
      "canvasName": "ViewData",
      "summary": "Show validation",
      "description": "Show validation",
      "location": "Application",
      "app": "WorkFlowEngine",
      "displayName": "WorkFlowEngine",
      "type": "manual",
      "variables": {
        "incoming": {
          "header": "Show validation",
          "message": "$var.1d75.return_data",
          "body": "$var.7a56.return_data",
          "variables": "",
          "btn_success": "CONTINUE",
          "btn_failure": ""
        },
        "outgoing": {},
        "error": "",
        "decorators": []
      },
      "view": "/workflow_engine/task/ViewData",
      "deprecated": false,
      "groups": [
        {
          "provenance": "local_aaa",
          "name": "pronghorn_admin",
          "description": "Group seeded by authenticationProps"
        }
      ],
      "x": 0.013363028953229399,
      "y": 0.1367816091954023,
      "scheduled": false
    },
    "8d34": {
      "name": "evaluation",
      "canvasName": "evaluation",
      "summary": "verbose?",
      "description": "verbose?",
      "location": "Application",
      "locationType": null,
      "app": "WorkFlowEngine",
      "type": "operation",
      "displayName": "WorkFlowEngine",
      "variables": {
        "incoming": {
          "all_true_flag": false,
          "evaluation_groups": [
            {
              "all_true_flag": false,
              "evaluations": [
                {
                  "query": "",
                  "operand_1": {
                    "variable": "demo",
                    "task": "job",
                    "editable": true
                  },
                  "operator": ">",
                  "operand_2": {
                    "variable": 0,
                    "task": "static"
                  },
                  "rightQuery": ""
                }
              ]
            }
          ]
        },
        "outgoing": {
          "return_value": null
        }
      },
      "deprecated": false,
      "groups": [],
      "x": -0.10987379361544172,
      "y": 0.3114942528735632
    },
    "1d75": {
      "name": "query",
      "canvasName": "query",
      "summary": "getResult",
      "description": "getResult",
      "location": "Application",
      "locationType": null,
      "app": "WorkFlowEngine",
      "type": "operation",
      "displayName": "WorkFlowEngine",
      "variables": {
        "incoming": {
          "pass_on_null": false,
          "query": "result",
          "obj": "$var.4e96.job_details"
        },
        "outgoing": {
          "return_data": null
        },
        "error": "",
        "decorators": []
      },
      "deprecated": false,
      "groups": [],
      "x": -0.15367483296213807,
      "y": 0.05862068965517241,
      "scheduled": false
    },
    "7a56": {
      "name": "query",
      "canvasName": "query",
      "summary": "get Inventory",
      "description": "get Inventory",
      "location": "Application",
      "locationType": null,
      "app": "WorkFlowEngine",
      "type": "operation",
      "displayName": "WorkFlowEngine",
      "variables": {
        "incoming": {
          "pass_on_null": false,
          "query": "inventory",
          "obj": "$var.job.orderModel"
        },
        "outgoing": {
          "return_data": null
        },
        "error": "",
        "decorators": []
      },
      "deprecated": false,
      "groups": [],
      "x": -0.08834446919079436,
      "y": -0.04942528735632184,
      "scheduled": false
    },
    "abe5": {
      "name": "ViewData",
      "canvasName": "ViewData",
      "summary": "View Service Order",
      "description": "View Service Order",
      "location": "Application",
      "app": "WorkFlowEngine",
      "displayName": "WorkFlowEngine",
      "type": "manual",
      "variables": {
        "incoming": {
          "header": "View Service Order",
          "message": "$var.7205.return_data",
          "body": "$var.30da.return_data",
          "variables": "",
          "btn_success": "CONTINUE",
          "btn_failure": ""
        },
        "outgoing": {},
        "error": "",
        "decorators": []
      },
      "view": "/workflow_engine/task/ViewData",
      "deprecated": false,
      "groups": [
        {
          "provenance": "local_aaa",
          "name": "pronghorn_admin",
          "description": "Group seeded by authenticationProps"
        }
      ],
      "x": 0.6250927988121752,
      "y": 0.10114942528735632,
      "scheduled": false
    },
    "30da": {
      "name": "query",
      "canvasName": "query",
      "summary": "get Inventory",
      "description": "get Inventory",
      "location": "Application",
      "locationType": null,
      "app": "WorkFlowEngine",
      "type": "operation",
      "displayName": "WorkFlowEngine",
      "variables": {
        "incoming": {
          "pass_on_null": false,
          "query": "inventory",
          "obj": "$var.job.orderModel"
        },
        "outgoing": {
          "return_data": null
        },
        "error": "",
        "decorators": []
      },
      "deprecated": false,
      "groups": [],
      "x": 0.5270972531551597,
      "y": -0.08505747126436781,
      "scheduled": false
    },
    "7e30": {
      "name": "evaluation",
      "canvasName": "evaluation",
      "summary": "verbose?",
      "description": "verbose?",
      "location": "Application",
      "locationType": null,
      "app": "WorkFlowEngine",
      "type": "operation",
      "displayName": "WorkFlowEngine",
      "variables": {
        "incoming": {
          "all_true_flag": false,
          "evaluation_groups": [
            {
              "all_true_flag": false,
              "evaluations": [
                {
                  "query": "",
                  "operand_1": {
                    "variable": "demo",
                    "task": "job",
                    "editable": true
                  },
                  "operator": ">",
                  "operand_2": {
                    "variable": 0,
                    "task": "static"
                  },
                  "rightQuery": ""
                }
              ]
            }
          ]
        },
        "outgoing": {
          "return_value": null
        }
      },
      "deprecated": false,
      "groups": [],
      "x": 0.37787676317743135,
      "y": 0.31494252873563217
    },
    "277b": {
      "name": "evaluation",
      "canvasName": "evaluation",
      "summary": "verbose?",
      "description": "verbose?",
      "location": "Application",
      "locationType": null,
      "app": "WorkFlowEngine",
      "type": "operation",
      "displayName": "WorkFlowEngine",
      "variables": {
        "incoming": {
          "all_true_flag": false,
          "evaluation_groups": [
            {
              "all_true_flag": false,
              "evaluations": [
                {
                  "query": "",
                  "operand_1": {
                    "variable": "demo",
                    "task": "job",
                    "editable": true
                  },
                  "operator": ">",
                  "operand_2": {
                    "variable": 0,
                    "task": "static"
                  },
                  "rightQuery": ""
                }
              ]
            }
          ]
        },
        "outgoing": {
          "return_value": null
        }
      },
      "deprecated": false,
      "groups": [],
      "x": 0.9784706755753526,
      "y": 0.29195402298850576
    },
    "d327": {
      "name": "query",
      "canvasName": "query",
      "summary": "getResult",
      "description": "getResult",
      "location": "Application",
      "locationType": null,
      "app": "WorkFlowEngine",
      "type": "operation",
      "displayName": "WorkFlowEngine",
      "variables": {
        "incoming": {
          "pass_on_null": false,
          "query": "result",
          "obj": "$var.b532.job_details"
        },
        "outgoing": {
          "return_data": null
        },
        "error": "",
        "decorators": []
      },
      "deprecated": false,
      "groups": [],
      "x": 1.0044543429844097,
      "y": 0.0896551724137931,
      "scheduled": false
    },
    "b4b9": {
      "name": "query",
      "canvasName": "query",
      "summary": "get Inventory",
      "description": "get Inventory",
      "location": "Application",
      "locationType": null,
      "app": "WorkFlowEngine",
      "type": "operation",
      "displayName": "WorkFlowEngine",
      "variables": {
        "incoming": {
          "pass_on_null": false,
          "query": "inventory",
          "obj": "$var.job.orderModel"
        },
        "outgoing": {
          "return_data": null
        },
        "error": "",
        "decorators": []
      },
      "deprecated": false,
      "groups": [],
      "x": 1.07720861172977,
      "y": -0.05172413793103448,
      "scheduled": false
    },
    "c76f": {
      "name": "ViewData",
      "canvasName": "ViewData",
      "summary": "View interface changes",
      "description": "View interface changes",
      "location": "Application",
      "app": "WorkFlowEngine",
      "displayName": "WorkFlowEngine",
      "type": "manual",
      "variables": {
        "incoming": {
          "header": "View interface changes",
          "message": "$var.d327.return_data",
          "body": "$var.b4b9.return_data",
          "variables": "",
          "btn_success": "CONTINUE",
          "btn_failure": ""
        },
        "outgoing": {},
        "error": "",
        "decorators": []
      },
      "view": "/workflow_engine/task/ViewData",
      "deprecated": false,
      "groups": [
        {
          "provenance": "local_aaa",
          "name": "pronghorn_admin",
          "description": "Group seeded by authenticationProps"
        }
      ],
      "x": 1.18634001484781,
      "y": 0.10574712643678161,
      "scheduled": false
    },
    "3ae2": {
      "name": "query",
      "canvasName": "query",
      "summary": "get Candidate Config",
      "description": "get Candidate Config",
      "location": "Application",
      "locationType": null,
      "app": "WorkFlowEngine",
      "type": "operation",
      "displayName": "WorkFlowEngine",
      "variables": {
        "incoming": {
          "pass_on_null": false,
          "query": "candidateConfig",
          "obj": "$var.job.orderModel"
        },
        "outgoing": {
          "return_data": null
        },
        "error": "",
        "decorators": []
      },
      "deprecated": false,
      "groups": [],
      "x": 1.2843355605048254,
      "y": 0.35977011494252875,
      "scheduled": false
    },
    "34c6": {
      "name": "query",
      "canvasName": "query",
      "summary": "getResult",
      "description": "getResult",
      "location": "Application",
      "locationType": null,
      "app": "WorkFlowEngine",
      "type": "operation",
      "displayName": "WorkFlowEngine",
      "variables": {
        "incoming": {
          "pass_on_null": false,
          "query": "result",
          "obj": "$var.5924.job_details"
        },
        "outgoing": {
          "return_data": null
        },
        "error": "",
        "decorators": []
      },
      "deprecated": false,
      "groups": [],
      "x": 1.3682256867112101,
      "y": 0.09540229885057472,
      "scheduled": false
    }
  },
  "transitions": {
    "458": {
      "53c3": {
        "type": "standard",
        "state": "success"
      }
    },
    "2612": {
      "e55": {
        "type": "standard",
        "state": "success"
      }
    },
    "2884": {
      "21d7": {
        "type": "standard",
        "state": "success"
      }
    },
    "4995": {
      "9299": {
        "type": "standard",
        "state": "success"
      }
    },
    "5924": {
      "c329": {
        "type": "standard",
        "state": "success"
      }
    },
    "5926": {
      "baed": {
        "type": "standard",
        "state": "success"
      }
    },
    "6552": {
      "7242": {
        "type": "standard",
        "state": "success"
      }
    },
    "7205": {
      "30da": {
        "type": "standard",
        "state": "success"
      }
    },
    "7242": {
      "37e9": {
        "type": "standard",
        "state": "success"
      }
    },
    "7285": {
      "3ba3": {
        "type": "standard",
        "state": "success"
      }
    },
    "7374": {
      "e90d": {
        "type": "standard",
        "state": "success"
      }
    },
    "9299": {
      "3ba3": {
        "type": "standard",
        "state": "success"
      }
    },
    "workflow_start": {
      "84e9": {
        "type": "standard",
        "state": "success"
      }
    },
    "workflow_end": {},
    "21d7": {
      "7e1a": {
        "type": "standard",
        "state": "failure"
      },
      "8d34": {
        "type": "standard",
        "state": "success"
      }
    },
    "cdce": {
      "3ba3": {
        "type": "standard",
        "state": "success"
      }
    },
    "195f": {
      "cdce": {
        "type": "standard",
        "state": "failure"
      },
      "f7d2": {
        "type": "standard",
        "state": "success"
      }
    },
    "37e9": {
      "ff5a": {
        "type": "standard",
        "state": "success"
      }
    },
    "bbd7": {
      "f50f": {
        "type": "standard",
        "state": "success"
      }
    },
    "d49": {
      "7374": {
        "type": "standard",
        "state": "success"
      }
    },
    "9d94": {
      "458": {
        "type": "standard",
        "state": "success"
      }
    },
    "d89b": {
      "b61": {
        "type": "standard",
        "state": "success"
      },
      "663d": {
        "type": "standard",
        "state": "failure"
      }
    },
    "bb5f": {
      "3ba3": {
        "type": "standard",
        "state": "success"
      }
    },
    "a957": {
      "751d": {
        "type": "standard",
        "state": "failure"
      },
      "7e30": {
        "type": "standard",
        "state": "success"
      }
    },
    "521d": {
      "3ba3": {
        "type": "standard",
        "state": "success"
      }
    },
    "bcb": {
      "71b1": {
        "type": "standard",
        "state": "failure"
      },
      "b532": {
        "type": "standard",
        "state": "success"
      }
    },
    "d0a6": {
      "3ba3": {
        "type": "standard",
        "state": "success"
      }
    },
    "baed": {
      "cb97": {
        "type": "standard",
        "state": "failure"
      },
      "277b": {
        "type": "standard",
        "state": "success"
      }
    },
    "f35a": {
      "6e6a": {
        "type": "standard",
        "state": "failure"
      },
      "c8b0": {
        "type": "standard",
        "state": "success"
      }
    },
    "6e6a": {
      "3ba3": {
        "type": "standard",
        "state": "success"
      }
    },
    "1d1a": {
      "9a7a": {
        "type": "standard",
        "state": "failure"
      },
      "cae9": {
        "type": "standard",
        "state": "success"
      }
    },
    "2c34": {
      "7285": {
        "type": "standard",
        "state": "failure"
      },
      "1f4c": {
        "type": "standard",
        "state": "success"
      }
    },
    "6e70": {},
    "1f4c": {
      "43fa": {
        "type": "standard",
        "state": "success"
      }
    },
    "43fa": {
      "c8b0": {
        "type": "standard",
        "state": "success"
      },
      "c4d5": {
        "type": "standard",
        "state": "failure"
      }
    },
    "e385": {
      "3ba3": {
        "type": "standard",
        "state": "success"
      }
    },
    "ee3c": {
      "ff1a": {
        "type": "standard",
        "state": "success"
      }
    },
    "c8b0": {
      "9b3d": {
        "type": "standard",
        "state": "success"
      }
    },
    "9b3d": {
      "4995": {
        "type": "standard",
        "state": "failure"
      },
      "c0ce": {
        "type": "standard",
        "state": "success"
      }
    },
    "84e9": {
      "2612": {
        "type": "standard",
        "state": "success"
      }
    },
    "be4c": {
      "add2": {
        "type": "standard",
        "state": "success"
      }
    },
    "4e96": {
      "2884": {
        "type": "standard",
        "state": "success"
      }
    },
    "b36a": {
      "d89b": {
        "type": "standard",
        "state": "success"
      }
    },
    "b61": {
      "95ab": {
        "type": "standard",
        "state": "success"
      }
    },
    "ceec": {
      "bcb": {
        "type": "standard",
        "state": "success"
      }
    },
    "7e1a": {
      "195f": {
        "type": "standard",
        "state": "success"
      }
    },
    "663d": {
      "bb5f": {
        "type": "standard",
        "state": "success"
      }
    },
    "751d": {
      "521d": {
        "type": "standard",
        "state": "success"
      }
    },
    "71b1": {
      "d0a6": {
        "type": "standard",
        "state": "success"
      }
    },
    "cb97": {
      "f35a": {
        "type": "standard",
        "state": "success"
      }
    },
    "9a7a": {
      "2c34": {
        "type": "standard",
        "state": "success"
      }
    },
    "c0ce": {
      "ee3c": {
        "type": "standard",
        "state": "success"
      }
    },
    "c4d5": {
      "e385": {
        "type": "standard",
        "state": "success"
      }
    },
    "3ba3": {
      "bbd7": {
        "type": "standard",
        "state": "success"
      }
    },
    "62b7": {
      "4e96": {
        "type": "standard",
        "state": "success"
      }
    },
    "f7d2": {
      "d49": {
        "type": "standard",
        "state": "success"
      }
    },
    "cae9": {
      "6552": {
        "type": "standard",
        "state": "failure"
      },
      "3ae2": {
        "type": "standard",
        "state": "success"
      }
    },
    "faf7": {
      "6552": {
        "type": "standard",
        "state": "success"
      }
    },
    "c7be": {
      "be4c": {
        "type": "standard",
        "state": "success"
      }
    },
    "b532": {
      "5926": {
        "type": "standard",
        "state": "success"
      }
    },
    "ff5a": {
      "9d94": {
        "type": "standard",
        "state": "success"
      }
    },
    "ff1a": {
      "e90d": {
        "type": "standard",
        "state": "success"
      }
    },
    "f50f": {
      "e90d": {
        "type": "standard",
        "state": "success"
      }
    },
    "ae88": {
      "ee4d": {
        "type": "standard",
        "state": "success"
      }
    },
    "95ab": {
      "a957": {
        "type": "standard",
        "state": "success"
      }
    },
    "e90d": {
      "9d94": {
        "type": "standard",
        "state": "success"
      }
    },
    "e55": {
      "c7be": {
        "type": "standard",
        "state": "success"
      }
    },
    "53c3": {
      "15b": {
        "type": "standard",
        "state": "success"
      }
    },
    "15b": {
      "e4fa": {
        "type": "standard",
        "state": "success"
      }
    },
    "a7b8": {
      "ae88": {
        "type": "standard",
        "state": "success"
      }
    },
    "e4fa": {
      "a7b8": {
        "type": "standard",
        "state": "success"
      }
    },
    "ee4d": {
      "workflow_end": {
        "type": "standard",
        "state": "success"
      }
    },
    "add2": {
      "22a4": {
        "type": "standard",
        "state": "success"
      }
    },
    "22a4": {
      "62b7": {
        "type": "standard",
        "state": "success"
      }
    },
    "c329": {
      "1d1a": {
        "type": "standard",
        "state": "success"
      }
    },
    "ffdb": {
      "b36a": {
        "type": "standard",
        "state": "success"
      }
    },
    "8d34": {
      "b36a": {
        "type": "standard",
        "state": "failure"
      },
      "1d75": {
        "type": "standard",
        "state": "success"
      }
    },
    "1d75": {
      "7a56": {
        "type": "standard",
        "state": "success"
      }
    },
    "7a56": {
      "ffdb": {
        "type": "standard",
        "state": "success"
      }
    },
    "abe5": {
      "ceec": {
        "type": "standard",
        "state": "success"
      }
    },
    "30da": {
      "abe5": {
        "type": "standard",
        "state": "success"
      }
    },
    "7e30": {
      "7205": {
        "type": "standard",
        "state": "success"
      },
      "ceec": {
        "type": "standard",
        "state": "failure"
      }
    },
    "277b": {
      "5924": {
        "type": "standard",
        "state": "failure"
      },
      "d327": {
        "type": "standard",
        "state": "success"
      }
    },
    "d327": {
      "b4b9": {
        "type": "standard",
        "state": "success"
      }
    },
    "b4b9": {
      "c76f": {
        "type": "standard",
        "state": "success"
      }
    },
    "c76f": {
      "5924": {
        "type": "standard",
        "state": "success"
      }
    },
    "3ae2": {
      "34c6": {
        "type": "standard",
        "state": "success"
      }
    },
    "34c6": {
      "faf7": {
        "type": "standard",
        "state": "success"
      }
    }
  },
  "type": "automation",
  "tags": [],
  "groups": [],
  "migrationVersion": 1
}