{
  "canvasVersion": 1,
  "created": "2023-03-24T03:51:15.344Z",
  "createdVersion": "5.44.64-2022.1.29.0",
  "created_by": {
    "provenance": "local_aaa",
    "username": "admin@pronghorn",
    "firstname": "admin",
    "inactive": false
  },
  "font_size": 12,
  "inputSchema": {
    "type": "object",
    "properties": {
      "input": {
        "$id": "input",
        "type": "object",
        "properties": {},
        "required": []
      }
    },
    "required": [
      "input"
    ]
  },
  "lastUpdatedVersion": "5.44.64-2022.1.27.0",
  "last_updated": "2023-03-31T09:58:32.657Z",
  "last_updated_by": {
    "provenance": "local_aaa",
    "username": "admin@pronghorn",
    "firstname": "admin",
    "inactive": false
  },
  "name": "DO_BaseBuildConfigPush",
  "outputSchema": {
    "type": "object",
    "properties": {
      "input": {
        "$id": "input",
        "type": "object",
        "properties": {},
        "required": []
      },
      "_id": {
        "type": "string",
        "pattern": "^[0-9a-f]{24}$"
      },
      "initiator": {
        "type": "string"
      },
      "reason": {
        "title": "response",
        "type": "string",
        "examples": [
          "awesome"
        ]
      },
      "success": {
        "type": "boolean"
      },
      "status": {
        "type": "string"
      },
      "result": {
        "type": [
          "array",
          "boolean",
          "null",
          "number",
          "object",
          "string"
        ]
      },
      "config": {
        "type": [
          "array",
          "boolean",
          "null",
          "number",
          "object",
          "string"
        ]
      }
    }
  },
  "preAutomationTime": 0,
  "sla": 0,
  "tasks": {
    "workflow_start": {
      "name": "workflow_start",
      "groups": [],
      "x": -0.13241678726483358,
      "y": 0.5784883720930233
    },
    "workflow_end": {
      "name": "workflow_end",
      "groups": [],
      "x": 1.5188133140376265,
      "y": 0.5901162790697675
    },
    "32e3": {
      "name": "query",
      "canvasName": "query",
      "summary": "Query Script Response",
      "description": "Query Script Response",
      "location": "Application",
      "locationType": null,
      "app": "WorkFlowEngine",
      "type": "operation",
      "displayName": "WorkFlowEngine",
      "variables": {
        "incoming": {
          "pass_on_null": false,
          "query": "completed[0]response[0]",
          "obj": "$var.5fa0.stdout"
        },
        "outgoing": {
          "return_data": null
        },
        "error": "",
        "decorators": []
      },
      "deprecated": false,
      "groups": [],
      "x": 0.632952691680261,
      "y": 0.578589634664401,
      "scheduled": false
    },
    "eb35": {
      "name": "transformation",
      "canvasName": "transformation",
      "summary": "JST Parse Execute Script Response",
      "description": "JST Parse Execute Script Response",
      "location": "Application",
      "locationType": null,
      "app": "WorkFlowEngine",
      "type": "operation",
      "displayName": "WorkFlowEngine",
      "variables": {
        "incoming": {
          "tr_id": "640874da7438ac028ca60a1c",
          "variableMap": {
            "result": "$var.32e3.return_data"
          },
          "options": {
            "extractOutput": false,
            "validateIncoming": false,
            "revertToDefaultValue": true
          }
        },
        "outgoing": {
          "stdout": null,
          "result": null,
          "error": null
        },
        "decorators": []
      },
      "deprecated": false,
      "groups": [],
      "x": 0.7778695293146161,
      "y": 0.5801713586291309,
      "task_name": "Parse Execute Script Response",
      "retrySettings": null
    },
    "a80f": {
      "name": "transformation",
      "canvasName": "transformation",
      "summary": "JST Double Stringify JSON Object",
      "description": "JST Double Stringify JSON Object",
      "location": "Application",
      "locationType": null,
      "app": "WorkFlowEngine",
      "type": "operation",
      "displayName": "WorkFlowEngine",
      "variables": {
        "incoming": {
          "tr_id": "641d86c33eab3f7b6d78124c",
          "variableMap": {
            "input": "$var.job.input"
          },
          "options": {
            "extractOutput": true,
            "validateIncoming": true,
            "revertToDefaultValue": true
          }
        },
        "outgoing": {
          "outgoing": null
        },
        "decorators": []
      },
      "deprecated": false,
      "groups": [],
      "x": 0.3278282411230388,
      "y": 0.5630354957160343,
      "task_name": "Double Stringify JSON Object",
      "retrySettings": null
    },
    "a1a5": {
      "name": "evaluation",
      "canvasName": "evaluation",
      "summary": "Run Evaluation Task",
      "description": "Run an evaluation",
      "location": "Application",
      "locationType": null,
      "app": "WorkFlowEngine",
      "type": "operation",
      "displayName": "WorkFlowEngine",
      "variables": {
        "incoming": {
          "all_true_flag": false,
          "evaluation_groups": [
            {
              "all_true_flag": false,
              "evaluations": [
                {
                  "query": "",
                  "operand_1": {
                    "variable": "result",
                    "task": "eb35"
                  },
                  "operator": "==",
                  "operand_2": {
                    "variable": true,
                    "task": "static"
                  },
                  "rightQuery": ""
                }
              ]
            }
          ]
        },
        "outgoing": {
          "return_value": null
        }
      },
      "deprecated": false,
      "groups": [],
      "x": 0.9659913169319826,
      "y": 0.5784883720930233
    },
    "2c21": {
      "name": "stub",
      "canvasName": "stub",
      "summary": "Script Error",
      "description": "Script Error",
      "location": "Application",
      "locationType": null,
      "app": "WorkFlowEngine",
      "type": "automatic",
      "displayName": "Tools",
      "variables": {
        "incoming": {
          "type": "success",
          "delay": "",
          "response": "script error"
        },
        "outgoing": {
          "response": "$var.job.reason"
        },
        "error": "",
        "decorators": []
      },
      "deprecated": false,
      "groups": [],
      "actor": "Pronghorn",
      "x": 0.9638205499276411,
      "y": 0.8924418604651163,
      "scheduled": false
    },
    "297e": {
      "name": "newVariable",
      "canvasName": "newVariable",
      "summary": "Create a Job Variable",
      "description": "Create a new Job variable by Job ID and assign it a value.",
      "location": "Application",
      "locationType": null,
      "app": "WorkFlowEngine",
      "type": "operation",
      "displayName": "WorkFlowEngine",
      "variables": {
        "incoming": {
          "name": "success",
          "value": true
        },
        "outgoing": {
          "value": null
        }
      },
      "deprecated": false,
      "groups": [],
      "x": -0.06222865412445731,
      "y": 0.5813953488372093
    },
    "bb63": {
      "name": "newVariable",
      "canvasName": "newVariable",
      "summary": "Create a Job Variable",
      "description": "Create a new Job variable by Job ID and assign it a value.",
      "location": "Application",
      "locationType": null,
      "app": "WorkFlowEngine",
      "type": "operation",
      "displayName": "WorkFlowEngine",
      "variables": {
        "incoming": {
          "name": "status",
          "value": "success"
        },
        "outgoing": {
          "value": null
        }
      },
      "deprecated": false,
      "groups": [],
      "x": 0.03835021707670044,
      "y": 0.5770348837209303
    },
    "4eb": {
      "name": "stub",
      "canvasName": "stub",
      "summary": "Generating Config Error",
      "description": "Generating Config Error",
      "location": "Application",
      "locationType": null,
      "app": "WorkFlowEngine",
      "type": "automatic",
      "displayName": "Tools",
      "variables": {
        "incoming": {
          "type": "success",
          "delay": "",
          "response": "Generating Config Error"
        },
        "outgoing": {
          "response": "$var.job.reason"
        },
        "error": "",
        "decorators": []
      },
      "deprecated": false,
      "groups": [],
      "actor": "Pronghorn",
      "x": 0.49493487698986977,
      "y": 0.8880813953488372,
      "scheduled": false
    },
    "99fe": {
      "name": "stub",
      "canvasName": "stub",
      "summary": "JST Error",
      "description": "JST Error",
      "location": "Application",
      "locationType": null,
      "app": "WorkFlowEngine",
      "type": "automatic",
      "displayName": "Tools",
      "variables": {
        "incoming": {
          "type": "success",
          "delay": "",
          "response": "JST Error Processing BaseBuild script output"
        },
        "outgoing": {
          "response": "$var.job.reason"
        },
        "error": "",
        "decorators": []
      },
      "deprecated": false,
      "groups": [],
      "actor": "Pronghorn",
      "x": 0.7416787264833574,
      "y": 0.8909883720930233,
      "scheduled": false
    },
    "4c85": {
      "name": "stub",
      "canvasName": "stub",
      "summary": "JST Error",
      "description": "JST Error",
      "location": "Application",
      "locationType": null,
      "app": "WorkFlowEngine",
      "type": "automatic",
      "displayName": "Tools",
      "variables": {
        "incoming": {
          "type": "success",
          "delay": "",
          "response": "JST Error Stringifying the jinja template output"
        },
        "outgoing": {
          "response": "$var.job.reason"
        },
        "error": "",
        "decorators": []
      },
      "deprecated": false,
      "groups": [],
      "actor": "Pronghorn",
      "x": 0.3228736581337737,
      "y": 0.8959608323133414,
      "scheduled": false
    },
    "c36a": {
      "name": "merge",
      "canvasName": "merge",
      "summary": "error path",
      "description": "Error Path",
      "location": "Application",
      "locationType": null,
      "app": "WorkFlowEngine",
      "type": "operation",
      "displayName": "WorkFlowEngine",
      "variables": {
        "incoming": {
          "data_to_merge": [
            {
              "key": "",
              "value": {
                "task": "static",
                "variable": ""
              }
            }
          ]
        },
        "outgoing": {
          "merged_object": null
        }
      },
      "deprecated": false,
      "groups": [],
      "x": 1.0303907380607815,
      "y": 0.8909883720930233
    },
    "db37": {
      "name": "newVariable",
      "canvasName": "newVariable",
      "summary": "Create a Job Variable",
      "description": "Create a new Job variable by Job ID and assign it a value.",
      "location": "Application",
      "locationType": null,
      "app": "WorkFlowEngine",
      "type": "operation",
      "displayName": "WorkFlowEngine",
      "variables": {
        "incoming": {
          "name": "reason",
          "value": "default"
        },
        "outgoing": {
          "value": null
        }
      },
      "deprecated": false,
      "groups": [],
      "x": 0.1389290882778582,
      "y": 0.5813953488372093
    },
    "397a": {
      "name": "merge",
      "canvasName": "merge",
      "summary": "prep results",
      "description": "prep results",
      "location": "Application",
      "locationType": null,
      "app": "WorkFlowEngine",
      "type": "operation",
      "displayName": "WorkFlowEngine",
      "variables": {
        "incoming": {
          "data_to_merge": [
            {
              "key": "success",
              "value": {
                "task": "job",
                "variable": "success"
              }
            },
            {
              "key": "status",
              "value": {
                "task": "job",
                "variable": "status"
              }
            },
            {
              "key": "reason",
              "value": {
                "task": "job",
                "variable": "reason"
              }
            }
          ]
        },
        "outgoing": {
          "merged_object": null
        }
      },
      "deprecated": false,
      "groups": [],
      "x": 1.1861903126073514,
      "y": 0.5879354290569244
    },
    "b445": {
      "name": "newVariable",
      "canvasName": "newVariable",
      "summary": "Create a Job Variable",
      "description": "Create a new Job variable by Job ID and assign it a value.",
      "location": "Application",
      "locationType": null,
      "app": "WorkFlowEngine",
      "type": "operation",
      "displayName": "WorkFlowEngine",
      "variables": {
        "incoming": {
          "name": "success",
          "value": false
        },
        "outgoing": {
          "value": null
        }
      },
      "deprecated": false,
      "groups": [],
      "x": 1.1020260492040521,
      "y": 0.9040697674418605
    },
    "c81e": {
      "name": "newVariable",
      "canvasName": "newVariable",
      "summary": "Create a Job Variable",
      "description": "Create a new Job variable by Job ID and assign it a value.",
      "location": "Application",
      "locationType": null,
      "app": "WorkFlowEngine",
      "type": "operation",
      "displayName": "WorkFlowEngine",
      "variables": {
        "incoming": {
          "name": "status",
          "value": "error"
        },
        "outgoing": {
          "value": null
        }
      },
      "deprecated": false,
      "groups": [],
      "x": 1.199710564399421,
      "y": 0.9127906976744186
    },
    "b189": {
      "name": "newVariable",
      "canvasName": "newVariable",
      "summary": "Create a Job Variable",
      "description": "Create a new Job variable by Job ID and assign it a value.",
      "location": "Application",
      "locationType": null,
      "app": "WorkFlowEngine",
      "type": "operation",
      "displayName": "WorkFlowEngine",
      "variables": {
        "incoming": {
          "name": "result",
          "value": "$var.397a.merged_object"
        },
        "outgoing": {
          "value": null
        }
      },
      "deprecated": false,
      "groups": [],
      "x": 1.3473227206946454,
      "y": 0.5828488372093024
    },
    "64e6": {
      "name": "newVariable",
      "canvasName": "newVariable",
      "summary": "Create a Job Variable",
      "description": "Create a new Job variable by Job ID and assign it a value.",
      "location": "Application",
      "locationType": null,
      "app": "WorkFlowEngine",
      "type": "operation",
      "displayName": "WorkFlowEngine",
      "variables": {
        "incoming": {
          "name": "config",
          "value": "$var.eb35.stdout"
        },
        "outgoing": {
          "value": null
        }
      },
      "deprecated": false,
      "groups": [],
      "x": 1.4019237375472346,
      "y": 0.7221750212404418
    },
    "5fa0": {
      "name": "baseBuild.py",
      "canvasName": "baseBuild.py",
      "summary": "Shell Script baseBuild.py",
      "description": "Shell Script baseBuild.py",
      "location": "Application",
      "locationType": null,
      "app": "AGManager",
      "type": "automatic",
      "displayName": "AG Manager",
      "variables": {
        "incoming": {
          "_hosts": "",
          "data": "$var.a80f.outgoing",
          "template_name": "basebuild-PE.json.j2"
        },
        "outgoing": {
          "stdout": null
        },
        "error": "",
        "decorators": []
      },
      "deprecated": false,
      "groups": [],
      "actor": "Pronghorn",
      "x": 0.500412881915772,
      "y": 0.586427656850192,
      "scheduled": false
    }
  },
  "transitions": {
    "workflow_start": {
      "297e": {
        "type": "standard",
        "state": "success"
      }
    },
    "workflow_end": {},
    "32e3": {
      "eb35": {
        "type": "standard",
        "state": "success"
      }
    },
    "eb35": {
      "a1a5": {
        "type": "standard",
        "state": "success"
      },
      "99fe": {
        "type": "standard",
        "state": "error"
      }
    },
    "f3df": {},
    "a80f": {
      "4c85": {
        "type": "standard",
        "state": "error"
      },
      "5fa0": {
        "type": "standard",
        "state": "success"
      }
    },
    "a1a5": {
      "2c21": {
        "type": "standard",
        "state": "failure"
      },
      "397a": {
        "type": "standard",
        "state": "success"
      }
    },
    "2c21": {
      "c36a": {
        "type": "standard",
        "state": "success"
      }
    },
    "297e": {
      "bb63": {
        "type": "standard",
        "state": "success"
      }
    },
    "bb63": {
      "db37": {
        "type": "standard",
        "state": "success"
      }
    },
    "4eb": {
      "c36a": {
        "type": "standard",
        "state": "success"
      },
      "eb35": {
        "type": "standard",
        "state": "failure"
      }
    },
    "99fe": {
      "c36a": {
        "type": "standard",
        "state": "success"
      }
    },
    "4c85": {
      "c36a": {
        "type": "standard",
        "state": "success"
      },
      "5fa0": {
        "type": "standard",
        "state": "failure"
      }
    },
    "c36a": {
      "b445": {
        "type": "standard",
        "state": "success"
      }
    },
    "db37": {
      "a80f": {
        "type": "standard",
        "state": "success"
      }
    },
    "397a": {
      "b189": {
        "type": "standard",
        "state": "success"
      }
    },
    "b445": {
      "c81e": {
        "type": "standard",
        "state": "success"
      }
    },
    "c81e": {
      "397a": {
        "type": "standard",
        "state": "success"
      }
    },
    "b189": {
      "64e6": {
        "type": "standard",
        "state": "success"
      }
    },
    "64e6": {
      "workflow_end": {
        "type": "standard",
        "state": "success"
      }
    },
    "5fa0": {
      "32e3": {
        "type": "standard",
        "state": "success"
      },
      "4eb": {
        "type": "standard",
        "state": "error"
      }
    }
  },
  "type": "automation",
  "tags": [],
  "groups": [],
  "migrationVersion": 1
}