{
  "name": "DO_Kafka_Notifs",
  "type": "automation",
  "tasks": {
    "1212": {
      "name": "renderJinjaTemplate",
      "canvasName": "renderJinjaTemplate",
      "summary": "Create Payload",
      "description": "Create Payload",
      "location": "Application",
      "locationType": null,
      "app": "TemplateBuilder",
      "type": "automatic",
      "displayName": "TemplateBuilder",
      "variables": {
        "incoming": {
          "name": "DO_Kafka_Payload",
          "context": "$var.a636.merged_object"
        },
        "outgoing": {
          "renderedTemplate": null
        },
        "error": "",
        "decorators": []
      },
      "deprecated": false,
      "groups": [],
      "actor": "Pronghorn",
      "x": 0.27264325323475047,
      "y": 0.5056746532156369,
      "scheduled": false
    },
    "workflow_start": {
      "name": "workflow_start",
      "groups": [],
      "x": 0,
      "y": 0.5
    },
    "workflow_end": {
      "name": "workflow_end",
      "groups": [],
      "x": 1,
      "y": 0.5
    },
    "b001": {
      "name": "sendMessage",
      "canvasName": "sendMessage",
      "summary": "send message",
      "description": "send message",
      "location": "Adapter",
      "locationType": "Kafkav2",
      "app": "Kafkav2",
      "type": "automatic",
      "displayName": "Kafkav2",
      "variables": {
        "incoming": {
          "payloads": "$var.7ac5.output",
          "adapter_id": "Kafka"
        },
        "outgoing": {
          "result": null
        },
        "error": "",
        "decorators": []
      },
      "deprecated": false,
      "groups": [],
      "actor": "Pronghorn",
      "x": 0.756007393715342,
      "y": 0.4880201765447667,
      "scheduled": false
    },
    "a636": {
      "name": "merge",
      "canvasName": "merge",
      "summary": "Incoming Variables",
      "description": "Incoming Variables",
      "location": "Application",
      "locationType": null,
      "app": "WorkFlowEngine",
      "type": "operation",
      "displayName": "WorkFlowEngine",
      "variables": {
        "incoming": {
          "data_to_merge": [
            {
              "key": "payload",
              "value": {
                "task": "job",
                "variable": "kafka_payload",
                "editable": true
              }
            }
          ]
        },
        "outgoing": {
          "merged_object": null
        }
      },
      "deprecated": false,
      "groups": [],
      "x": 0.11737523105360444,
      "y": 0.49810844892812106
    },
    "7ac5": {
      "name": "makeData",
      "canvasName": "makeData",
      "summary": "Stringify Payload",
      "description": "Stringify Payload",
      "location": "Application",
      "locationType": null,
      "app": "WorkFlowEngine",
      "type": "automatic",
      "displayName": "Tools",
      "variables": {
        "incoming": {
          "input": "<!renderedTemplate!>",
          "outputType": "json",
          "variables": "$var.1212.renderedTemplate"
        },
        "outgoing": {
          "output": null
        },
        "error": "",
        "decorators": []
      },
      "deprecated": false,
      "groups": [],
      "actor": "Pronghorn",
      "x": 0.49168207024029575,
      "y": 0.5031525851197982,
      "scheduled": false
    }
  },
  "transitions": {
    "1212": {
      "7ac5": {
        "type": "standard",
        "state": "success"
      }
    },
    "6694": {},
    "workflow_start": {
      "a636": {
        "type": "standard",
        "state": "success"
      }
    },
    "workflow_end": {},
    "b001": {
      "workflow_end": {
        "type": "standard",
        "state": "success"
      }
    },
    "a636": {
      "1212": {
        "type": "standard",
        "state": "success"
      }
    },
    "7ac5": {
      "b001": {
        "type": "standard",
        "state": "success"
      }
    }
  },
  "font_size": 12,
  "last_updated": "2023-04-03T04:37:10.515Z",
  "last_updated_by": {
    "provenance": "local_aaa",
    "username": "admin@pronghorn",
    "firstname": "admin",
    "inactive": false
  },
  "lastUpdatedVersion": "5.44.64-2022.1.27.0",
  "inputSchema": {
    "type": "object",
    "properties": {
      "kafka_payload": {
        "type": [
          "array",
          "boolean",
          "null",
          "number",
          "object",
          "string"
        ]
      }
    },
    "required": [
      "kafka_payload"
    ]
  },
  "outputSchema": {
    "type": "object",
    "properties": {
      "kafka_payload": {
        "type": [
          "array",
          "boolean",
          "null",
          "number",
          "object",
          "string"
        ]
      },
      "_id": {
        "type": "string",
        "pattern": "^[0-9a-f]{24}$"
      },
      "initiator": {
        "type": "string"
      }
    }
  },
  "created": "2023-04-03T04:22:16.330Z",
  "created_by": {
    "provenance": "local_aaa",
    "username": "admin@pronghorn",
    "firstname": "admin",
    "inactive": false
  },
  "createdVersion": "5.44.64-2022.1.27.0",
  "tags": [],
  "groups": [],
  "migrationVersion": 1
}