{
  "canvasVersion": 1,
  "created": "2023-03-29T20:02:53.951Z",
  "createdVersion": "5.44.64-2022.1.29.0",
  "created_by": {
    "provenance": "local_aaa",
    "username": "admin@pronghorn",
    "firstname": "admin",
    "inactive": false
  },
  "font_size": 12,
  "inputSchema": {
    "type": "object",
    "properties": {
      "input": {
        "title": "obj",
        "type": "object",
        "properties": {},
        "examples": [
          {
            "name": "value"
          }
        ]
      }
    },
    "required": [
      "input"
    ]
  },
  "lastUpdatedVersion": "5.44.64-2022.1.27.0",
  "last_updated": "2023-03-31T16:29:40.313Z",
  "last_updated_by": {
    "provenance": "local_aaa",
    "username": "admin@pronghorn",
    "firstname": "admin",
    "inactive": false
  },
  "name": "IAG_Inventory_grpc",
  "outputSchema": {
    "type": "object",
    "properties": {
      "input": {
        "title": "obj",
        "type": "object",
        "properties": {},
        "examples": [
          {
            "name": "value"
          }
        ]
      },
      "_id": {
        "type": "string",
        "pattern": "^[0-9a-f]{24}$"
      },
      "initiator": {
        "type": "string"
      },
      "status": {
        "type": "string"
      },
      "reason": {
        "title": "response",
        "type": "string",
        "examples": [
          "awesome"
        ]
      },
      "action": {
        "type": "string"
      },
      "deviceName": {
        "type": "string"
      },
      "success": {
        "type": "boolean"
      },
      "data": {
        "title": "return_data",
        "type": [
          "string",
          "number",
          "object",
          "integer",
          "array",
          "boolean",
          "null"
        ],
        "examples": [
          "value"
        ]
      },
      "error": {
        "title": "return_data",
        "type": [
          "string",
          "number",
          "object",
          "integer",
          "array",
          "boolean",
          "null"
        ],
        "examples": [
          "value"
        ]
      },
      "updateData": {
        "type": "object",
        "properties": {
          "additionalProp1": {
            "type": "object",
            "properties": {}
          },
          "host": {
            "type": "string"
          },
          "insecure": {
            "type": "boolean"
          },
          "password": {
            "type": "string"
          },
          "port": {
            "type": "number"
          },
          "username": {
            "type": "string"
          }
        }
      },
      "inputTEST": {
        "type": "object",
        "properties": {
          "action": {
            "type": "string"
          },
          "deviceName": {
            "type": "string"
          },
          "updateData": {
            "type": "object",
            "properties": {
              "additionalProp1": {
                "type": "object",
                "properties": {}
              },
              "host": {
                "type": "string"
              },
              "insecure": {
                "type": "boolean"
              },
              "password": {
                "type": "string"
              },
              "port": {
                "type": "number"
              },
              "username": {
                "type": "string"
              }
            }
          }
        }
      },
      "validateState": {
        "type": "boolean"
      }
    }
  },
  "preAutomationTime": 0,
  "sla": 0,
  "tasks": {
    "1985": {
      "name": "stub",
      "canvasName": "stub",
      "summary": "Stub - Update Inventory",
      "description": "Stub - Update Inventory",
      "location": "Application",
      "locationType": null,
      "app": "WorkFlowEngine",
      "type": "automatic",
      "displayName": "Tools",
      "variables": {
        "incoming": {
          "type": "success",
          "delay": "",
          "response": "true"
        },
        "outgoing": {
          "response": null
        },
        "error": "",
        "decorators": []
      },
      "deprecated": false,
      "groups": [],
      "actor": "Pronghorn",
      "x": 0.7798165137614679,
      "y": 1.3522205206738132,
      "scheduled": false
    },
    "3312": {
      "name": "evaluation",
      "canvasName": "evaluation",
      "summary": "Eval : Validation result",
      "description": "Eval : Validation result",
      "location": "Application",
      "locationType": null,
      "app": "WorkFlowEngine",
      "type": "operation",
      "displayName": "WorkFlowEngine",
      "variables": {
        "incoming": {
          "all_true_flag": false,
          "evaluation_groups": [
            {
              "all_true_flag": false,
              "evaluations": [
                {
                  "query": "success",
                  "operand_1": {
                    "variable": "job_details",
                    "task": "105c"
                  },
                  "operator": "==",
                  "operand_2": {
                    "variable": true,
                    "task": "static"
                  },
                  "rightQuery": ""
                }
              ]
            }
          ]
        },
        "outgoing": {
          "return_value": null
        }
      },
      "deprecated": false,
      "groups": [],
      "x": 0.41559633027522935,
      "y": 0.9065849923430321
    },
    "4353": {
      "name": "merge",
      "canvasName": "merge",
      "summary": "Place Holder - MV",
      "description": "Place Holder - MV",
      "location": "Application",
      "locationType": null,
      "app": "WorkFlowEngine",
      "type": "operation",
      "displayName": "WorkFlowEngine",
      "variables": {
        "incoming": {
          "data_to_merge": [
            {
              "key": "",
              "value": {
                "task": "static",
                "variable": ""
              }
            }
          ]
        },
        "outgoing": {
          "merged_object": null
        }
      },
      "deprecated": false,
      "groups": [],
      "x": 1.4074823053589485,
      "y": 2.419924337957125
    },
    "5352": {
      "name": "newVariable",
      "canvasName": "newVariable",
      "summary": "Create a Job Variable",
      "description": "Create a new Job variable by Job ID and assign it a value.",
      "location": "Application",
      "locationType": null,
      "app": "WorkFlowEngine",
      "type": "operation",
      "displayName": "WorkFlowEngine",
      "variables": {
        "incoming": {
          "name": "status",
          "value": "success"
        },
        "outgoing": {
          "value": null
        }
      },
      "deprecated": false,
      "groups": [],
      "x": -0.23211009174311928,
      "y": 0.3093415007656968
    },
    "5777": {
      "name": "stub",
      "canvasName": "stub",
      "summary": "Error Handling",
      "description": "Error Handling",
      "location": "Application",
      "locationType": null,
      "app": "WorkFlowEngine",
      "type": "automatic",
      "displayName": "Tools",
      "variables": {
        "incoming": {
          "type": "error",
          "delay": "",
          "response": "Validation. WF failed"
        },
        "outgoing": {
          "response": "$var.job.reason"
        },
        "error": "",
        "decorators": []
      },
      "deprecated": false,
      "groups": [],
      "actor": "Pronghorn",
      "x": 0.3541284403669725,
      "y": 1.3675344563552834,
      "scheduled": false
    },
    "7258": {
      "name": "newVariable",
      "canvasName": "newVariable",
      "summary": "Create a Job Variable",
      "description": "Create a new Job variable by Job ID and assign it a value.",
      "location": "Application",
      "locationType": null,
      "app": "WorkFlowEngine",
      "type": "operation",
      "displayName": "WorkFlowEngine",
      "variables": {
        "incoming": {
          "name": "action",
          "value": "list"
        },
        "outgoing": {
          "value": null
        }
      },
      "deprecated": false,
      "groups": [],
      "x": 0.11100917431192661,
      "y": 0.41500765696784075
    },
    "9073": {
      "name": "newVariable",
      "canvasName": "newVariable",
      "summary": "Create a Job Variable",
      "description": "Create a new Job variable by Job ID and assign it a value.",
      "location": "Application",
      "locationType": null,
      "app": "WorkFlowEngine",
      "type": "operation",
      "displayName": "WorkFlowEngine",
      "variables": {
        "incoming": {
          "name": "deviceName",
          "value": "jill"
        },
        "outgoing": {
          "value": null
        }
      },
      "deprecated": false,
      "groups": [],
      "x": 0.12844036697247707,
      "y": 0.3093415007656968
    },
    "workflow_start": {
      "name": "workflow_start",
      "groups": [],
      "x": -0.37522935779816513,
      "y": 0.5068912710566615
    },
    "workflow_end": {
      "name": "workflow_end",
      "groups": [],
      "x": 1.9495412844036697,
      "y": 0.5865237366003063
    },
    "c8c8": {
      "name": "evaluation",
      "canvasName": "evaluation",
      "summary": "Action : list",
      "description": "Action : list",
      "location": "Application",
      "locationType": null,
      "app": "WorkFlowEngine",
      "type": "operation",
      "displayName": "WorkFlowEngine",
      "variables": {
        "incoming": {
          "all_true_flag": false,
          "evaluation_groups": [
            {
              "all_true_flag": false,
              "evaluations": [
                {
                  "query": "",
                  "operand_1": {
                    "variable": "action",
                    "task": "job"
                  },
                  "operator": "==",
                  "operand_2": {
                    "variable": "list",
                    "task": "static"
                  },
                  "rightQuery": ""
                }
              ]
            }
          ]
        },
        "outgoing": {
          "return_value": null
        }
      },
      "deprecated": false,
      "groups": [],
      "x": 0.5944954128440367,
      "y": 0.5911179173047473
    },
    "a0dc": {
      "name": "stub",
      "canvasName": "stub",
      "summary": "Error Handling",
      "description": "Error Handling",
      "location": "Application",
      "locationType": null,
      "app": "WorkFlowEngine",
      "type": "automatic",
      "displayName": "Tools",
      "variables": {
        "incoming": {
          "type": "error",
          "delay": "",
          "response": "Failed to Query Input obj"
        },
        "outgoing": {
          "response": "$var.job.reason"
        },
        "error": "",
        "decorators": []
      },
      "deprecated": false,
      "groups": [],
      "actor": "Pronghorn",
      "x": 0.024770642201834864,
      "y": 1.3169984686064318,
      "scheduled": false
    },
    "e5e8": {
      "name": "stub",
      "canvasName": "stub",
      "summary": "Error Handling",
      "description": "Error Handling",
      "location": "Application",
      "locationType": null,
      "app": "WorkFlowEngine",
      "type": "automatic",
      "displayName": "Tools",
      "variables": {
        "incoming": {
          "type": "success",
          "delay": "",
          "response": "Unknown Action"
        },
        "outgoing": {
          "response": "$var.job.reason"
        },
        "error": "",
        "decorators": []
      },
      "deprecated": false,
      "groups": [],
      "actor": "Pronghorn",
      "x": 0.5871559633027523,
      "y": 2.777947932618683,
      "scheduled": false
    },
    "15c2": {
      "name": "newVariable",
      "canvasName": "newVariable",
      "summary": "Create a Job Variable",
      "description": "Create a new Job variable by Job ID and assign it a value.",
      "location": "Application",
      "locationType": null,
      "app": "WorkFlowEngine",
      "type": "operation",
      "displayName": "WorkFlowEngine",
      "variables": {
        "incoming": {
          "name": "success",
          "value": true
        },
        "outgoing": {
          "value": null
        }
      },
      "deprecated": false,
      "groups": [],
      "x": -0.26972477064220185,
      "y": 0.5053598774885145
    },
    "625c": {
      "name": "merge",
      "canvasName": "merge",
      "summary": "Results",
      "description": "Results Obj",
      "location": "Application",
      "locationType": null,
      "app": "WorkFlowEngine",
      "type": "operation",
      "displayName": "WorkFlowEngine",
      "variables": {
        "incoming": {
          "data_to_merge": [
            {
              "key": "success",
              "value": {
                "task": "job",
                "variable": "success",
                "editable": false
              }
            },
            {
              "key": "reason",
              "value": {
                "task": "job",
                "variable": "reason",
                "editable": false
              }
            },
            {
              "key": "status",
              "value": {
                "task": "job",
                "variable": "status"
              }
            },
            {
              "key": "data",
              "value": {
                "task": "job",
                "variable": "data"
              }
            },
            {
              "key": "error",
              "value": {
                "task": "job",
                "variable": "error"
              }
            }
          ]
        },
        "outgoing": {
          "merged_object": null
        }
      },
      "deprecated": false,
      "groups": [],
      "x": 1.663302752293578,
      "y": 0.5972434915773354
    },
    "45b8": {
      "name": "newVariable",
      "canvasName": "newVariable",
      "summary": "Create a Job Variable",
      "description": "Create a new Job variable by Job ID and assign it a value.",
      "location": "Application",
      "locationType": null,
      "app": "WorkFlowEngine",
      "type": "operation",
      "displayName": "WorkFlowEngine",
      "variables": {
        "incoming": {
          "name": "status",
          "value": "failure"
        },
        "outgoing": {
          "value": null
        }
      },
      "deprecated": false,
      "groups": [],
      "x": 1.6853211009174311,
      "y": 2.560490045941807
    },
    "239b": {
      "name": "newVariable",
      "canvasName": "newVariable",
      "summary": "Create a Job Variable",
      "description": "Create a new Job variable by Job ID and assign it a value.",
      "location": "Application",
      "locationType": null,
      "app": "WorkFlowEngine",
      "type": "operation",
      "displayName": "WorkFlowEngine",
      "variables": {
        "incoming": {
          "name": "success",
          "value": false
        },
        "outgoing": {
          "value": null
        }
      },
      "deprecated": false,
      "groups": [],
      "x": 1.681651376146789,
      "y": 2.349157733537519
    },
    "5a33": {
      "name": "newVariable",
      "canvasName": "newVariable",
      "summary": "Create a Job Variable",
      "description": "Create a new Job variable by Job ID and assign it a value.",
      "location": "Application",
      "locationType": null,
      "app": "WorkFlowEngine",
      "type": "operation",
      "displayName": "WorkFlowEngine",
      "variables": {
        "incoming": {
          "name": "reason",
          "value": "default"
        },
        "outgoing": {
          "value": null
        }
      },
      "deprecated": false,
      "groups": [],
      "x": -0.25137614678899084,
      "y": 0.40428790199081166
    },
    "87cc": {
      "name": "stub",
      "canvasName": "stub",
      "summary": "README",
      "description": "All grpc inventory calls entry point (CRUD)\ninputs: \naction:            string [ list, validate/read, add, update, delete ]\ndeviceName:   \"hostname\"\"\nupdateData    \"device configuration\"\n{\n  \"action\": \"list\",\n  \"deviceName\": \"jill\",\n  \"updateData\": {\n    \"additionalProp1\": {},\n    \"host\": \"172.20.100.214\",\n    \"insecure\": true,\n    \"password\": \"itential\",\n    \"port\": 57777,\n    \"username\": \"itential\"\n   }\n}",
      "location": "Application",
      "locationType": null,
      "app": "WorkFlowEngine",
      "type": "automatic",
      "displayName": "Tools",
      "variables": {
        "incoming": {
          "type": "success",
          "delay": "",
          "response": "success"
        },
        "outgoing": {
          "response": null
        },
        "error": "",
        "decorators": []
      },
      "deprecated": false,
      "groups": [],
      "actor": "Pronghorn",
      "x": -0.3706422018348624,
      "y": 0.09341500765696784,
      "scheduled": false
    },
    "85c0": {
      "name": "newVariable",
      "canvasName": "newVariable",
      "summary": "Create a Job Variable",
      "description": "Create a new Job variable by Job ID and assign it a value.",
      "location": "Application",
      "locationType": null,
      "app": "WorkFlowEngine",
      "type": "operation",
      "displayName": "WorkFlowEngine",
      "variables": {
        "incoming": {
          "name": "updateData",
          "value": {
            "additionalProp1": {},
            "host": "172.20.100.214",
            "insecure": true,
            "password": "itential",
            "port": 57777,
            "username": "itential"
          }
        },
        "outgoing": {
          "value": null
        }
      },
      "deprecated": false,
      "groups": [],
      "x": 0.14678899082568808,
      "y": 0.19142419601837674
    },
    "ea89": {
      "name": "query",
      "canvasName": "query",
      "summary": "Query action",
      "description": "Query action",
      "location": "Application",
      "locationType": null,
      "app": "WorkFlowEngine",
      "type": "operation",
      "displayName": "WorkFlowEngine",
      "variables": {
        "incoming": {
          "pass_on_null": false,
          "query": "action",
          "obj": "$var.job.input"
        },
        "outgoing": {
          "return_data": "$var.job.action"
        },
        "error": "$var.job.error",
        "decorators": []
      },
      "deprecated": false,
      "groups": [],
      "x": -0.01651376146788991,
      "y": 0.5267993874425727,
      "scheduled": false
    },
    "6c87": {
      "name": "query",
      "canvasName": "query",
      "summary": "Query updateData",
      "description": "Query updateData",
      "location": "Application",
      "locationType": null,
      "app": "WorkFlowEngine",
      "type": "operation",
      "displayName": "WorkFlowEngine",
      "variables": {
        "incoming": {
          "pass_on_null": false,
          "query": "updateData",
          "obj": "$var.job.input"
        },
        "outgoing": {
          "return_data": "$var.job.updateData"
        },
        "error": "$var.job.error",
        "decorators": []
      },
      "deprecated": false,
      "groups": [],
      "x": 0.046788990825688076,
      "y": 0.5849923430321593,
      "scheduled": false
    },
    "cd42": {
      "name": "query",
      "canvasName": "query",
      "summary": "Query deviceName",
      "description": "Query deviceName",
      "location": "Application",
      "locationType": null,
      "app": "WorkFlowEngine",
      "type": "operation",
      "displayName": "WorkFlowEngine",
      "variables": {
        "incoming": {
          "pass_on_null": false,
          "query": "deviceName",
          "obj": "$var.job.input"
        },
        "outgoing": {
          "return_data": "$var.job.deviceName"
        },
        "error": "$var.job.error",
        "decorators": []
      },
      "deprecated": false,
      "groups": [],
      "x": 0.022018348623853212,
      "y": 0.45941807044410415,
      "scheduled": false
    },
    "83b": {
      "name": "newVariable",
      "canvasName": "newVariable",
      "summary": "Create a Job Variable",
      "description": "Create a new Job variable by Job ID and assign it a value.",
      "location": "Application",
      "locationType": null,
      "app": "WorkFlowEngine",
      "type": "operation",
      "displayName": "WorkFlowEngine",
      "variables": {
        "incoming": {
          "name": "inputTEST",
          "value": {
            "action": "list",
            "deviceName": "jill",
            "updateData": {
              "additionalProp1": {},
              "host": "172.20.100.214",
              "insecure": true,
              "password": "itential",
              "port": 57777,
              "username": "itential"
            }
          }
        },
        "outgoing": {
          "value": null
        }
      },
      "deprecated": false,
      "groups": [],
      "x": -0.11284403669724771,
      "y": 0.5252679938744257
    },
    "b6cd": {
      "name": "evaluation",
      "canvasName": "evaluation",
      "summary": "Override and use VAR not input",
      "description": "Override and use VAR not input",
      "location": "Application",
      "locationType": null,
      "app": "WorkFlowEngine",
      "type": "operation",
      "displayName": "WorkFlowEngine",
      "variables": {
        "incoming": {
          "all_true_flag": false,
          "evaluation_groups": [
            {
              "all_true_flag": false,
              "evaluations": [
                {
                  "query": "",
                  "operand_1": {
                    "variable": true,
                    "task": "static"
                  },
                  "operator": "==",
                  "operand_2": {
                    "variable": true,
                    "task": "static"
                  },
                  "rightQuery": ""
                }
              ]
            }
          ]
        },
        "outgoing": {
          "return_value": null
        }
      },
      "deprecated": false,
      "groups": [],
      "x": 0.11192660550458716,
      "y": 0.5666156202143952
    },
    "40a7": {
      "name": "merge",
      "canvasName": "merge",
      "summary": "Place Holder - M1",
      "description": "Place Holder - M1",
      "location": "Application",
      "locationType": null,
      "app": "WorkFlowEngine",
      "type": "operation",
      "displayName": "WorkFlowEngine",
      "variables": {
        "incoming": {
          "data_to_merge": [
            {
              "key": "",
              "value": {
                "task": "static",
                "variable": ""
              }
            }
          ]
        },
        "outgoing": {
          "merged_object": null
        }
      },
      "deprecated": false,
      "groups": [],
      "x": 0.18256880733944955,
      "y": 0.5712098009188361
    },
    "d3ec": {
      "name": "evaluation",
      "canvasName": "evaluation",
      "summary": "Eval - success",
      "description": "Eval - success",
      "location": "Application",
      "locationType": null,
      "app": "WorkFlowEngine",
      "type": "operation",
      "displayName": "WorkFlowEngine",
      "variables": {
        "incoming": {
          "all_true_flag": false,
          "evaluation_groups": [
            {
              "all_true_flag": false,
              "evaluations": [
                {
                  "query": "success",
                  "operand_1": {
                    "variable": "job_details",
                    "task": "69e"
                  },
                  "operator": "==",
                  "operand_2": {
                    "variable": true,
                    "task": "static"
                  },
                  "rightQuery": ""
                }
              ]
            }
          ]
        },
        "outgoing": {
          "return_value": null
        }
      },
      "deprecated": false,
      "groups": [],
      "x": 0.9284403669724771,
      "y": 0.5773353751914242
    },
    "f45a": {
      "name": "merge",
      "canvasName": "merge",
      "summary": "Place Holder - M20",
      "description": "Place Holder - M20",
      "location": "Application",
      "locationType": null,
      "app": "WorkFlowEngine",
      "type": "operation",
      "displayName": "WorkFlowEngine",
      "variables": {
        "incoming": {
          "data_to_merge": [
            {
              "key": "",
              "value": {
                "task": "static",
                "variable": ""
              }
            }
          ]
        },
        "outgoing": {
          "merged_object": null
        }
      },
      "deprecated": false,
      "groups": [],
      "x": 1.301834862385321,
      "y": 0.5849923430321593
    },
    "80d5": {
      "name": "evaluation",
      "canvasName": "evaluation",
      "summary": "Action : update",
      "description": "Action : update",
      "location": "Application",
      "locationType": null,
      "app": "WorkFlowEngine",
      "type": "operation",
      "displayName": "WorkFlowEngine",
      "variables": {
        "incoming": {
          "all_true_flag": false,
          "evaluation_groups": [
            {
              "all_true_flag": true,
              "evaluations": [
                {
                  "query": "",
                  "operand_1": {
                    "variable": "validateState",
                    "task": "job"
                  },
                  "operator": "==",
                  "operand_2": {
                    "variable": true,
                    "task": "static"
                  },
                  "rightQuery": ""
                },
                {
                  "query": "",
                  "operand_1": {
                    "variable": "action",
                    "task": "job"
                  },
                  "operator": "==",
                  "operand_2": {
                    "variable": "update",
                    "task": "static"
                  },
                  "rightQuery": ""
                }
              ]
            }
          ]
        },
        "outgoing": {
          "return_value": null
        }
      },
      "deprecated": false,
      "groups": [],
      "x": 0.5944954128440367,
      "y": 1.3629402756508422
    },
    "f27a": {
      "name": "evaluation",
      "canvasName": "evaluation",
      "summary": "Action : add",
      "description": "Action : add",
      "location": "Application",
      "locationType": null,
      "app": "WorkFlowEngine",
      "type": "operation",
      "displayName": "WorkFlowEngine",
      "variables": {
        "incoming": {
          "all_true_flag": false,
          "evaluation_groups": [
            {
              "all_true_flag": true,
              "evaluations": [
                {
                  "query": "",
                  "operand_1": {
                    "variable": "validateState",
                    "task": "job"
                  },
                  "operator": "==",
                  "operand_2": {
                    "variable": false,
                    "task": "static"
                  },
                  "rightQuery": ""
                },
                {
                  "query": "",
                  "operand_1": {
                    "variable": "action",
                    "task": "job"
                  },
                  "operator": "==",
                  "operand_2": {
                    "variable": "add",
                    "task": "static"
                  },
                  "rightQuery": ""
                }
              ]
            }
          ]
        },
        "outgoing": {
          "return_value": null
        }
      },
      "deprecated": false,
      "groups": [],
      "x": 0.5944954128440367,
      "y": 0.9954058192955589
    },
    "a3f5": {
      "name": "evaluation",
      "canvasName": "evaluation",
      "summary": "Action : delete",
      "description": "Action : delete",
      "location": "Application",
      "locationType": null,
      "app": "WorkFlowEngine",
      "type": "operation",
      "displayName": "WorkFlowEngine",
      "variables": {
        "incoming": {
          "all_true_flag": false,
          "evaluation_groups": [
            {
              "all_true_flag": true,
              "evaluations": [
                {
                  "query": "",
                  "operand_1": {
                    "variable": "validateState",
                    "task": "job"
                  },
                  "operator": "==",
                  "operand_2": {
                    "variable": true,
                    "task": "static"
                  },
                  "rightQuery": ""
                },
                {
                  "query": "",
                  "operand_1": {
                    "variable": "action",
                    "task": "job"
                  },
                  "operator": "==",
                  "operand_2": {
                    "variable": "delete",
                    "task": "static"
                  },
                  "rightQuery": ""
                }
              ]
            }
          ]
        },
        "outgoing": {
          "return_value": null
        }
      },
      "deprecated": false,
      "groups": [],
      "x": 0.5889908256880734,
      "y": 1.7886676875957122
    },
    "b216": {
      "name": "evaluation",
      "canvasName": "evaluation",
      "summary": "Action : Validate {add,update,delete) OR",
      "description": "Action : Validate {add,update,delete) OR",
      "location": "Application",
      "locationType": null,
      "app": "WorkFlowEngine",
      "type": "operation",
      "displayName": "WorkFlowEngine",
      "variables": {
        "incoming": {
          "all_true_flag": false,
          "evaluation_groups": [
            {
              "all_true_flag": true,
              "evaluations": [
                {
                  "query": "",
                  "operand_1": {
                    "variable": "action",
                    "task": "job"
                  },
                  "operator": "!=",
                  "operand_2": {
                    "variable": "add",
                    "task": "static"
                  },
                  "rightQuery": ""
                },
                {
                  "query": "",
                  "operand_1": {
                    "variable": "action",
                    "task": "job"
                  },
                  "operator": "!=",
                  "operand_2": {
                    "variable": "update",
                    "task": "static"
                  },
                  "rightQuery": ""
                },
                {
                  "query": "",
                  "operand_1": {
                    "variable": "action",
                    "task": "job"
                  },
                  "operator": "!=",
                  "operand_2": {
                    "variable": "delete",
                    "task": "static"
                  },
                  "rightQuery": ""
                }
              ]
            }
          ]
        },
        "outgoing": {
          "return_value": null
        }
      },
      "deprecated": false,
      "groups": [],
      "x": 0.3660550458715596,
      "y": 0.5788667687595712
    },
    "9f89": {
      "name": "evaluation",
      "canvasName": "evaluation",
      "summary": "Eval - success",
      "description": "Eval - success",
      "location": "Application",
      "locationType": null,
      "app": "WorkFlowEngine",
      "type": "operation",
      "displayName": "WorkFlowEngine",
      "variables": {
        "incoming": {
          "all_true_flag": false,
          "evaluation_groups": [
            {
              "all_true_flag": false,
              "evaluations": [
                {
                  "query": "success",
                  "operand_1": {
                    "variable": "job_details",
                    "task": "6f3d"
                  },
                  "operator": "==",
                  "operand_2": {
                    "variable": true,
                    "task": "static"
                  },
                  "rightQuery": ""
                }
              ]
            }
          ]
        },
        "outgoing": {
          "return_value": null
        }
      },
      "deprecated": false,
      "groups": [],
      "x": 0.9348623853211009,
      "y": 0.9954058192955589
    },
    "7c86": {
      "name": "merge",
      "canvasName": "merge",
      "summary": "Place Holder - MA",
      "description": "Place Holder - MA",
      "location": "Application",
      "locationType": null,
      "app": "WorkFlowEngine",
      "type": "operation",
      "displayName": "WorkFlowEngine",
      "variables": {
        "incoming": {
          "data_to_merge": [
            {
              "key": "",
              "value": {
                "task": "static",
                "variable": ""
              }
            }
          ]
        },
        "outgoing": {
          "merged_object": null
        }
      },
      "deprecated": false,
      "groups": [],
      "x": 1.3098360655737704,
      "y": 1.006201550387597
    },
    "c972": {
      "name": "merge",
      "canvasName": "merge",
      "summary": "Place Holder - MU",
      "description": "Place Holder - MU",
      "location": "Application",
      "locationType": null,
      "app": "WorkFlowEngine",
      "type": "operation",
      "displayName": "WorkFlowEngine",
      "variables": {
        "incoming": {
          "data_to_merge": [
            {
              "key": "",
              "value": {
                "task": "static",
                "variable": ""
              }
            }
          ]
        },
        "outgoing": {
          "merged_object": null
        }
      },
      "deprecated": false,
      "groups": [],
      "x": 1.3110091743119265,
      "y": 1.3537519142419603
    },
    "2acf": {
      "name": "evaluation",
      "canvasName": "evaluation",
      "summary": "Eval - success",
      "description": "Eval - success",
      "location": "Application",
      "locationType": null,
      "app": "WorkFlowEngine",
      "type": "operation",
      "displayName": "WorkFlowEngine",
      "variables": {
        "incoming": {
          "all_true_flag": false,
          "evaluation_groups": [
            {
              "all_true_flag": false,
              "evaluations": [
                {
                  "query": "",
                  "operand_1": {
                    "variable": "action",
                    "task": "job"
                  },
                  "operator": "==",
                  "operand_2": {
                    "variable": true,
                    "task": "static"
                  },
                  "rightQuery": ""
                }
              ]
            }
          ]
        },
        "outgoing": {
          "return_value": null
        }
      },
      "deprecated": false,
      "groups": [],
      "x": 0.9477064220183486,
      "y": 1.3476263399693722
    },
    "e403": {
      "name": "evaluation",
      "canvasName": "evaluation",
      "summary": "Eval - success",
      "description": "Eval - success",
      "location": "Application",
      "locationType": null,
      "app": "WorkFlowEngine",
      "type": "operation",
      "displayName": "WorkFlowEngine",
      "variables": {
        "incoming": {
          "all_true_flag": false,
          "evaluation_groups": [
            {
              "all_true_flag": false,
              "evaluations": [
                {
                  "query": "success",
                  "operand_1": {
                    "variable": "job_details",
                    "task": "2ba3"
                  },
                  "operator": "==",
                  "operand_2": {
                    "variable": true,
                    "task": "static"
                  },
                  "rightQuery": ""
                }
              ]
            }
          ]
        },
        "outgoing": {
          "return_value": null
        }
      },
      "deprecated": false,
      "groups": [],
      "x": 0.9422018348623853,
      "y": 1.781010719754977
    },
    "21b9": {
      "name": "merge",
      "canvasName": "merge",
      "summary": "Place Holder - MD",
      "description": "Place Holder - MD",
      "location": "Application",
      "locationType": null,
      "app": "WorkFlowEngine",
      "type": "operation",
      "displayName": "WorkFlowEngine",
      "variables": {
        "incoming": {
          "data_to_merge": [
            {
              "key": "",
              "value": {
                "task": "static",
                "variable": ""
              }
            }
          ]
        },
        "outgoing": {
          "merged_object": null
        }
      },
      "deprecated": false,
      "groups": [],
      "x": 1.3128440366972478,
      "y": 1.790199081163859
    },
    "1ed2": {
      "name": "merge",
      "canvasName": "merge",
      "summary": "Place Holder - E1",
      "description": "Place Holder - E1",
      "location": "Application",
      "locationType": null,
      "app": "WorkFlowEngine",
      "type": "operation",
      "displayName": "WorkFlowEngine",
      "variables": {
        "incoming": {
          "data_to_merge": [
            {
              "key": "",
              "value": {
                "task": "static",
                "variable": ""
              }
            }
          ]
        },
        "outgoing": {
          "merged_object": null
        }
      },
      "deprecated": false,
      "groups": [],
      "x": 0.3706422018348624,
      "y": 2.771822358346095
    },
    "7d16": {
      "name": "merge",
      "canvasName": "merge",
      "summary": "Place Holder - E99",
      "description": "Place Holder - E99",
      "location": "Application",
      "locationType": null,
      "app": "WorkFlowEngine",
      "type": "operation",
      "displayName": "WorkFlowEngine",
      "variables": {
        "incoming": {
          "data_to_merge": [
            {
              "key": "",
              "value": {
                "task": "static",
                "variable": ""
              }
            }
          ]
        },
        "outgoing": {
          "merged_object": null
        }
      },
      "deprecated": false,
      "groups": [],
      "x": 1.6807339449541285,
      "y": 2.7993874425727414
    },
    "34d": {
      "name": "newVariable",
      "canvasName": "newVariable",
      "summary": "Create a Job Variable",
      "description": "Create a new Job variable by Job ID and assign it a value.",
      "location": "Application",
      "locationType": null,
      "app": "WorkFlowEngine",
      "type": "operation",
      "displayName": "WorkFlowEngine",
      "variables": {
        "incoming": {
          "name": "validateState",
          "value": true
        },
        "outgoing": {
          "value": null
        }
      },
      "deprecated": false,
      "groups": [],
      "x": 0.4954128440366973,
      "y": 0.77947932618683
    },
    "4eff": {
      "name": "newVariable",
      "canvasName": "newVariable",
      "summary": "Create a Job Variable",
      "description": "Create a new Job variable by Job ID and assign it a value.",
      "location": "Application",
      "locationType": null,
      "app": "WorkFlowEngine",
      "type": "operation",
      "displayName": "WorkFlowEngine",
      "variables": {
        "incoming": {
          "name": "validateState",
          "value": false
        },
        "outgoing": {
          "value": null
        }
      },
      "deprecated": false,
      "groups": [],
      "x": 0.4935779816513762,
      "y": 0.9632465543644717
    },
    "193a": {
      "name": "newVariable",
      "canvasName": "newVariable",
      "summary": "Create a Job Variable",
      "description": "Create a new Job variable by Job ID and assign it a value.",
      "location": "Application",
      "locationType": null,
      "app": "WorkFlowEngine",
      "type": "operation",
      "displayName": "WorkFlowEngine",
      "variables": {
        "incoming": {
          "name": "validateState",
          "value": true
        },
        "outgoing": {
          "value": null
        }
      },
      "deprecated": false,
      "groups": [],
      "x": -0.11009174311926606,
      "y": 0.35068912710566613
    },
    "fe7b": {
      "name": "evaluation",
      "canvasName": "evaluation",
      "summary": "Action : Validation failure - Device NOT found",
      "description": "Action : Validation failure - Device NOT found",
      "location": "Application",
      "locationType": null,
      "app": "WorkFlowEngine",
      "type": "operation",
      "displayName": "WorkFlowEngine",
      "variables": {
        "incoming": {
          "all_true_flag": false,
          "evaluation_groups": [
            {
              "all_true_flag": true,
              "evaluations": [
                {
                  "query": "",
                  "operand_1": {
                    "variable": "action",
                    "task": "job"
                  },
                  "operator": "==",
                  "operand_2": {
                    "variable": "delete",
                    "task": "static"
                  },
                  "rightQuery": ""
                },
                {
                  "query": "",
                  "operand_1": {
                    "variable": "validateState",
                    "task": "job"
                  },
                  "operator": "==",
                  "operand_2": {
                    "variable": false,
                    "task": "static"
                  },
                  "rightQuery": ""
                }
              ]
            },
            {
              "all_true_flag": true,
              "evaluations": [
                {
                  "query": "",
                  "operand_1": {
                    "variable": "action",
                    "task": "job"
                  },
                  "operator": "==",
                  "operand_2": {
                    "variable": "update",
                    "task": "static"
                  },
                  "rightQuery": ""
                },
                {
                  "query": "",
                  "operand_1": {
                    "variable": "validateState",
                    "task": "job"
                  },
                  "operator": "==",
                  "operand_2": {
                    "variable": false,
                    "task": "static"
                  },
                  "rightQuery": ""
                }
              ]
            }
          ]
        },
        "outgoing": {
          "return_value": null
        }
      },
      "deprecated": false,
      "groups": [],
      "x": 0.5862385321100917,
      "y": 2.3843797856049003
    },
    "4e23": {
      "name": "stub",
      "canvasName": "stub",
      "summary": "Stub - Validation No DeviceFound",
      "description": "Stub - Validation No DeviceFound",
      "location": "Application",
      "locationType": null,
      "app": "WorkFlowEngine",
      "type": "automatic",
      "displayName": "Tools",
      "variables": {
        "incoming": {
          "type": "success",
          "delay": "",
          "response": "Device NOT found"
        },
        "outgoing": {
          "response": null
        },
        "error": "",
        "decorators": []
      },
      "deprecated": false,
      "groups": [],
      "actor": "Pronghorn",
      "x": 0.7798165137614679,
      "y": 2.3889739663093414,
      "scheduled": false
    },
    "c598": {
      "name": "newVariable",
      "canvasName": "newVariable",
      "summary": "Create a Job Variable",
      "description": "Create a new Job variable by Job ID and assign it a value.",
      "location": "Application",
      "locationType": null,
      "app": "WorkFlowEngine",
      "type": "operation",
      "displayName": "WorkFlowEngine",
      "variables": {
        "incoming": {
          "name": "data",
          "value": {}
        },
        "outgoing": {
          "value": null
        }
      },
      "deprecated": false,
      "groups": [],
      "x": -0.21376146788990827,
      "y": 0.1990811638591118
    },
    "fefe": {
      "name": "newVariable",
      "canvasName": "newVariable",
      "summary": "Create a Job Variable",
      "description": "Create a new Job variable by Job ID and assign it a value.",
      "location": "Application",
      "locationType": null,
      "app": "WorkFlowEngine",
      "type": "operation",
      "displayName": "WorkFlowEngine",
      "variables": {
        "incoming": {
          "name": "error",
          "value": {}
        },
        "outgoing": {
          "value": null
        }
      },
      "deprecated": false,
      "groups": [],
      "x": -0.11284403669724771,
      "y": 0.20367534456355282
    },
    "3ed1": {
      "name": "merge",
      "canvasName": "merge",
      "summary": "Place Holder - E10",
      "description": "Place Holder - E10",
      "location": "Application",
      "locationType": null,
      "app": "WorkFlowEngine",
      "type": "operation",
      "displayName": "WorkFlowEngine",
      "variables": {
        "incoming": {
          "data_to_merge": [
            {
              "key": "",
              "value": {
                "task": "static",
                "variable": ""
              }
            }
          ]
        },
        "outgoing": {
          "merged_object": null
        }
      },
      "deprecated": false,
      "groups": [],
      "x": 1.4779816513761468,
      "y": 0.8024502297090352
    },
    "f4a1": {
      "name": "newVariable",
      "canvasName": "newVariable",
      "summary": "Create a Job Variable",
      "description": "Create a new Job variable by Job ID and assign it a value.",
      "location": "Application",
      "locationType": null,
      "app": "WorkFlowEngine",
      "type": "operation",
      "displayName": "WorkFlowEngine",
      "variables": {
        "incoming": {
          "name": "reason",
          "value": "Inventory List - Failed - host not found"
        },
        "outgoing": {
          "value": null
        }
      },
      "deprecated": false,
      "groups": [],
      "x": 0.9321100917431193,
      "y": 0.8039816232771823
    },
    "1cf6": {
      "name": "newVariable",
      "canvasName": "newVariable",
      "summary": "Create a Job Variable",
      "description": "Create a new Job variable by Job ID and assign it a value.",
      "location": "Application",
      "locationType": null,
      "app": "WorkFlowEngine",
      "type": "operation",
      "displayName": "WorkFlowEngine",
      "variables": {
        "incoming": {
          "name": "reason",
          "value": "Inventory Add host/device failed"
        },
        "outgoing": {
          "value": null
        }
      },
      "deprecated": false,
      "groups": [],
      "x": 0.944954128440367,
      "y": 1.1929555895865238
    },
    "eb91": {
      "name": "merge",
      "canvasName": "merge",
      "summary": "Place Holder - E20",
      "description": "Place Holder - E20",
      "location": "Application",
      "locationType": null,
      "app": "WorkFlowEngine",
      "type": "operation",
      "displayName": "WorkFlowEngine",
      "variables": {
        "incoming": {
          "data_to_merge": [
            {
              "key": "",
              "value": {
                "task": "static",
                "variable": ""
              }
            }
          ]
        },
        "outgoing": {
          "merged_object": null
        }
      },
      "deprecated": false,
      "groups": [],
      "x": 1.4807339449541284,
      "y": 1.1898928024502298
    },
    "2e5c": {
      "name": "newVariable",
      "canvasName": "newVariable",
      "summary": "Create a Job Variable",
      "description": "Create a new Job variable by Job ID and assign it a value.",
      "location": "Application",
      "locationType": null,
      "app": "WorkFlowEngine",
      "type": "operation",
      "displayName": "WorkFlowEngine",
      "variables": {
        "incoming": {
          "name": "reason",
          "value": "default"
        },
        "outgoing": {
          "value": null
        }
      },
      "deprecated": false,
      "groups": [],
      "x": 0.9513761467889909,
      "y": 1.5758039816232772
    },
    "6bed": {
      "name": "merge",
      "canvasName": "merge",
      "summary": "Place Holder - E30",
      "description": "Place Holder - E30",
      "location": "Application",
      "locationType": null,
      "app": "WorkFlowEngine",
      "type": "operation",
      "displayName": "WorkFlowEngine",
      "variables": {
        "incoming": {
          "data_to_merge": [
            {
              "key": "",
              "value": {
                "task": "static",
                "variable": ""
              }
            }
          ]
        },
        "outgoing": {
          "merged_object": null
        }
      },
      "deprecated": false,
      "groups": [],
      "x": 1.4788990825688073,
      "y": 1.5758039816232772
    },
    "22a0": {
      "name": "newVariable",
      "canvasName": "newVariable",
      "summary": "Create a Job Variable",
      "description": "Create a new Job variable by Job ID and assign it a value.",
      "location": "Application",
      "locationType": null,
      "app": "WorkFlowEngine",
      "type": "operation",
      "displayName": "WorkFlowEngine",
      "variables": {
        "incoming": {
          "name": "reason",
          "value": "inventory delete host failed"
        },
        "outgoing": {
          "value": null
        }
      },
      "deprecated": false,
      "groups": [],
      "x": 0.9412844036697248,
      "y": 2.019908116385911
    },
    "fd63": {
      "name": "merge",
      "canvasName": "merge",
      "summary": "Place Holder - E40",
      "description": "Place Holder - E40",
      "location": "Application",
      "locationType": null,
      "app": "WorkFlowEngine",
      "type": "operation",
      "displayName": "WorkFlowEngine",
      "variables": {
        "incoming": {
          "data_to_merge": [
            {
              "key": "",
              "value": {
                "task": "static",
                "variable": ""
              }
            }
          ]
        },
        "outgoing": {
          "merged_object": null
        }
      },
      "deprecated": false,
      "groups": [],
      "x": 1.481651376146789,
      "y": 2.01531393568147
    },
    "f27d": {
      "name": "merge",
      "canvasName": "merge",
      "summary": "Place Holder - E90",
      "description": "Place Holder - E90",
      "location": "Application",
      "locationType": null,
      "app": "WorkFlowEngine",
      "type": "operation",
      "displayName": "WorkFlowEngine",
      "variables": {
        "incoming": {
          "data_to_merge": [
            {
              "key": "",
              "value": {
                "task": "static",
                "variable": ""
              }
            }
          ]
        },
        "outgoing": {
          "merged_object": null
        }
      },
      "deprecated": false,
      "groups": [],
      "x": 1.4883720930232558,
      "y": 2.8045397225725095
    },
    "69e": {
      "name": "childJob",
      "canvasName": "childJob",
      "summary": "Run Child Job - inventory List",
      "description": "- inventory List",
      "location": "Application",
      "locationType": null,
      "app": "WorkFlowEngine",
      "type": "operation",
      "displayName": "WorkFlowEngine",
      "variables": {
        "incoming": {
          "task": "",
          "workflow": "inventory_rpc_list",
          "variables": {
            "input": {
              "editable": true,
              "task": "ef88",
              "value": "merged_object"
            }
          },
          "data_array": "",
          "transformation": "",
          "loopType": ""
        },
        "outgoing": {
          "job_details": null
        }
      },
      "deprecated": false,
      "groups": [],
      "actor": "job",
      "x": 0.7761467889908257,
      "y": 0.5788667687595712
    },
    "ef88": {
      "name": "merge",
      "canvasName": "merge",
      "summary": "merge List input",
      "description": "merge List input",
      "location": "Application",
      "locationType": null,
      "app": "WorkFlowEngine",
      "type": "operation",
      "displayName": "WorkFlowEngine",
      "variables": {
        "incoming": {
          "data_to_merge": [
            {
              "key": "host",
              "value": {
                "task": "job",
                "variable": "deviceName"
              }
            }
          ]
        },
        "outgoing": {
          "merged_object": null
        }
      },
      "deprecated": false,
      "groups": [],
      "x": 0.28256880733944956,
      "y": 0.5803981623277182
    },
    "105c": {
      "name": "childJob",
      "canvasName": "childJob",
      "summary": "Run Child Job - inventory Validate",
      "description": "inventory Validate == list",
      "location": "Application",
      "locationType": null,
      "app": "WorkFlowEngine",
      "type": "operation",
      "displayName": "WorkFlowEngine",
      "variables": {
        "incoming": {
          "task": "",
          "workflow": "inventory_rpc_list",
          "variables": {
            "input": {
              "editable": true,
              "task": "ef88",
              "value": "merged_object"
            }
          },
          "data_array": "",
          "transformation": "",
          "loopType": ""
        },
        "outgoing": {
          "job_details": null
        }
      },
      "deprecated": false,
      "groups": [],
      "actor": "job",
      "x": 0.3440366972477064,
      "y": 0.7672281776416539
    },
    "2ba3": {
      "name": "childJob",
      "canvasName": "childJob",
      "summary": "Run Child Job - inventory delete",
      "description": "-  inventory delete",
      "location": "Application",
      "locationType": null,
      "app": "WorkFlowEngine",
      "type": "operation",
      "displayName": "WorkFlowEngine",
      "variables": {
        "incoming": {
          "task": "",
          "workflow": "inventory_rpc_delete",
          "variables": {
            "input": {
              "editable": true,
              "task": "ef88",
              "value": "merged_object"
            }
          },
          "data_array": "",
          "transformation": "",
          "loopType": ""
        },
        "outgoing": {
          "job_details": null
        }
      },
      "deprecated": false,
      "groups": [],
      "actor": "job",
      "x": 0.7605504587155963,
      "y": 1.776416539050536
    },
    "6f3d": {
      "name": "childJob",
      "canvasName": "childJob",
      "summary": "Run Child Job - inventory Add",
      "description": "- inventory List",
      "location": "Application",
      "locationType": null,
      "app": "WorkFlowEngine",
      "type": "operation",
      "displayName": "WorkFlowEngine",
      "variables": {
        "incoming": {
          "task": "",
          "workflow": "inventory_rpc_add",
          "variables": {
            "input": {
              "editable": true,
              "task": "9ec5",
              "value": "merged_object"
            }
          },
          "data_array": "",
          "transformation": "",
          "loopType": ""
        },
        "outgoing": {
          "job_details": null
        }
      },
      "deprecated": false,
      "groups": [],
      "actor": "job",
      "x": 0.7752293577981652,
      "y": 1.006125574272588
    },
    "9ec5": {
      "name": "merge",
      "canvasName": "merge",
      "summary": "merge Add input",
      "description": "merge Add input",
      "location": "Application",
      "locationType": null,
      "app": "WorkFlowEngine",
      "type": "operation",
      "displayName": "WorkFlowEngine",
      "variables": {
        "incoming": {
          "data_to_merge": [
            {
              "key": "host",
              "value": {
                "task": "job",
                "variable": "deviceName"
              }
            },
            {
              "key": "updateData",
              "value": {
                "task": "job",
                "variable": "updateData"
              }
            }
          ]
        },
        "outgoing": {
          "merged_object": null
        }
      },
      "deprecated": false,
      "groups": [],
      "x": 0.6633027522935779,
      "y": 1.001531393568147
    },
    "b40f": {
      "name": "query",
      "canvasName": "query",
      "summary": "Query error from Results",
      "description": "Query error from Results",
      "location": "Application",
      "locationType": null,
      "app": "WorkFlowEngine",
      "type": "operation",
      "displayName": "WorkFlowEngine",
      "variables": {
        "incoming": {
          "pass_on_null": false,
          "query": "error",
          "obj": "$var.69e.job_details"
        },
        "outgoing": {
          "return_data": "$var.job.error"
        },
        "error": "$var.job.error",
        "decorators": []
      },
      "deprecated": false,
      "groups": [],
      "x": 1.0275229357798166,
      "y": 0.7825421133231241,
      "scheduled": false
    },
    "4b29": {
      "name": "query",
      "canvasName": "query",
      "summary": "Query error from Results",
      "description": "Query error from Results",
      "location": "Application",
      "locationType": null,
      "app": "WorkFlowEngine",
      "type": "operation",
      "displayName": "WorkFlowEngine",
      "variables": {
        "incoming": {
          "pass_on_null": false,
          "query": "error",
          "obj": "$var.6f3d.job_details"
        },
        "outgoing": {
          "return_data": "$var.job.error"
        },
        "error": "$var.job.error",
        "decorators": []
      },
      "deprecated": false,
      "groups": [],
      "x": 1.0302752293577981,
      "y": 1.1745788667687596,
      "scheduled": false
    },
    "f219": {
      "name": "query",
      "canvasName": "query",
      "summary": "Query error from Results",
      "description": "Query error from Results",
      "location": "Application",
      "locationType": null,
      "app": "WorkFlowEngine",
      "type": "operation",
      "displayName": "WorkFlowEngine",
      "variables": {
        "incoming": {
          "pass_on_null": false,
          "query": "error",
          "obj": "$var.2ba3.job_details"
        },
        "outgoing": {
          "return_data": "$var.job.error"
        },
        "error": "$var.job.error",
        "decorators": []
      },
      "deprecated": false,
      "groups": [],
      "x": 1.0422018348623854,
      "y": 2.0183767228177643,
      "scheduled": false
    },
    "ff7f": {
      "name": "query",
      "canvasName": "query",
      "summary": "Query error from Results",
      "description": "Query error from Results",
      "location": "Application",
      "locationType": null,
      "app": "WorkFlowEngine",
      "type": "operation",
      "displayName": "WorkFlowEngine",
      "variables": {
        "incoming": {
          "pass_on_null": false,
          "query": "data",
          "obj": "$var.69e.job_details"
        },
        "outgoing": {
          "return_data": "$var.job.data"
        },
        "error": "$var.job.error",
        "decorators": []
      },
      "deprecated": false,
      "groups": [],
      "x": 1.0247706422018348,
      "y": 0.5742725880551302,
      "scheduled": false
    },
    "1cb6": {
      "name": "query",
      "canvasName": "query",
      "summary": "Query error from Results",
      "description": "Query error from Results",
      "location": "Application",
      "locationType": null,
      "app": "WorkFlowEngine",
      "type": "operation",
      "displayName": "WorkFlowEngine",
      "variables": {
        "incoming": {
          "pass_on_null": false,
          "query": "data",
          "obj": "$var.6f3d.job_details"
        },
        "outgoing": {
          "return_data": "$var.job.data"
        },
        "error": "$var.job.error",
        "decorators": []
      },
      "deprecated": false,
      "groups": [],
      "x": 1.028440366972477,
      "y": 0.9846860643185299,
      "scheduled": false
    },
    "4d89": {
      "name": "query",
      "canvasName": "query",
      "summary": "Query error from Results",
      "description": "Query error from Results",
      "location": "Application",
      "locationType": null,
      "app": "WorkFlowEngine",
      "type": "operation",
      "displayName": "WorkFlowEngine",
      "variables": {
        "incoming": {
          "pass_on_null": false,
          "query": "data",
          "obj": "$var.2ba3.job_details"
        },
        "outgoing": {
          "return_data": "$var.job.data"
        },
        "error": "$var.job.error",
        "decorators": []
      },
      "deprecated": false,
      "groups": [],
      "x": 1.0376146788990825,
      "y": 1.782542113323124,
      "scheduled": false
    },
    "7d13": {
      "name": "merge",
      "canvasName": "merge",
      "summary": "Place Holder - E80",
      "description": "Place Holder - E80",
      "location": "Application",
      "locationType": null,
      "app": "WorkFlowEngine",
      "type": "operation",
      "displayName": "WorkFlowEngine",
      "variables": {
        "incoming": {
          "data_to_merge": [
            {
              "key": "",
              "value": {
                "task": "static",
                "variable": ""
              }
            }
          ]
        },
        "outgoing": {
          "merged_object": null
        }
      },
      "deprecated": false,
      "groups": [],
      "x": 1.044954128440367,
      "y": 2.7993874425727414
    },
    "df1a": {
      "name": "evaluation",
      "canvasName": "evaluation",
      "summary": "Action : add - Already Added",
      "description": "Action : add - Already Added",
      "location": "Application",
      "locationType": null,
      "app": "WorkFlowEngine",
      "type": "operation",
      "displayName": "WorkFlowEngine",
      "variables": {
        "incoming": {
          "all_true_flag": false,
          "evaluation_groups": [
            {
              "all_true_flag": true,
              "evaluations": [
                {
                  "query": "",
                  "operand_1": {
                    "variable": "validateState",
                    "task": "job"
                  },
                  "operator": "==",
                  "operand_2": {
                    "variable": true,
                    "task": "static"
                  },
                  "rightQuery": ""
                },
                {
                  "query": "",
                  "operand_1": {
                    "variable": "action",
                    "task": "job"
                  },
                  "operator": "==",
                  "operand_2": {
                    "variable": "add",
                    "task": "static"
                  },
                  "rightQuery": ""
                }
              ]
            }
          ]
        },
        "outgoing": {
          "return_value": null
        }
      },
      "deprecated": false,
      "groups": [],
      "x": 0.5868852459016394,
      "y": 2.17984496124031
    },
    "dedb": {
      "name": "stub",
      "canvasName": "stub",
      "summary": "Device Already Exists",
      "description": "Device Already Exists",
      "location": "Application",
      "locationType": null,
      "app": "WorkFlowEngine",
      "type": "automatic",
      "displayName": "Tools",
      "variables": {
        "incoming": {
          "type": "success",
          "delay": "",
          "response": "Device Already Exists"
        },
        "outgoing": {
          "response": "$var.job.reason"
        },
        "error": "",
        "decorators": []
      },
      "deprecated": false,
      "groups": [],
      "actor": "Pronghorn",
      "x": 0.7811475409836065,
      "y": 2.1984496124031008,
      "scheduled": false
    },
    "59f7": {
      "name": "merge",
      "canvasName": "merge",
      "summary": "Place Holder - E40",
      "description": "Place Holder - E40",
      "location": "Application",
      "locationType": null,
      "app": "WorkFlowEngine",
      "type": "operation",
      "displayName": "WorkFlowEngine",
      "variables": {
        "incoming": {
          "data_to_merge": [
            {
              "key": "",
              "value": {
                "task": "static",
                "variable": ""
              }
            }
          ]
        },
        "outgoing": {
          "merged_object": null
        }
      },
      "deprecated": false,
      "groups": [],
      "x": 1.3751263902932256,
      "y": 2.228247162673392
    }
  },
  "transitions": {
    "1985": {
      "2acf": {
        "type": "standard",
        "state": "success"
      }
    },
    "3312": {
      "4eff": {
        "type": "standard",
        "state": "failure"
      },
      "34d": {
        "type": "standard",
        "state": "success"
      }
    },
    "4353": {
      "f27d": {
        "type": "standard",
        "state": "success"
      }
    },
    "5352": {
      "c598": {
        "type": "standard",
        "state": "success"
      }
    },
    "5777": {
      "1ed2": {
        "type": "standard",
        "state": "success"
      }
    },
    "7258": {
      "9073": {
        "type": "standard",
        "state": "success"
      }
    },
    "9073": {
      "85c0": {
        "type": "standard",
        "state": "success"
      }
    },
    "workflow_start": {
      "15c2": {
        "type": "standard",
        "state": "success"
      },
      "87cc": {
        "type": "standard",
        "state": "success"
      }
    },
    "workflow_end": {},
    "d895": {},
    "c8c8": {
      "f27a": {
        "type": "standard",
        "state": "failure"
      },
      "69e": {
        "type": "standard",
        "state": "success"
      }
    },
    "f18d": {},
    "74c8": {},
    "a0dc": {
      "1ed2": {
        "type": "standard",
        "state": "success"
      }
    },
    "e5e8": {
      "7d16": {
        "type": "standard",
        "state": "success"
      }
    },
    "15c2": {
      "5a33": {
        "type": "standard",
        "state": "success"
      }
    },
    "625c": {
      "workflow_end": {
        "type": "standard",
        "state": "success"
      }
    },
    "45b8": {
      "239b": {
        "type": "standard",
        "state": "success"
      }
    },
    "239b": {
      "625c": {
        "type": "standard",
        "state": "success"
      }
    },
    "5a33": {
      "5352": {
        "type": "standard",
        "state": "success"
      }
    },
    "87cc": {},
    "85c0": {
      "40a7": {
        "type": "standard",
        "state": "success"
      }
    },
    "ea89": {
      "cd42": {
        "type": "standard",
        "state": "success"
      },
      "a0dc": {
        "type": "standard",
        "state": "failure"
      }
    },
    "6c87": {
      "b6cd": {
        "type": "standard",
        "state": "success"
      },
      "a0dc": {
        "type": "standard",
        "state": "failure"
      }
    },
    "cd42": {
      "6c87": {
        "type": "standard",
        "state": "success"
      },
      "a0dc": {
        "type": "standard",
        "state": "failure"
      }
    },
    "83b": {
      "ea89": {
        "type": "standard",
        "state": "success"
      }
    },
    "b6cd": {
      "7258": {
        "type": "standard",
        "state": "failure"
      },
      "40a7": {
        "type": "standard",
        "state": "success"
      }
    },
    "40a7": {
      "ef88": {
        "type": "standard",
        "state": "success"
      }
    },
    "d3ec": {
      "f4a1": {
        "type": "standard",
        "state": "failure"
      },
      "ff7f": {
        "type": "standard",
        "state": "success"
      }
    },
    "f45a": {
      "625c": {
        "type": "standard",
        "state": "success"
      }
    },
    "80d5": {
      "1985": {
        "type": "standard",
        "state": "success"
      },
      "a3f5": {
        "type": "standard",
        "state": "failure"
      }
    },
    "f27a": {
      "80d5": {
        "type": "standard",
        "state": "failure"
      },
      "9ec5": {
        "type": "standard",
        "state": "success"
      }
    },
    "a3f5": {
      "2ba3": {
        "type": "standard",
        "state": "success"
      },
      "df1a": {
        "type": "standard",
        "state": "failure"
      }
    },
    "b216": {
      "c8c8": {
        "type": "standard",
        "state": "success"
      },
      "105c": {
        "type": "standard",
        "state": "failure"
      }
    },
    "9f89": {
      "1cf6": {
        "type": "standard",
        "state": "failure"
      },
      "1cb6": {
        "type": "standard",
        "state": "success"
      }
    },
    "7c86": {
      "f45a": {
        "type": "standard",
        "state": "success"
      }
    },
    "c972": {
      "f45a": {
        "type": "standard",
        "state": "success"
      }
    },
    "2acf": {
      "c972": {
        "type": "standard",
        "state": "success"
      },
      "2e5c": {
        "type": "standard",
        "state": "failure"
      }
    },
    "e403": {
      "22a0": {
        "type": "standard",
        "state": "failure"
      },
      "4d89": {
        "type": "standard",
        "state": "success"
      }
    },
    "21b9": {
      "f45a": {
        "type": "standard",
        "state": "success"
      }
    },
    "1ed2": {
      "7d16": {
        "type": "standard",
        "state": "success"
      }
    },
    "7d16": {
      "45b8": {
        "type": "standard",
        "state": "success"
      }
    },
    "34d": {
      "c8c8": {
        "type": "standard",
        "state": "success"
      }
    },
    "4eff": {
      "c8c8": {
        "type": "standard",
        "state": "success"
      }
    },
    "193a": {
      "83b": {
        "type": "standard",
        "state": "success"
      }
    },
    "fe7b": {
      "e5e8": {
        "type": "standard",
        "state": "failure"
      },
      "4e23": {
        "type": "standard",
        "state": "success"
      }
    },
    "4e23": {
      "4353": {
        "type": "standard",
        "state": "success"
      }
    },
    "c598": {
      "fefe": {
        "type": "standard",
        "state": "success"
      }
    },
    "fefe": {
      "193a": {
        "type": "standard",
        "state": "success"
      }
    },
    "3ed1": {
      "f27d": {
        "type": "standard",
        "state": "success"
      }
    },
    "f4a1": {
      "b40f": {
        "type": "standard",
        "state": "success"
      }
    },
    "1cf6": {
      "4b29": {
        "type": "standard",
        "state": "success"
      }
    },
    "eb91": {
      "f27d": {
        "type": "standard",
        "state": "success"
      }
    },
    "2e5c": {
      "6bed": {
        "type": "standard",
        "state": "success"
      }
    },
    "6bed": {
      "f27d": {
        "type": "standard",
        "state": "success"
      }
    },
    "22a0": {
      "f219": {
        "type": "standard",
        "state": "success"
      }
    },
    "fd63": {
      "f27d": {
        "type": "standard",
        "state": "success"
      }
    },
    "f27d": {
      "7d16": {
        "type": "standard",
        "state": "success"
      }
    },
    "69e": {
      "d3ec": {
        "type": "standard",
        "state": "success"
      }
    },
    "ef88": {
      "b216": {
        "type": "standard",
        "state": "success"
      }
    },
    "105c": {
      "3312": {
        "type": "standard",
        "state": "success"
      },
      "5777": {
        "type": "standard",
        "state": "error"
      }
    },
    "2ba3": {
      "e403": {
        "type": "standard",
        "state": "success"
      }
    },
    "6f3d": {
      "9f89": {
        "type": "standard",
        "state": "success"
      }
    },
    "9ec5": {
      "6f3d": {
        "type": "standard",
        "state": "success"
      }
    },
    "b40f": {
      "3ed1": {
        "type": "standard",
        "state": "success"
      },
      "7d13": {
        "type": "standard",
        "state": "failure"
      }
    },
    "4b29": {
      "eb91": {
        "type": "standard",
        "state": "success"
      },
      "7d13": {
        "type": "standard",
        "state": "failure"
      }
    },
    "f219": {
      "fd63": {
        "type": "standard",
        "state": "success"
      },
      "7d13": {
        "type": "standard",
        "state": "failure"
      }
    },
    "ff7f": {
      "f45a": {
        "type": "standard",
        "state": "success"
      },
      "7d13": {
        "type": "standard",
        "state": "failure"
      }
    },
    "1cb6": {
      "7c86": {
        "type": "standard",
        "state": "success"
      },
      "7d13": {
        "type": "standard",
        "state": "failure"
      }
    },
    "4d89": {
      "21b9": {
        "type": "standard",
        "state": "success"
      },
      "7d13": {
        "type": "standard",
        "state": "failure"
      }
    },
    "7d13": {
      "7d16": {
        "type": "standard",
        "state": "success"
      }
    },
    "f480": {},
    "bcd7": {},
    "df1a": {
      "fe7b": {
        "type": "standard",
        "state": "failure"
      },
      "dedb": {
        "type": "standard",
        "state": "success"
      }
    },
    "dedb": {
      "59f7": {
        "type": "standard",
        "state": "success"
      }
    },
    "59f7": {
      "f27d": {
        "type": "standard",
        "state": "success"
      }
    }
  },
  "type": "automation",
  "tags": [],
  "groups": [],
  "migrationVersion": 1
}