{
  "name": "TESTAdapter_ParagonPathfinder",
  "type": "automation",
  "tasks": {
    "1530": {
      "name": "stub",
      "canvasName": "stub",
      "summary": "Paragon README",
      "description": "This workflow tests the PARAGON SET and DELETE.\nA sample payload is provided for the Set.\nThe query of the UUID is the input for the Delete.",
      "location": "Application",
      "locationType": null,
      "app": "WorkFlowEngine",
      "type": "automatic",
      "displayName": "Tools",
      "variables": {
        "incoming": {
          "type": "success",
          "delay": "",
          "response": "READ Full Description"
        },
        "outgoing": {
          "response": null
        },
        "error": "",
        "decorators": []
      },
      "deprecated": false,
      "groups": [],
      "actor": "Pronghorn",
      "x": 0.006430868167202572,
      "y": 0.3087248322147651,
      "scheduled": false
    },
    "4534": {
      "name": "query",
      "canvasName": "query",
      "summary": "getUUID",
      "description": "Query Response to get the Parent UUID so we can run the delete",
      "location": "Application",
      "locationType": null,
      "app": "WorkFlowEngine",
      "type": "operation",
      "displayName": "WorkFlowEngine",
      "variables": {
        "incoming": {
          "pass_on_null": false,
          "query": "response.devices_result.success_devices[0].device.uuid",
          "obj": "$var.717c.result"
        },
        "outgoing": {
          "return_data": null
        },
        "error": "",
        "decorators": []
      },
      "deprecated": false,
      "groups": [],
      "x": 0.4622186495176849,
      "y": 0.5020134228187919,
      "scheduled": false
    },
    "workflow_start": {
      "name": "workflow_start",
      "groups": [],
      "x": 0,
      "y": 0.5
    },
    "workflow_end": {
      "name": "workflow_end",
      "groups": [],
      "x": 0.8546655656482246,
      "y": 0.48494983277591974
    },
    "b480": {
      "name": "devicemodelServiceDeleteDevice",
      "canvasName": "devicemodelServiceDeleteDevice",
      "summary": "Delete device by ID",
      "description": "Delete device by ID",
      "location": "Adapter",
      "locationType": "ParagonPathfinder",
      "app": "ParagonPathfinder",
      "type": "automatic",
      "displayName": "ParagonPathfinder",
      "variables": {
        "incoming": {
          "iD": "$var.4534.return_data",
          "adapter_id": "ParagonPathfinder"
        },
        "outgoing": {
          "result": null
        },
        "error": "",
        "decorators": []
      },
      "deprecated": false,
      "groups": [],
      "actor": "Pronghorn",
      "x": 0.6242774566473989,
      "y": 0.48606465997770343,
      "scheduled": false
    },
    "717c": {
      "name": "deviceOnboardingServiceAddDevices",
      "canvasName": "deviceOnboardingServiceAddDevices",
      "summary": "DeviceOnboardingService_AddDevices",
      "description": "DeviceOnboardingService_AddDevices",
      "location": "Adapter",
      "locationType": "ParagonPathfinder",
      "app": "ParagonPathfinder",
      "type": "automatic",
      "displayName": "ParagonPathfinder",
      "variables": {
        "incoming": {
          "body": "$var.6d14.value",
          "adapter_id": "ParagonPathfinder"
        },
        "outgoing": {
          "result": null
        },
        "error": "",
        "decorators": []
      },
      "deprecated": false,
      "groups": [],
      "actor": "Pronghorn",
      "x": 0.3159163987138264,
      "y": 0.49798657718120803,
      "scheduled": false
    },
    "6d14": {
      "name": "newVariable",
      "canvasName": "newVariable",
      "summary": "Create a Job Variable",
      "description": "Create a new Job variable by Job ID and assign it a value.",
      "location": "Application",
      "locationType": null,
      "app": "WorkFlowEngine",
      "type": "operation",
      "displayName": "WorkFlowEngine",
      "variables": {
        "incoming": {
          "name": "payloadScript",
          "value": {
            "activation_type": "MANUAL",
            "device_info": [
              {
                "device": {
                  "aux_system_info": {
                    "system_id": "cisco54",
                    "ipv4_address": "10.54.151.196"
                  },
                  "system_info": {
                    "host_name": "cisco54.bt.com"
                  },
                  "vendor": "CISCO",
                  "tags": [
                    {
                      "name": "site_name",
                      "value": "DC-1"
                    }
                  ],
                  "name": "cisco54",
                  "device_properties": [
                    {
                      "name": "site_name",
                      "value": "DC-1"
                    }
                  ]
                },
                "manageability": "UNMANAGED"
              }
            ]
          }
        },
        "outgoing": {
          "value": null
        }
      },
      "deprecated": false,
      "groups": [],
      "x": 0.1270096463022508,
      "y": 0.5033557046979866
    }
  },
  "transitions": {
    "1530": {},
    "4534": {
      "b480": {
        "type": "standard",
        "state": "success"
      }
    },
    "workflow_start": {
      "1530": {
        "type": "standard",
        "state": "success"
      },
      "6d14": {
        "type": "standard",
        "state": "success"
      }
    },
    "workflow_end": {},
    "b480": {
      "workflow_end": {
        "type": "standard",
        "state": "success"
      }
    },
    "717c": {
      "4534": {
        "type": "standard",
        "state": "success"
      }
    },
    "6d14": {
      "717c": {
        "type": "standard",
        "state": "success"
      }
    }
  },
  "font_size": 12,
  "last_updated": "2023-03-29T15:31:18.612Z",
  "last_updated_by": {
    "provenance": "local_aaa",
    "username": "admin@pronghorn",
    "firstname": "admin",
    "inactive": false
  },
  "lastUpdatedVersion": "5.44.64-2022.1.27.0",
  "inputSchema": {
    "type": "object",
    "properties": {}
  },
  "outputSchema": {
    "type": "object",
    "properties": {
      "_id": {
        "type": "string",
        "pattern": "^[0-9a-f]{24}$"
      },
      "initiator": {
        "type": "string"
      },
      "payloadScript": {
        "type": "object",
        "properties": {
          "activation_type": {
            "type": "string"
          },
          "device_info": {
            "type": "array",
            "items": {
              "type": "object",
              "properties": {
                "device": {
                  "type": "object",
                  "properties": {
                    "aux_system_info": {
                      "type": "object",
                      "properties": {
                        "system_id": {
                          "type": "string"
                        },
                        "ipv4_address": {
                          "type": "string"
                        }
                      }
                    },
                    "system_info": {
                      "type": "object",
                      "properties": {
                        "host_name": {
                          "type": "string"
                        }
                      }
                    },
                    "vendor": {
                      "type": "string"
                    },
                    "tags": {
                      "type": "array",
                      "items": {
                        "type": "object",
                        "properties": {
                          "name": {
                            "type": "string"
                          },
                          "value": {
                            "type": "string"
                          }
                        }
                      }
                    },
                    "name": {
                      "type": "string"
                    },
                    "device_properties": {
                      "type": "array",
                      "items": {
                        "type": "object",
                        "properties": {
                          "name": {
                            "type": "string"
                          },
                          "value": {
                            "type": "string"
                          }
                        }
                      }
                    }
                  }
                },
                "manageability": {
                  "type": "string"
                }
              }
            }
          }
        }
      }
    }
  },
  "created": "2023-03-23T19:07:54.956Z",
  "created_by": {
    "provenance": "local_aaa",
    "username": "admin@pronghorn",
    "firstname": "admin",
    "inactive": false
  },
  "createdVersion": "5.44.64-2022.1.29.0",
  "preAutomationTime": 0,
  "sla": 0,
  "canvasVersion": 1,
  "tags": [],
  "groups": [],
  "migrationVersion": 1
}